"cl","n","pct_P10","top1","r1","top2","r2","cell_vote","cell_vote_frac"
"0",1694,39.3,"318 Astro-NT NN",0.786,"319 Astro-TE NN",0.776,"318 Astro-NT NN",0.61
"1",1144,60.9,"064 STR-PAL Chst9 Gaba",0.707,"080 CEA-AAA-BST Six3 Sp9 Gaba",0.706,"064 STR-PAL Chst9 Gaba",0.21
"2",1129,45.1,"064 STR-PAL Chst9 Gaba",0.749,"063 STR D1 Sema5a Gaba",0.715,"064 STR-PAL Chst9 Gaba",0.93
"3",1090,13,"334 Microglia NN",0.732,"326 OPC NN",0.518,"334 Microglia NN",0.94
"4",997,23.6,"326 OPC NN",0.788,"042 OB-out Frmd7 Gaba",0.58,"326 OPC NN",1
"5",995,52.5,"012 MEA Slc17a7 Glut",0.687,"037 DG Glut",0.687,"064 STR-PAL Chst9 Gaba",0.25
"6",965,59.9,"014 LA-BLA-BMA-PA Glut",0.667,"012 MEA Slc17a7 Glut",0.665,"014 LA-BLA-BMA-PA Glut",0.41
"7",948,63.4,"014 LA-BLA-BMA-PA Glut",0.67,"037 DG Glut",0.658,"014 LA-BLA-BMA-PA Glut",0.71
"8",877,53.7,"054 STR Prox1 Lhx6 Gaba",0.673,"055 STR Lhx8 Gaba",0.663,"054 STR Prox1 Lhx6 Gaba",0.37
"9",774,49.1,"037 DG Glut",0.696,"012 MEA Slc17a7 Glut",0.696,"012 MEA Slc17a7 Glut",0.4
"10",736,8.3,"064 STR-PAL Chst9 Gaba",0.663,"073 MEA-BST Sox6 Gaba",0.65,"064 STR-PAL Chst9 Gaba",0.19
"11",633,47.7,"113 MEA-COA-BMA Ccdc42 Glut",0.706,"073 MEA-BST Sox6 Gaba",0.695,"113 MEA-COA-BMA Ccdc42 Glut",0.78
"12",525,56.6,"012 MEA Slc17a7 Glut",0.681,"014 LA-BLA-BMA-PA Glut",0.681,"014 LA-BLA-BMA-PA Glut",0.42
"13",525,39.8,"319 Astro-TE NN",0.708,"318 Astro-NT NN",0.705,"319 Astro-TE NN",0.48
"14",492,77.6,"062 STR D2 Gaba",0.71,"064 STR-PAL Chst9 Gaba",0.698,"062 STR D2 Gaba",0.63
"15",398,44.7,"046 Vip Gaba",0.71,"047 Sncg Gaba",0.647,"046 Vip Gaba",0.8
"16",374,52.1,"064 STR-PAL Chst9 Gaba",0.731,"039 OB Meis2 Thsd7b Gaba",0.696,"064 STR-PAL Chst9 Gaba",0.88
"17",347,21.6,"037 DG Glut",0.659,"012 MEA Slc17a7 Glut",0.657,"037 DG Glut",0.3
"18",282,2.8,"327 Oligo NN",0.724,"326 OPC NN",0.563,"327 Oligo NN",0.82
"19",262,39.7,"326 OPC NN",0.739,"042 OB-out Frmd7 Gaba",0.575,"326 OPC NN",0.96
"20",227,41.4,"333 Endo NN",0.735,"326 OPC NN",0.51,"333 Endo NN",0.74
"21",178,1.1,"073 MEA-BST Sox6 Gaba",0.619,"014 LA-BLA-BMA-PA Glut",0.616,"038 DG-PIR Ex IMN",0.12
"22",145,39.3,"049 Lamp5 Gaba",0.7,"050 Lamp5 Lhx6 Gaba",0.687,"049 Lamp5 Gaba",0.55
"23",138,29.7,"038 DG-PIR Ex IMN",0.762,"009 L2/3 IT PIR-ENTl Glut",0.652,"038 DG-PIR Ex IMN",0.75
"24",105,44.8,"064 STR-PAL Chst9 Gaba",0.732,"063 STR D1 Sema5a Gaba",0.703,"064 STR-PAL Chst9 Gaba",0.51
"25",102,46.1,"323 Ependymal NN",0.721,"318 Astro-NT NN",0.469,"323 Ependymal NN",0.93
"26",102,62.7,"064 STR-PAL Chst9 Gaba",0.719,"039 OB Meis2 Thsd7b Gaba",0.685,"064 STR-PAL Chst9 Gaba",0.84
"27",101,32.7,"331 Peri NN",0.701,"326 OPC NN",0.567,"331 Peri NN",0.61
"28",89,62.9,"326 OPC NN",0.764,"042 OB-out Frmd7 Gaba",0.583,"326 OPC NN",0.97
"29",86,59.3,"326 OPC NN",0.761,"318 Astro-NT NN",0.659,"326 OPC NN",0.97
"30",81,80.2,"038 DG-PIR Ex IMN",0.662,"326 OPC NN",0.65,"045 OB-STR-CTX Inh IMN",0.28
"31",65,67.7,"064 STR-PAL Chst9 Gaba",0.715,"326 OPC NN",0.707,"064 STR-PAL Chst9 Gaba",0.6
"32",56,30.4,"326 OPC NN",0.747,"318 Astro-NT NN",0.653,"326 OPC NN",0.59
"33",42,57.1,"029 L6b CTX Glut",0.671,"030 L6 CT CTX Glut",0.671,"027 L6b EPd Glut",0.26
