"cluster","top"
"0","Nhsl1 Slc1a3 Rorb Gm20713 Slc1a2 Plpp3 Atp1a2 Paqr8 Slc4a4 Nwd1 Gpc5 Htra1"
"1","D030068K23Rik Scn5a Nhs Unc5d Zfp804b B230217J21Rik Cdh18 Usp29 Zfp804a Vat1l Xkr6 Cacna2d2"
"2","Foxp2 Gm45680 B020031H02Rik Pbx3 Olfm3 C79798 Tshz1 Sv2c 6530403H02Rik Chst9 Meis2 Vwc2l"
"3","Inpp5d Hexb Arhgap45 Adap2 Siglech Csf1r Ikzf1 Slco2b1 Ly86 Apbb1ip Fyb Dock8"
"4","Pdgfra Cspg4 Gm2164 Stk32a Lhfpl3 Gm4876 Epn2 Megf11 Sox10 Arhgap31 Gm42948 Nxph1"
"5","Gm42303 Gm28376 Adamtsl1 Slit3 Gm49678 Tafa1 Gm43507 C1ql3 Gm11418 Gm11099 Trpc5 4921534H16Rik"
"6","Tshz2 Rmst Adamtsl1 L3mbtl4 Fras1 Cntn6 Rgs6 Cpne8 Gm27151 Kctd16 Ldb2 Lmo3"
"7","Adamtsl1 C1ql3 Pou6f2 Adamts2 Il1rapl2 Gm34544 Gm49678 Rspo2 Man1a Cdh9 2310002F09Rik Cdh8"
"8","Nxph1 Cntnap3 Kcnmb2 Moxd1 Ndst4 Maf Col19a1 Cntnap4 Kcnc2 Tmem132c Alk Gm17171"
"9","Slit3 Dgkg Gm15261 Car10 Tafa1 Ptprk 4930419G24Rik Prr16 Bcl11b Arhgap6 Ak5 Sv2b"
"10","Snhg11 Sidt1 Gabrg2 Morf4l1 9330182L06Rik Gng2 Celf5 Maco1 Gabra3 Pam Wasf1 Plppr4"
"11","B230217J21Rik Vwa5b1 Zbtb7c Zfp804b Scn5a Gm28905 Rmst Htr2c Gm36431 Nos1 Nova1 Car10"
"12","A830018L16Rik Gm36251 Cdh8 Hs6st3 Gm13986 Slit3 Tshz3 Gm42303 Oxr1 Gm49678 Gm26854 Sv2b"
"13","8030451A03Rik Tnc Slc1a3 Veph1 Msi2 Gm29260 Gm10561 Lama2 Gm973 Adgrv1 Plpp3 Slc1a2"
"14","Rarb Adora2a Pde7b Pde1c Slc35f3 Gnal Gng7 Bcl11a Foxp1 Mei4 Tmtc1 Elmod1"
"15","Adarb2 Dlx6os1 Btbd11 Synpr Zmat4 Adra1b Igf1 Cnr1 Zfp536 Zbtb16 Grip1os2 Gm47027"
"16","Foxp2 Pbx3 Kcnh5 C79798 Tshz1 Zfp804b Pld5 Meis2 Chrm2 Chst9 Sdk2 Htr1f"
"17","Tafa1 Slit3"
"18","Mag Rnf220 St18 Cldn14 Mog Sec14l5 Plp1 Galnt5 Gm12828 Prr5l Cldn11 Mobp"
"19","Bcas1os2 Bcas1 Enpp6 Arhgap24 Ust Abtb2 Itpr2 Gm45600 Tns3 Fa2h Sirt2 St18"
"20","Flt1 Mecom Slco1a4 Adgrl4 Lef1 Ptprb Abcb1a Zfp366 Hmcn1 Apcdd1 Adgrf5 Cyyr1"
"21","mt-Co1 mt-Nd4 mt-Co2 mt-Cytb mt-Nd2 mt-Atp6 mt-Nd1 mt-Co3 mt-Nd5 Fth1 Mobp mt-Nd3"
"22","Zmat4 Zfp536 Pde11a Gm28153 Kit Hcrtr2 Gad2 Hapln1 Alk Crispld1 Fgf13 Adamts17"
"23","Epha3 2610307P16Rik Antxr2 Tfap2d Deptor Frmd4b Pantr1 5730522E02Rik Klhl29 A830082K12Rik Bcl11a Nr2f1"
"24","Inpp5d Ly86 Apbb1ip Hexb Gm2245 Arhgap45 Adap2os Myo1f Adap2 Itgb5 Fyb Fli1"
"25","Tmem212 Dnah12 C230072F16Rik Cfap299 Dnah6 Unc5cl Wdr63 Ak7 Frmpd2 Ccdc170 2010001K21Rik Dnah11"
"26","Foxp2 Gm45680 B020031H02Rik C79798 Pbx3 Tshz1 Olfm3 8030451A03Rik Meis2 Bcl11a Grm8 Grm3"
"27","Atp13a5 Slc6a20a Slc38a11 Carmn Ebf1 Tbx3os1 Egflam Cped1 Phldb2 Colec12 Vtn Cald1"
"28","Top2a Knl1 Diaph3 Gm12811 Pdgfra Kif4 Mis18bp1 Kif15 Esco2 Ckap2 Kif11 Kif20b"
"29","Nhsl1 Rorb Sox6 Gm20713 Pdgfra Gpc5 C030005K06Rik Gm12239 Lhfpl3 Maml2 Slc1a2 Gm4876"
"30","Top2a Knl1 Lockd Cenpf Neil3 Rad51b Cenpe Kif23 Smc4 Kif11 Mis18bp1 Kif15"
"31","Foxp2 B020031H02Rik Tshz1 Pbx3 Gm45680 Pdgfra Olfm3 Gm38505 C79798 Meis2 Lhfpl3 Stk32a"
"32","Inpp5d Apbb1ip Ly86 Fli1 Mertk Siglech Fyb Slco2b1 Hexb Arhgap45 Epb41l2 Lair1"
"33","Satb2 9130024F11Rik Hs3st2 Mpped1 Lypd6b Sdk1 4933432K03Rik Chrm3 Cdh12 Galnt14 Sulf1 Gm17171"
