"","0","1","2","3","4","5","6","7","8","9","10","11","12","13","14","15","16","17","18","19","20","21","22","23","24","25","26","27","28","29","30","31","32","33"
"Snap25",14,70,78,17,41,89,74,85,70,82,34,72,81,17,67,64,78,50,25,23,18,29,87,46,72,16,71,19,31,35,27,75,41,90
"Slc17a7",4,5,4,3,4,49,36,48,6,43,11,12,47,4,4,4,3,23,5,3,8,31,3,14,6,3,5,1,7,1,5,2,5,43
"Slc17a6",1,9,1,0,1,16,11,9,2,12,1,27,9,1,1,0,2,3,0,0,1,2,1,22,11,0,0,0,1,0,1,2,0,2
"Gad1",2,21,33,2,8,16,2,4,45,2,7,4,3,2,19,48,33,3,4,5,4,8,70,3,17,3,29,2,4,2,1,38,9,2
"Gad2",3,42,37,3,3,28,3,5,57,2,9,3,6,3,47,55,32,1,6,3,4,4,88,4,33,2,33,2,7,5,7,31,0,2
"Tbr1",0,1,1,0,1,3,3,3,1,3,1,2,2,0,1,1,1,1,0,1,1,1,0,9,1,0,1,1,1,1,0,0,2,7
"Neurod6",1,1,1,1,1,7,4,10,1,1,2,0,5,1,1,0,0,2,0,1,0,1,1,2,2,0,2,0,1,2,0,0,0,10
"Satb1",9,11,4,4,15,33,49,32,24,5,7,8,18,12,4,13,5,9,13,13,4,8,2,31,6,15,10,4,9,20,10,22,16,12
"Rspo2",0,1,0,0,1,17,2,35,3,5,1,2,6,1,1,10,0,4,0,0,1,1,1,1,1,1,0,1,0,0,0,0,2,10
"Ppp1r1b",1,1,2,0,0,2,0,1,1,1,1,0,2,0,6,0,1,0,1,1,0,1,1,1,1,4,3,1,1,0,1,0,2,0
"Fezf2",1,0,0,0,0,5,5,8,0,4,0,1,4,2,0,1,1,3,0,1,1,0,1,1,0,5,0,0,0,1,0,2,2,2
"Lypd1",7,16,37,8,12,59,65,39,10,42,12,23,48,6,15,13,36,23,13,8,10,49,6,16,30,11,30,13,12,9,1,37,12,14
"Etv1",10,9,3,10,23,47,16,55,17,36,6,8,50,7,7,4,3,16,6,7,9,9,6,16,10,7,11,20,17,20,7,26,20,7
"Cck",3,7,3,4,4,18,9,12,3,9,4,7,13,3,3,17,3,6,5,2,6,28,5,7,8,4,1,3,0,1,0,6,4,21
"Lmo3",7,35,18,5,19,81,80,78,50,65,12,39,69,11,30,21,17,29,9,8,7,11,31,30,29,19,13,6,8,21,11,28,16,29
"Otof",2,24,62,2,3,52,31,45,8,29,7,29,13,2,28,4,53,14,7,3,4,2,3,2,41,2,49,2,4,3,1,45,2,7
"Satb2",1,2,1,2,1,7,1,2,5,4,1,2,22,2,1,1,1,3,3,0,3,2,0,1,4,1,1,1,1,2,1,2,2,88
"Nr4a2",0,1,0,1,0,4,1,2,1,3,1,0,3,0,0,1,0,0,1,1,2,3,0,0,1,0,1,1,0,0,0,0,2,33
"Car3",0,0,0,0,0,1,0,1,0,0,0,0,0,0,0,0,0,0,1,0,0,1,0,0,0,1,0,0,0,0,0,0,0,0
"Cux2",6,30,69,6,28,52,51,23,60,13,8,23,44,6,16,20,34,7,46,45,7,8,44,30,40,14,50,7,36,35,5,62,27,5
"Lhx9",0,2,0,0,0,2,0,1,0,3,0,8,2,0,0,0,0,1,0,0,0,0,0,1,1,0,0,0,0,0,0,0,0,0
"Nr2f2",13,15,4,3,5,43,34,39,9,32,4,32,34,13,4,21,3,12,6,4,16,15,8,17,15,24,15,30,3,14,7,11,5,5
"Prkcd",10,3,0,21,0,4,2,3,1,1,0,1,1,2,1,1,1,0,2,0,2,1,1,1,11,0,5,5,1,6,4,3,27,0
"Sst",2,7,3,4,3,7,3,4,34,3,4,3,3,4,2,5,2,3,4,3,3,8,5,3,3,2,5,3,3,3,5,2,5,0
"Crh",0,1,0,0,0,0,0,0,0,0,0,0,0,0,0,5,0,0,0,0,0,1,0,0,0,0,1,0,0,0,0,0,0,0
"Tac2",0,0,1,0,0,1,0,0,0,0,0,0,0,0,0,7,0,0,0,0,0,1,1,0,1,0,0,0,1,0,1,0,0,0
"Nts",0,6,0,0,0,2,0,1,1,1,1,3,0,0,1,1,0,0,0,1,4,0,1,1,2,0,0,4,1,0,0,0,0,0
"Penk",1,6,21,1,1,6,1,2,2,2,2,4,3,2,19,7,4,1,3,1,2,1,1,0,7,2,7,4,2,2,2,8,0,0
"Pdyn",0,2,3,0,0,1,0,1,1,0,0,0,0,0,1,0,1,0,0,0,0,0,1,0,3,0,1,0,1,0,0,2,0,0
"Tac1",0,4,2,0,1,2,0,1,2,2,1,2,2,1,6,2,1,1,0,0,0,0,1,0,3,2,3,0,1,1,0,2,0,0
"Six3",1,3,7,1,1,3,1,0,1,1,1,1,1,0,7,1,10,0,1,1,1,1,2,0,3,1,8,0,1,2,1,11,2,0
"Gpr88",1,3,8,0,1,3,4,2,1,1,1,1,3,1,12,1,3,1,0,1,1,5,1,3,3,2,5,4,0,1,0,9,0,2
"Drd1",0,2,11,0,0,7,2,9,3,1,1,3,2,0,5,2,3,2,1,0,0,1,4,1,6,2,8,0,2,1,0,8,0,12
"Drd2",0,4,0,0,0,3,1,1,3,2,0,1,2,0,25,0,0,1,0,0,1,1,1,0,3,2,0,0,0,0,0,0,0,2
"Adora2a",0,2,0,0,0,2,0,0,0,1,0,0,1,0,29,0,0,0,0,1,5,1,0,0,4,0,1,6,0,0,1,2,0,2
"Foxp2",5,27,95,4,10,33,6,9,12,9,12,10,11,6,34,11,96,5,10,15,9,6,10,8,58,6,93,27,19,12,9,97,4,24
"Tshz1",8,23,73,4,15,34,15,15,11,14,9,10,23,7,9,15,73,6,23,23,16,7,14,7,44,12,71,14,28,13,9,77,11,2
"Meis2",56,70,99,9,42,70,15,32,20,55,24,24,24,73,98,17,100,22,21,30,16,12,16,46,77,61,100,20,53,74,47,100,62,76
"Pbx3",12,59,96,23,16,55,23,22,17,18,17,33,25,12,30,45,95,7,26,13,31,4,36,32,70,8,93,28,37,22,51,95,30,14
"Chst9",9,12,60,3,12,32,8,10,8,33,7,10,14,4,6,4,61,10,8,5,11,1,8,1,40,13,48,1,6,9,2,49,5,7
"Lhx6",0,4,1,0,0,2,0,1,29,1,1,0,0,0,0,0,0,0,0,0,0,1,11,0,1,0,0,2,0,1,0,0,0,0
"Lhx8",0,1,0,0,0,0,0,0,0,0,0,0,0,0,0,0,0,0,0,0,0,0,0,0,0,0,0,0,0,0,0,0,0,0
"Sox6",73,26,6,3,93,43,9,12,94,7,8,9,14,72,12,10,5,5,15,96,14,4,14,9,11,86,70,18,98,98,49,89,84,10
"Nfib",81,21,50,9,47,78,32,60,55,82,19,17,75,69,13,72,85,29,42,35,62,18,91,39,40,63,80,33,63,88,57,65,66,93
"Pvalb",0,0,0,0,0,0,0,0,2,0,1,0,0,0,0,0,0,0,0,0,0,0,1,0,0,1,0,0,0,0,0,2,0,0
"Vip",1,0,0,0,0,2,0,1,0,0,1,0,1,0,0,23,0,1,1,2,0,1,0,0,1,0,1,1,1,0,1,0,0,0
"Npy",2,1,3,1,1,4,1,2,14,1,2,1,1,2,1,2,1,0,2,3,0,3,13,1,4,6,1,0,0,1,0,3,0,0
"Lamp5",0,3,6,1,1,7,2,3,1,2,1,3,10,0,6,1,14,2,1,0,0,1,33,1,9,0,7,0,0,0,0,6,0,0
"Sncg",0,0,0,0,0,0,0,0,0,0,0,0,0,0,0,0,0,0,0,0,0,0,0,0,0,0,0,0,0,0,0,0,0,0
"Calb2",1,3,1,1,1,6,1,4,4,5,1,8,2,0,1,9,1,2,1,2,1,0,1,1,2,0,4,0,7,1,1,2,2,7
"Reln",4,18,6,1,6,21,3,5,14,24,6,6,10,2,16,48,8,3,2,3,3,3,53,20,7,5,6,0,8,7,11,11,4,36
"Nos1",1,12,5,1,1,17,6,12,17,13,2,35,6,1,1,5,10,2,1,1,1,4,28,3,8,3,5,3,0,1,0,9,2,0
"Chodl",0,2,0,0,0,2,0,0,4,1,0,3,1,0,1,1,0,0,0,0,1,1,1,1,2,0,0,0,0,0,0,0,0,0
"Htr3a",0,0,0,0,0,1,0,1,0,0,0,0,0,0,0,9,1,0,0,0,0,0,3,0,0,1,1,0,0,0,0,0,0,2
"Dcx",2,25,32,2,15,43,31,29,37,25,8,25,31,3,22,23,35,9,7,7,2,4,28,24,21,3,30,5,13,12,12,29,4,48
"Sox11",4,14,9,1,6,30,18,28,10,16,4,10,19,4,12,12,12,7,2,4,2,4,5,30,10,5,11,2,6,2,11,9,2,14
"Neurod1",0,0,0,0,0,1,0,0,0,1,0,1,1,0,0,0,0,1,0,0,0,1,0,1,1,0,0,0,0,0,0,0,0,0
"Eomes",0,0,0,0,0,0,0,0,0,0,0,0,0,1,0,0,0,0,0,0,0,0,0,1,0,0,0,0,0,0,4,0,0,0
"Aqp4",21,2,6,2,3,4,1,1,2,1,1,1,1,4,1,3,1,1,1,2,4,7,3,0,3,35,14,1,1,23,1,3,9,0
"Gja1",43,3,0,1,1,9,1,2,2,2,2,1,2,25,1,2,1,1,4,5,18,9,1,1,1,37,35,8,2,34,5,2,20,2
"Gfap",6,1,1,0,1,3,1,0,1,0,0,1,1,11,0,0,0,0,0,0,1,6,1,0,0,4,6,1,1,5,1,2,2,0
"Olig2",3,1,0,0,12,2,1,2,1,1,0,1,1,1,2,1,1,1,7,8,1,2,1,1,0,2,0,1,17,14,1,8,11,0
"Pdgfra",2,3,1,1,79,9,4,3,4,2,1,1,2,1,3,4,1,2,3,7,4,3,3,2,6,2,3,16,80,62,2,68,45,2
"Bmp4",0,0,0,0,0,1,0,0,1,0,0,0,1,0,0,0,0,0,1,31,0,0,1,0,0,0,0,2,1,0,1,3,0,0
"Enpp6",0,0,0,0,0,5,2,2,1,1,0,1,1,0,0,0,1,0,36,63,0,1,0,1,0,1,0,0,0,3,2,3,0,0
"Mog",1,2,1,1,1,10,4,4,3,3,2,2,4,1,1,3,1,1,78,2,1,2,3,6,0,1,2,1,1,0,0,0,4,5
"Plp1",8,9,7,9,10,18,6,7,8,8,15,9,8,6,11,7,6,8,100,65,5,48,11,10,7,11,5,4,1,12,6,8,20,5
"Cx3cr1",3,9,8,64,4,24,10,14,12,12,1,9,9,3,7,9,7,3,13,3,4,3,10,3,56,49,12,6,1,5,33,5,52,12
"P2ry12",12,33,21,51,16,58,34,39,40,36,6,45,38,9,29,30,22,14,13,16,5,3,39,19,66,10,41,7,25,23,38,32,54,29
"Mrc1",0,0,1,6,0,2,1,1,1,1,0,1,1,0,1,1,0,0,0,0,0,0,1,1,12,0,0,0,0,0,15,2,0,0
"Cldn5",1,1,1,0,1,2,1,2,1,1,2,1,2,0,1,1,1,0,0,2,58,1,2,1,1,1,0,4,1,2,1,2,2,0
"Vtn",0,0,0,1,0,1,1,1,1,0,0,1,1,0,0,0,0,0,1,0,19,1,0,1,0,0,1,44,0,2,0,0,0,0
"Pdgfrb",12,1,0,0,0,4,1,1,1,1,0,0,1,11,1,1,0,0,1,0,22,0,1,0,0,4,11,55,3,12,4,0,11,2
"Dcn",0,1,0,0,0,4,1,3,0,9,0,1,1,0,0,0,0,1,0,0,0,0,0,0,0,0,1,5,0,1,1,0,0,0
"Foxj1",0,0,0,0,0,1,1,0,0,0,0,0,0,0,0,0,0,0,2,0,0,1,1,0,0,13,1,1,0,0,0,2,0,2
"Ttr",0,0,0,0,0,1,0,0,0,0,0,0,1,0,0,0,0,0,0,0,0,0,0,1,2,0,0,3,0,0,0,0,0,0
"Mki67",0,3,2,0,2,12,5,7,3,7,1,2,7,1,4,3,2,1,1,3,2,1,2,0,7,1,0,1,35,1,41,2,4,12
"Mef2c",31,54,64,82,26,92,95,61,68,76,26,54,91,39,72,69,70,44,29,20,48,26,80,47,87,24,74,44,38,41,69,66,73,31
