"gcl","n","P10","P21","nF","from_cl","allen_sup","allen_sup_frac","Slc17a7","Slc17a6","Tbr1","Neurod6","Rspo2","Ppp1r1b","Fezf2","Lypd1","Etv1","Cck","Lmo3","Otof","Tshz2","Satb1","Satb2","Nr4a2","Bcl11b","Lhx9","Lhx2","Nr2f2","Sema5a","Sema3e","Cdh9","Cdh8","Slit3","C1ql3","Trpc5","Npnt","Grp","Car3","Tfap2d","Sox11","Dcx","Penk","Htr2c","Nos1","Zfp804b","Mef2c","Gad2","Meis2","Foxp2"
"0",673,423,250,1645,"6/17","0062 LA-BLA-BMA-PA Glut_3",0.48,33,12,2,5,2,0,5,61,14,6,77,19,94,53,1,0,43,0,7,29,24,2,14,54,94,21,52,9,8,0,19,15,28,1,62,3,21,92,2,10,5
"1",673,388,285,3002,"5/12","0285 STR-PAL Chst9 Gaba_1",0.25,45,15,3,6,18,2,5,57,46,16,82,51,77,35,6,3,66,2,8,41,45,19,64,80,99,65,77,4,5,1,19,30,46,7,75,16,69,92,35,71,43
"2",632,297,335,1967,"11/12","0506 MEA-COA-BMA Ccdc42 Glut_2",0.33,13,27,2,0,2,0,0,23,7,7,39,29,63,8,2,0,11,8,2,33,50,9,21,53,91,23,49,1,0,0,5,10,25,4,78,36,85,54,3,23,10
"3",492,320,172,2308,"7/17","0062 LA-BLA-BMA-PA Glut_3",0.92,49,8,3,14,47,0,10,32,72,15,90,33,73,44,3,2,57,1,3,38,25,44,87,96,97,90,84,1,6,2,26,34,27,2,52,7,28,65,5,18,9
"4",463,245,218,2059,"12/6","0062 LA-BLA-BMA-PA Glut_3",0.46,47,9,2,5,5,2,5,51,48,14,70,13,43,17,19,2,48,1,1,35,10,3,31,89,96,58,70,0,4,0,9,19,30,2,54,4,37,92,2,15,6
"5",420,246,174,2101,"7/9","0136 DG Glut_1",0.28,41,9,4,6,14,1,4,38,40,8,58,51,42,11,2,1,58,0,10,38,43,4,43,63,98,72,65,1,2,0,20,18,26,2,76,19,27,53,3,60,7
"6",418,187,231,2173.5,"6/9","0136 DG Glut_1",0.38,49,7,4,2,4,1,3,67,15,15,73,66,71,17,3,2,64,2,7,36,31,2,51,54,98,55,68,3,3,0,6,19,28,1,60,19,40,89,2,36,7
"7",281,132,149,1944,"9/17","0136 DG Glut_1",0.58,41,20,1,1,4,0,5,56,44,8,68,29,43,4,2,4,63,1,2,39,21,2,44,30,96,70,61,2,11,1,6,16,25,4,70,5,24,67,2,42,10
"8",255,63,192,864,"17/9","0136 DG Glut_1",0.31,23,3,1,2,5,0,4,18,15,5,25,14,25,8,2,1,27,1,1,13,7,5,33,29,64,36,29,1,1,0,2,6,8,1,30,2,16,42,1,26,4
"9",250,149,101,2851.5,"5/7","0062 LA-BLA-BMA-PA Glut_3",0.25,44,16,4,5,16,1,7,52,48,12,74,42,70,30,7,4,62,0,10,50,34,11,54,69,99,61,71,4,5,0,15,29,34,4,62,11,42,88,14,79,16
"10",211,103,108,2034,"9/17","0055 MEA Slc17a7 Glut_1",0.38,44,8,3,0,7,2,4,24,36,9,62,16,13,5,1,2,73,8,10,24,5,0,49,42,98,32,66,1,0,0,4,12,23,0,30,15,25,83,2,41,7
"11",170,78,92,3041.5,"5/6","0062 LA-BLA-BMA-PA Glut_3",0.31,51,16,2,8,16,1,4,60,47,21,80,37,78,35,8,5,63,2,9,36,40,16,58,73,98,59,82,8,8,1,17,29,45,3,72,17,54,96,11,42,21
"12",164,113,51,2334.5,"5/6","1179 OPC NN_1",0.73,35,9,2,4,9,1,6,48,38,10,77,27,81,35,7,1,54,0,4,31,64,11,43,60,99,54,66,2,5,1,15,23,38,1,66,8,36,80,8,52,18
"13",130,37,93,1114,"23/12","0142 DG-PIR Ex IMN_3",0.62,15,24,9,2,2,2,1,18,19,7,33,2,46,35,2,0,42,0,6,15,29,4,5,22,36,6,18,4,0,0,32,31,26,0,26,5,12,45,5,44,8
"14",77,39,38,2331,"33/12","0104 L6b EPd Glut_2",0.14,51,6,9,8,14,1,3,23,12,21,42,9,17,14,75,30,60,0,3,18,42,17,39,38,52,34,39,5,3,0,3,21,34,3,35,5,35,53,5,64,23
"15",58,0,58,3641,"5/7","0062 LA-BLA-BMA-PA Glut_3",0.31,72,10,9,5,22,0,5,67,52,31,84,43,74,34,10,3,71,2,5,41,47,17,67,74,98,72,81,12,7,0,21,28,38,5,72,24,52,88,10,40,17
