"gcl","n","P10","P21","nF","from_cl","allen_sup","allen_sup_frac","Gad2","Slc17a7","Slc17a6","Foxp2","Tshz1","Meis2","Pbx3","Chst9","Six3","Sp9","Cyp26b1","Prkcd","Sst","Crh","Tac2","Nts","Penk","Pdyn","Tac1","Drd1","Drd2","Adora2a","Gpr88","Isl1","Ebf1","Lhx6","Lhx8","Nr2e1","Sox6","Nfib","Pvalb","Vip","Cck","Npy","Lamp5","Sncg","Calb2","Reln","Nos1","Chodl","Htr3a","Adarb2","Prox1","Kcnc2","Esr1","Otp","Mef2c","Pdgfra","Inpp5d","Slc1a3"
"0",1005,447,558,1589,"2/14","0287 STR-PAL Chst9 Gaba_3",0.44,38,4,1,95,73,99,96,59,7,5,1,0,3,0,1,0,22,3,3,12,0,0,9,0,1,0,0,0,6,48,0,0,3,3,6,0,1,5,5,0,0,96,0,69,5,0,63,1,1,3
"1",871,503,368,1758,"1/2","0285 STR-PAL Chst9 Gaba_1",0.13,45,5,8,32,25,67,58,13,3,3,4,1,7,1,0,3,5,2,4,3,4,2,3,1,10,5,1,2,23,20,0,0,8,1,3,0,3,20,13,1,0,65,3,43,13,0,56,1,1,4
"2",460,222,238,1468,"16/2","0285 STR-PAL Chst9 Gaba_1",0.47,32,3,1,96,73,99,96,62,10,5,1,1,2,0,0,0,5,1,0,3,0,0,3,0,2,0,0,0,6,83,0,0,3,1,12,0,1,8,10,0,1,86,0,26,2,0,70,1,1,5
"3",395,213,182,1827,"8/1","0238 Sst Chodl Gaba_1",0.28,60,5,1,13,12,22,18,7,2,5,2,1,58,1,0,1,3,1,1,5,5,1,1,0,2,34,0,1,95,45,0,1,5,25,1,0,6,21,16,7,0,27,4,88,9,0,57,2,2,11
"4",258,202,56,1481,"14/1","0275 STR D2 Gaba_2",0.68,43,5,1,14,7,99,21,7,10,6,15,0,3,0,0,0,21,0,0,2,29,40,11,0,1,0,0,0,7,9,0,0,3,1,7,0,1,12,1,1,0,19,1,55,3,0,79,2,1,2
"5",222,104,118,1937.5,"8/1","0233 STR Prox1 Lhx6 Gaba_1",0.42,64,7,3,11,8,15,18,9,0,8,0,0,9,0,0,1,2,0,6,1,0,0,1,0,2,28,0,0,94,49,6,0,2,2,1,0,3,7,22,1,0,20,1,96,8,0,81,2,0,9
"6",222,156,66,2094.5,"26/1","0285 STR-PAL Chst9 Gaba_1",0.27,36,7,4,59,43,87,68,29,6,5,3,5,11,0,0,2,6,0,4,6,1,3,4,1,7,4,0,8,74,77,0,0,2,2,4,0,3,14,9,0,0,72,7,55,6,0,75,3,3,86
"7",184,141,43,1548.5,"1/14","0368 CEA-BST Six3 Cyp26b1 Gaba_2",0.28,46,3,0,14,5,91,54,4,3,8,16,14,3,0,0,2,18,2,0,2,12,11,3,0,2,1,0,1,5,8,0,0,2,0,6,0,1,7,2,8,0,17,1,24,3,0,31,0,3,5
"8",176,76,100,1545.5,"15/1","0176 Vip Gaba_4",0.32,53,3,1,12,11,10,50,1,0,2,2,0,5,10,7,1,9,0,1,1,1,0,1,0,2,0,0,10,9,57,0,46,10,2,1,0,14,22,7,1,8,100,56,72,3,0,73,5,2,2
"9",149,111,38,1447,"14/8","0269 STR D1 Gaba_5",0.24,56,3,0,67,9,96,34,3,5,1,2,1,1,0,0,1,10,4,17,11,19,10,15,19,46,0,0,1,7,9,0,0,3,1,5,0,3,26,1,1,0,63,1,21,4,0,68,0,1,4
"10",143,56,87,1745,"22/15","0199 Lamp5 Gaba_1",0.52,87,3,2,11,14,16,38,8,1,8,2,0,5,0,2,1,1,1,3,3,2,0,1,0,2,11,0,3,13,92,1,1,6,13,33,0,1,52,28,1,2,90,34,52,3,0,81,3,1,20
"11",107,60,47,1630,"8/14","0234 STR Prox1 Lhx6 Gaba_2",0.32,49,6,3,10,8,11,8,3,0,7,4,1,8,1,1,2,1,1,0,2,3,1,1,0,1,22,4,1,96,77,0,0,1,4,1,0,5,6,10,0,0,17,14,72,2,0,58,2,1,29
"12",105,44,61,1543,"15/1","0173 Vip Gaba_1",0.5,74,6,0,10,26,16,55,4,2,0,0,0,9,2,0,1,9,0,2,1,0,1,0,0,2,0,0,13,6,91,0,4,9,1,1,0,10,75,5,2,9,97,12,91,17,0,66,1,0,9
"13",96,48,48,1790,"15/1","0181 Vip Gaba_9",0.36,42,6,0,8,10,22,24,7,1,3,2,1,3,0,8,0,3,0,0,1,0,0,1,1,2,0,0,9,5,78,0,3,38,3,1,1,0,68,3,0,14,100,31,66,10,1,59,2,2,8
"14",81,62,19,2040,"1/8","1179 OPC NN_1",0.72,44,5,4,38,23,74,44,17,4,4,5,0,20,0,1,4,9,0,2,5,10,12,5,2,15,12,0,4,98,56,0,2,5,4,2,0,6,20,11,2,1,75,10,58,10,0,60,65,1,26
"15",67,43,24,1800,"8/1","0204 Pvalb chandelier Gaba_1",0.78,34,4,1,7,7,16,9,4,3,6,3,0,6,0,0,1,0,1,0,1,0,0,0,0,1,19,0,1,75,93,7,0,1,1,1,0,0,7,9,0,0,24,1,94,1,1,97,3,0,3
"16",66,37,29,2487.5,"8/1","0285 STR-PAL Chst9 Gaba_1",0.2,47,6,5,30,33,42,52,21,5,3,0,17,21,0,2,3,8,0,2,6,2,2,3,0,5,12,0,3,67,59,0,2,6,9,12,0,3,24,17,5,2,64,15,76,12,0,94,5,65,20
"17",54,28,26,1990.5,"1/2","0285 STR-PAL Chst9 Gaba_1",0.15,11,0,35,7,72,59,89,15,2,4,0,0,6,0,0,54,0,0,0,0,0,0,4,0,7,2,0,0,28,11,0,0,6,0,2,0,2,7,4,0,0,28,2,61,22,0,57,2,7,4
