"sample","age","class","cell_type","n","frac_all","frac_class"
"P10s1","P10","Glutamatergic","BLA Glut Rspo2/Etv1",320,0.0530064601623323,0.15771315919172
"P10s1","P10","Glutamatergic","BLA Glut Tshz2/Satb1",423,0.070067914527083,0.208477082306555
"P10s1","P10","Glutamatergic","BLA Glut Cdh8/Tshz3",245,0.0405830710617857,0.120749137506161
"P10s1","P10","Glutamatergic","BLA Glut Fgf10/Nrp1",246,0.0407487162497929,0.121241991128635
"P10s1","P10","Glutamatergic","BLA Glut Otof/Trhr",187,0.0309756501573629,0.0921636274026614
"P10s1","P10","Glutamatergic","BLA Glut Vgll3/Prr16",132,0.0218651648169621,0.0650566781665845
"P10s1","P10","Glutamatergic","BMA Glut Slc17a6/Zfp804b",297,0.0491966208381647,0.146377525874815
"P10s1","P10","Glutamatergic","PA/BMAp Glut Esr1/Reln",103,0.0170614543647507,0.0507639231148349
"P10s1","P10","Glutamatergic","Immature Glut Igfbpl1/Epha3",37,0.00612887195626967,0.0182355840315426
"P10s1","P10","Glutamatergic","CLA/EPd-like Glut Satb2/Nr4a2",39,0.00646016233228425,0.0192212912764909
"P10s1","P10","GABAergic","ITC Foxp2/Tshz1 (a)",447,0.0740433990392579,0.194516971279373
"P10s1","P10","GABAergic","ITC Foxp2/Kcnh5 (b)",222,0.036773231737618,0.0966057441253264
"P10s1","P10","GABAergic","CeA/MeA GABA Meis2/Tshz2",503,0.0833195295676661,0.218885987815492
"P10s1","P10","GABAergic","CeA GABA Prkcd/Calcrl",141,0.0233559715090277,0.0613577023498695
"P10s1","P10","GABAergic","D2 SPN-like Adora2a",202,0.0334603279774723,0.0879025239338555
"P10s1","P10","GABAergic","D1 SPN-like Ebf1/Tac1",111,0.018386615868809,0.0483028720626632
"P10s1","P10","GABAergic","IN Sst",213,0.0352824250455524,0.0926892950391645
"P10s1","P10","GABAergic","IN Maf/Calb1 (Pvalb-lineage)",104,0.017227099552758,0.0452567449956484
"P10s1","P10","GABAergic","IN Moxd1/Gna14 (MGE)",60,0.0099387112804373,0.0261096605744125
"P10s1","P10","GABAergic","IN Pvalb chandelier",43,0.0071227430843134,0.0187119234116623
"P10s1","P10","GABAergic","IN Vip",76,0.0125890342885539,0.0330722367275892
"P10s1","P10","GABAergic","IN Reln/Npas1 (CGE)",44,0.00728838827232069,0.0191470844212359
"P10s1","P10","GABAergic","IN Cck/Cnr1 (CGE)",48,0.00795096902434984,0.02088772845953
"P10s1","P10","GABAergic","IN Lamp5",56,0.00927613052840815,0.0243690165361184
"P10s1","P10","GABAergic","Unresolved Nts/Pappa2",28,0.00463806526420407,0.0121845082680592
"P10s1","P10","Non-neuronal","Astrocyte",875,0.144939539506377,0.511695906432749
"P10s1","P10","Non-neuronal","Microglia",142,0.023521616697035,0.0830409356725146
"P10s1","P10","Non-neuronal","OPC",286,0.0473745237700845,0.167251461988304
"P10s1","P10","Non-neuronal","OPC cycling",56,0.00927613052840815,0.0327485380116959
"P10s1","P10","Non-neuronal","COP/NFOL",104,0.017227099552758,0.0608187134502924
"P10s1","P10","Non-neuronal","Oligodendrocyte",8,0.00132516150405831,0.00467836257309942
"P10s1","P10","Non-neuronal","Endothelial",94,0.0155706476726851,0.0549707602339181
"P10s1","P10","Non-neuronal","Pericyte/mural",33,0.00546629120424052,0.0192982456140351
"P10s1","P10","Non-neuronal","Ependymal",47,0.00778532383634255,0.0274853801169591
"P10s1","P10","Non-neuronal","Cycling progenitor",65,0.0107669372204737,0.0380116959064327
"P21s1","P21","Glutamatergic","BLA Glut Rspo2/Etv1",79,0.0315117670522537,0.116005873715125
"P21s1","P21","Glutamatergic","BLA Glut Tshz2/Satb1",109,0.0434782608695652,0.160058737151248
"P21s1","P21","Glutamatergic","BLA Glut Cdh8/Tshz3",78,0.03111288392501,0.114537444933921
"P21s1","P21","Glutamatergic","BLA Glut Fgf10/Nrp1",73,0.0291184682887914,0.1071953010279
"P21s1","P21","Glutamatergic","BLA Glut Otof/Trhr",99,0.039489429597128,0.145374449339207
"P21s1","P21","Glutamatergic","BLA Glut Vgll3/Prr16",62,0.0247307538891105,0.0910425844346549
"P21s1","P21","Glutamatergic","BMA Glut Slc17a6/Zfp804b",109,0.0434782608695652,0.160058737151248
"P21s1","P21","Glutamatergic","PA/BMAp Glut Esr1/Reln",30,0.0119664938173115,0.0440528634361234
"P21s1","P21","Glutamatergic","Immature Glut Igfbpl1/Epha3",27,0.0107698444355804,0.039647577092511
"P21s1","P21","Glutamatergic","CLA/EPd-like Glut Satb2/Nr4a2",15,0.00598324690865576,0.0220264317180617
"P21s1","P21","GABAergic","ITC Foxp2/Tshz1 (a)",210,0.0837654567211807,0.308370044052863
"P21s1","P21","GABAergic","ITC Foxp2/Kcnh5 (b)",82,0.0327084164339848,0.120411160058737
"P21s1","P21","GABAergic","CeA/MeA GABA Meis2/Tshz2",101,0.0402871958516155,0.148311306901615
"P21s1","P21","GABAergic","CeA GABA Prkcd/Calcrl",19,0.00757877941763063,0.0279001468428781
"P21s1","P21","GABAergic","D2 SPN-like Adora2a",17,0.0067810131631432,0.0249632892804699
"P21s1","P21","GABAergic","D1 SPN-like Ebf1/Tac1",19,0.00757877941763063,0.0279001468428781
"P21s1","P21","GABAergic","IN Sst",70,0.0279218189070602,0.102790014684288
"P21s1","P21","GABAergic","IN Maf/Calb1 (Pvalb-lineage)",43,0.0171519744714799,0.0631424375917768
"P21s1","P21","GABAergic","IN Moxd1/Gna14 (MGE)",13,0.00518548065416833,0.0190895741556534
"P21s1","P21","GABAergic","IN Pvalb chandelier",7,0.00279218189070602,0.0102790014684288
"P21s1","P21","GABAergic","IN Vip",24,0.00957319505384922,0.0352422907488987
"P21s1","P21","GABAergic","IN Reln/Npas1 (CGE)",17,0.0067810131631432,0.0249632892804699
"P21s1","P21","GABAergic","IN Cck/Cnr1 (CGE)",18,0.00717989629038692,0.026431718061674
"P21s1","P21","GABAergic","IN Lamp5",31,0.0123653769445552,0.0455212922173275
"P21s1","P21","GABAergic","Unresolved Nts/Pappa2",10,0.00398883127243718,0.0146842878120411
"P21s1","P21","Non-neuronal","Astrocyte",317,0.126445951336258,0.276855895196507
"P21s1","P21","Non-neuronal","Microglia",334,0.133226964499402,0.291703056768559
"P21s1","P21","Non-neuronal","OPC",262,0.104507379337854,0.22882096069869
"P21s1","P21","Non-neuronal","OPC cycling",14,0.00558436378141205,0.0122270742358079
"P21s1","P21","Non-neuronal","COP/NFOL",58,0.0231352213801356,0.0506550218340611
"P21s1","P21","Non-neuronal","Oligodendrocyte",97,0.0386916633426406,0.0847161572052402
"P21s1","P21","Non-neuronal","Endothelial",39,0.015556441962505,0.034061135371179
"P21s1","P21","Non-neuronal","Pericyte/mural",8,0.00319106501794974,0.00698689956331878
"P21s1","P21","Non-neuronal","Ependymal",14,0.00558436378141205,0.0122270742358079
"P21s1","P21","Non-neuronal","Cycling progenitor",2,0.000797766254487435,0.00174672489082969
"P21s2","P21","Glutamatergic","BLA Glut Rspo2/Etv1",93,0.0183034835662271,0.0855565777368905
"P21s2","P21","Glutamatergic","BLA Glut Tshz2/Satb1",141,0.0277504428262153,0.129714811407544
"P21s2","P21","Glutamatergic","BLA Glut Cdh8/Tshz3",140,0.0275536311749656,0.128794848206072
"P21s2","P21","Glutamatergic","BLA Glut Fgf10/Nrp1",101,0.0198779767762252,0.0929162833486661
"P21s2","P21","Glutamatergic","BLA Glut Otof/Trhr",132,0.0259791379649675,0.121435142594296
"P21s2","P21","Glutamatergic","BLA Glut Vgll3/Prr16",87,0.0171226136587286,0.0800367985280589
"P21s2","P21","Glutamatergic","BMA Glut Slc17a6/Zfp804b",226,0.0444794331824444,0.207911683532659
"P21s2","P21","Glutamatergic","PA/BMAp Glut Esr1/Reln",78,0.0153513087974808,0.0717571297148114
"P21s2","P21","Glutamatergic","Immature Glut Igfbpl1/Epha3",66,0.0129895689824838,0.0607175712971481
"P21s2","P21","Glutamatergic","CLA/EPd-like Glut Satb2/Nr4a2",23,0.00452666797874434,0.0211591536338546
"P21s2","P21","GABAergic","ITC Foxp2/Tshz1 (a)",348,0.0684904546349144,0.265041888804265
"P21s2","P21","GABAergic","ITC Foxp2/Kcnh5 (b)",156,0.0307026175949616,0.118811881188119
"P21s2","P21","GABAergic","CeA/MeA GABA Meis2/Tshz2",267,0.0525487108836843,0.203351104341203
"P21s2","P21","GABAergic","CeA GABA Prkcd/Calcrl",24,0.0047234796299941,0.0182787509520183
"P21s2","P21","GABAergic","D2 SPN-like Adora2a",39,0.00767565439874041,0.0297029702970297
"P21s2","P21","GABAergic","D1 SPN-like Ebf1/Tac1",19,0.00373942137374533,0.0144706778370145
"P21s2","P21","GABAergic","IN Sst",112,0.0220429049399724,0.0853008377760853
"P21s2","P21","GABAergic","IN Maf/Calb1 (Pvalb-lineage)",75,0.0147608738437315,0.0571210967250571
"P21s2","P21","GABAergic","IN Moxd1/Gna14 (MGE)",34,0.00669159614249164,0.0258948971820259
"P21s2","P21","GABAergic","IN Pvalb chandelier",17,0.00334579807124582,0.0129474485910129
"P21s2","P21","GABAergic","IN Vip",76,0.0149576854949813,0.0578827113480579
"P21s2","P21","GABAergic","IN Reln/Npas1 (CGE)",44,0.00865971265498918,0.0335110434120335
"P21s2","P21","GABAergic","IN Cck/Cnr1 (CGE)",30,0.00590434953749262,0.0228484386900229
"P21s2","P21","GABAergic","IN Lamp5",56,0.0110214524699862,0.0426504188880426
"P21s2","P21","GABAergic","Unresolved Nts/Pappa2",16,0.00314898641999606,0.0121858339680122
"P21s2","P21","Non-neuronal","Astrocyte",1027,0.202125565833497,0.383066020141738
"P21s2","P21","Non-neuronal","Microglia",614,0.120842353867349,0.229019022752704
"P21s2","P21","Non-neuronal","OPC",535,0.105294233418618,0.199552405818724
"P21s2","P21","Non-neuronal","OPC cycling",19,0.00373942137374533,0.00708690787019769
"P21s2","P21","Non-neuronal","COP/NFOL",100,0.0196811651249754,0.0372995151063036
"P21s2","P21","Non-neuronal","Oligodendrocyte",177,0.0348356622712065,0.0660201417381574
"P21s2","P21","Non-neuronal","Endothelial",94,0.0185002952174769,0.0350615441999254
"P21s2","P21","Non-neuronal","Pericyte/mural",60,0.0118086990749852,0.0223797090637822
"P21s2","P21","Non-neuronal","Ependymal",41,0.00806927770123991,0.0152928011935845
"P21s2","P21","Non-neuronal","Cycling progenitor",14,0.00275536311749656,0.00522193211488251
