"cell_type","P10","P21","log2_P21_vs_P10"
"BLA Glut Rspo2/Etv1",0.0739542408134966,0.0483764684287812,-0.602186452526786
"BLA Glut Tshz2/Satb1",0.0977582620753409,0.069389684287812,-0.48853743323142
"BLA Glut Cdh8/Tshz3",0.0566212156228334,0.0578010279001468,0.0292412779619728
"BLA Glut Fgf10/Nrp1",0.0568523226253755,0.0478404919236417,-0.244297149787863
"BLA Glut Otof/Trhr",0.0432170094753871,0.0638436123348018,0.552363008543728
"BLA Glut Vgll3/Prr16",0.0305061243355674,0.0408856461086637,0.41082363308245
"BMA Glut Slc17a6/Zfp804b",0.0686387797550266,0.0870980176211454,0.339218632434029
"PA/BMAp Glut Esr1/Reln",0.0238040212618442,0.0272632158590308,0.188351597176815
"Immature Glut Igfbpl1/Epha3",0.00855095909406055,0.0236618942731278,1.36856609802519
"CLA/EPd-like Glut Satb2/Nr4a2",0.0090131730991449,0.0102982745961821,0.174203244023789
"ITC Foxp2/Tshz1 (a)",0.103304830136353,0.149592511013216,0.52984405880171
"ITC Foxp2/Kcnh5 (b)",0.0513057545643633,0.0626027900146843,0.282120375144517
"CeA/MeA GABA Meis2/Tshz2",0.116246822278715,0.0927028267254038,-0.323384346829552
"CeA GABA Prkcd/Calcrl",0.032586087358447,0.0119750367107195,-1.37212511684483
"D2 SPN-like Adora2a",0.0466836145135198,0.0143658223201175,-1.63376862259504
"D1 SPN-like Ebf1/Tac1",0.0256528772821817,0.0109333700440529,-1.15928976100581
"IN Sst",0.0492257915414837,0.0490308370044053,-0.00561080703452541
"IN Maf/Calb1 (Pvalb-lineage)",0.0240351282643864,0.0314106093979442,0.372512300160872
"IN Moxd1/Gna14 (MGE)",0.0138664201525306,0.0118557268722467,-0.209646103419662
"IN Pvalb chandelier",0.00993760110931361,0.00611141703377386,-0.621087385944179
"IN Vip",0.0175641321932055,0.024643906020558,0.466098150736977
"IN Reln/Npas1 (CGE)",0.0101687081118558,0.0154074889867841,0.554892146258214
"IN Cck/Cnr1 (CGE)",0.0110931361220245,0.0128579295154185,0.196523295203863
"IN Lamp5",0.0129419921423619,0.0230469897209985,0.786419584484162
"Unresolved Nts/Pappa2",0.00647099607118096,0.00700440528634361,0.0994936136672409
