"cell_type","allen_top"
"BLA Glut Rspo2/Etv1","014 LA-BLA-BMA-PA Glut (92%); 037 DG Glut (3%)"
"BLA Glut Tshz2/Satb1","014 LA-BLA-BMA-PA Glut (47%); 038 DG-PIR Ex IMN (21%)"
"BLA Glut Cdh8/Tshz3","014 LA-BLA-BMA-PA Glut (46%); 012 MEA Slc17a7 Glut (25%)"
"BLA Glut Fgf10/Nrp1","014 LA-BLA-BMA-PA Glut (36%); 037 DG Glut (31%)"
"BLA Glut Otof/Trhr","037 DG Glut (43%); 012 MEA Slc17a7 Glut (35%)"
"BLA Glut Vgll3/Prr16","037 DG Glut (54%); 038 DG-PIR Ex IMN (18%)"
"BMA Glut Slc17a6/Zfp804b","113 MEA-COA-BMA Ccdc42 Glut (68%); 037 DG Glut (6%)"
"PA/BMAp Glut Esr1/Reln","012 MEA Slc17a7 Glut (69%); 037 DG Glut (29%)"
"Immature Glut Igfbpl1/Epha3","038 DG-PIR Ex IMN (84%); 009 L2/3 IT PIR-ENTl Glut (8%)"
"CLA/EPd-like Glut Satb2/Nr4a2","029 L6b CTX Glut (21%); 037 DG Glut (18%)"
"ITC Foxp2/Tshz1 (a)","064 STR-PAL Chst9 Gaba (91%); 063 STR D1 Sema5a Gaba (6%)"
"ITC Foxp2/Kcnh5 (b)","064 STR-PAL Chst9 Gaba (80%); 039 OB Meis2 Thsd7b Gaba (20%)"
"CeA/MeA GABA Meis2/Tshz2","064 STR-PAL Chst9 Gaba (28%); 080 CEA-AAA-BST Six3 Sp9 Gaba (18%)"
"CeA GABA Prkcd/Calcrl","079 CEA-BST Six3 Cyp26b1 Gaba (46%); 062 STR D2 Gaba (27%)"
"D2 SPN-like Adora2a","062 STR D2 Gaba (83%); 064 STR-PAL Chst9 Gaba (15%)"
"D1 SPN-like Ebf1/Tac1","061 STR D1 Gaba (38%); 062 STR D2 Gaba (32%)"
"IN Sst","056 Sst Chodl Gaba (41%); 054 STR Prox1 Lhx6 Gaba (25%)"
"IN Maf/Calb1 (Pvalb-lineage)","054 STR Prox1 Lhx6 Gaba (56%); 055 STR Lhx8 Gaba (12%)"
"IN Moxd1/Gna14 (MGE)","054 STR Prox1 Lhx6 Gaba (63%); 055 STR Lhx8 Gaba (25%)"
"IN Pvalb chandelier","051 Pvalb chandelier Gaba (72%); 326 OPC NN (12%)"
"IN Vip","046 Vip Gaba (93%); 064 STR-PAL Chst9 Gaba (3%)"
"IN Reln/Npas1 (CGE)","046 Vip Gaba (80%); 039 OB Meis2 Thsd7b Gaba (9%)"
"IN Cck/Cnr1 (CGE)","046 Vip Gaba (48%); 047 Sncg Gaba (40%)"
"IN Lamp5","049 Lamp5 Gaba (38%); 050 Lamp5 Lhx6 Gaba (38%)"
"Unresolved Nts/Pappa2","038 DG-PIR Ex IMN (21%); 064 STR-PAL Chst9 Gaba (21%)"
"Astrocyte","318 Astro-NT NN (61%); 319 Astro-TE NN (26%)"
"Microglia","334 Microglia NN (85%); 038 DG-PIR Ex IMN (5%)"
"OPC","326 OPC NN (99%); 041 OB-in Frmd7 Gaba (0%)"
"OPC cycling","326 OPC NN (96%); 064 STR-PAL Chst9 Gaba (4%)"
"COP/NFOL","326 OPC NN (98%); 039 OB Meis2 Thsd7b Gaba (1%)"
"Oligodendrocyte","326 OPC NN (75%); 046 Vip Gaba (12%)"
"Endothelial","333 Endo NN (73%); 326 OPC NN (10%)"
"Pericyte/mural","331 Peri NN (58%); 326 OPC NN (15%)"
"Ependymal","323 Ependymal NN (87%); 064 STR-PAL Chst9 Gaba (6%)"
"Cycling progenitor","334 Microglia NN (35%); 045 OB-STR-CTX Inh IMN (15%)"
