"cell_type","allen_supertype","n","frac"
"BLA Glut Rspo2/Etv1","0062 LA-BLA-BMA-PA Glut_3",453,0.920731707317073
"BLA Glut Rspo2/Etv1","0136 DG Glut_1",12,0.024390243902439
"BLA Glut Rspo2/Etv1","0063 LA-BLA-BMA-PA Glut_4",9,0.0182926829268293
"BLA Glut Tshz2/Satb1","0062 LA-BLA-BMA-PA Glut_3",324,0.481426448736999
"BLA Glut Tshz2/Satb1","0056 MEA Slc17a7 Glut_2",108,0.160475482912333
"BLA Glut Tshz2/Satb1","0136 DG Glut_1",96,0.142644873699851
"BLA Glut Cdh8/Tshz3","0062 LA-BLA-BMA-PA Glut_3",215,0.464362850971922
"BLA Glut Cdh8/Tshz3","0056 MEA Slc17a7 Glut_2",104,0.224622030237581
"BLA Glut Cdh8/Tshz3","0136 DG Glut_1",61,0.131749460043197
"BLA Glut Fgf10/Nrp1","0136 DG Glut_1",118,0.280952380952381
"BLA Glut Fgf10/Nrp1","0062 LA-BLA-BMA-PA Glut_3",117,0.278571428571429
"BLA Glut Fgf10/Nrp1","0142 DG-PIR Ex IMN_3",50,0.119047619047619
"BLA Glut Otof/Trhr","0136 DG Glut_1",157,0.375598086124402
"BLA Glut Otof/Trhr","0056 MEA Slc17a7 Glut_2",156,0.373205741626794
"BLA Glut Otof/Trhr","0057 MEA Slc17a7 Glut_3",42,0.100478468899522
"BLA Glut Vgll3/Prr16","0136 DG Glut_1",162,0.576512455516014
"BLA Glut Vgll3/Prr16","0063 LA-BLA-BMA-PA Glut_4",47,0.167259786476868
"BLA Glut Vgll3/Prr16","0056 MEA Slc17a7 Glut_2",26,0.0925266903914591
"BMA Glut Slc17a6/Zfp804b","0506 MEA-COA-BMA Ccdc42 Glut_2",211,0.333860759493671
"BMA Glut Slc17a6/Zfp804b","0507 MEA-COA-BMA Ccdc42 Glut_3",153,0.242088607594937
"BMA Glut Slc17a6/Zfp804b","0508 MEA-COA-BMA Ccdc42 Glut_4",121,0.191455696202532
"PA/BMAp Glut Esr1/Reln","0055 MEA Slc17a7 Glut_1",80,0.37914691943128
"PA/BMAp Glut Esr1/Reln","0136 DG Glut_1",59,0.279620853080569
"PA/BMAp Glut Esr1/Reln","0056 MEA Slc17a7 Glut_2",31,0.146919431279621
"Immature Glut Igfbpl1/Epha3","0142 DG-PIR Ex IMN_3",81,0.623076923076923
"Immature Glut Igfbpl1/Epha3","0045 L2/3 IT PIR-ENTl Glut_7",29,0.223076923076923
"Immature Glut Igfbpl1/Epha3","0140 DG-PIR Ex IMN_1",16,0.123076923076923
"CLA/EPd-like Glut Satb2/Nr4a2","0104 L6b EPd Glut_2",11,0.142857142857143
"CLA/EPd-like Glut Satb2/Nr4a2","0106 L6b/CT ENT Glut_1",11,0.142857142857143
"CLA/EPd-like Glut Satb2/Nr4a2","0136 DG Glut_1",11,0.142857142857143
