"gene","direction","n"
"Gm20754","higher at P10",12
"Ncam1","higher at P10",11
"Sema6d","higher at P10",11
"Gm26871","higher at P10",10
"Grip1","higher at P10",10
"Nkain3","higher at P10",9
"Cadm2","higher at P10",8
"Ctnna2","higher at P10",8
"Frmd4a","higher at P10",8
"Gpc6","higher at P10",8
"Khdrbs2","higher at P10",8
"Myo16","higher at P10",8
"Pcdh7","higher at P10",8
"Auts2","higher at P10",7
"Ccser1","higher at P10",7
"Lncpint","higher at P21",21
"Malat1","higher at P21",21
"Cmss1","higher at P21",17
"Camk2a","higher at P21",16
"Rasgrf1","higher at P21",16
"Specc1","higher at P21",15
"mt-Co3","higher at P21",15
"Akap8l","higher at P21",14
"Cap2","higher at P21",14
"Snhg11","higher at P21",14
"Zranb2","higher at P21",14
"2210408F21Rik","higher at P21",13
"Ftx","higher at P21",13
"1810034E14Rik","higher at P21",12
"Map7","higher at P21",12
