"p_val","avg_log2FC","pct.1","pct.2","p_val_adj","cluster","gene","family"
2.29149433519926e-24,2.33020242759212,0.675,0.115,5.73538117157022e-20,"BLA Glut Rspo2/Etv1","Etv1","ETS"
3.80645025998222e-24,2.01077570729323,0.722,0.174,9.52716435570949e-20,"BLA Glut Rspo2/Etv1","Pou6f2","homeodomain"
3.53728105855199e-23,1.07892946779575,0.969,0.617,8.85346076144977e-19,"BLA Glut Rspo2/Etv1","Hivep2","other"
4.18758356294108e-23,1.20104360756195,0.947,0.476,1.04811028996852e-18,"BLA Glut Rspo2/Etv1","Zfpm2","C2H2 zinc finger"
1.06512140252782e-17,0.869396801444385,0.956,0.478,2.66589235838689e-13,"BLA Glut Rspo2/Etv1","Zeb2","other"
1.32744363273879e-16,1.06966512924455,0.897,0.421,3.32245866838192e-12,"BLA Glut Rspo2/Etv1","Sox5","SOX"
7.43483718016575e-16,3.33001891265209,0.312,0.024,1.86086539782369e-11,"BLA Glut Rspo2/Etv1","Nr4a3","nuclear receptor"
3.69300451918029e-14,0.738043778837809,0.984,0.664,9.24322101105634e-10,"BLA Glut Rspo2/Etv1","Tcf4","bHLH/TCF"
6.09680820089433e-14,0.543050236847318,0.716,0.341,1.52597012460184e-09,"BLA Glut Rspo2/Etv1","Tshz2","other"
3.1517009801666e-13,1.57996209304175,0.478,0.121,7.88839238325898e-09,"BLA Glut Rspo2/Etv1","Tshz3","other"
3.14902501010138e-11,2.22488562240843,0.309,0.05,7.88169469778275e-07,"BLA Glut Rspo2/Etv1","Glis1","C2H2 zinc finger"
6.55542853905968e-09,2.02513734363481,0.272,0.047,0.000164075820904125,"BLA Glut Rspo2/Etv1","Ar","other"
1.57283725865802e-08,0.8155316605867,0.375,0.12,0.000393665437469516,"BLA Glut Rspo2/Etv1","Satb1","homeodomain"
1.6827416395947e-07,0.633852871174618,0.378,0.179,0.00421173404974158,"BLA Glut Rspo2/Etv1","Bend6","other"
1.73992282021501e-49,2.49980069844216,0.965,0.316,4.35485282671615e-45,"BLA Glut Tshz2/Satb1","Tshz2","other"
3.44650678457499e-32,1.38698905955937,0.939,0.532,8.62626183111274e-28,"BLA Glut Tshz2/Satb1","Mef2c","MEF2"
3.88371251194447e-28,1.52437521617709,0.891,0.411,9.72054404614582e-24,"BLA Glut Tshz2/Satb1","Tox","other"
5.13117772714518e-18,1.42547501295155,0.766,0.387,1.28428247332717e-13,"BLA Glut Tshz2/Satb1","Thrb","nuclear receptor"
2.13165922332462e-16,2.21435319993565,0.499,0.106,5.3353298700592e-12,"BLA Glut Tshz2/Satb1","Satb1","homeodomain"
6.94765991589859e-13,0.904816393369507,0.875,0.473,1.73892980035026e-08,"BLA Glut Tshz2/Satb1","Zfpm2","C2H2 zinc finger"
2.42828903973242e-11,1.36900524634447,0.591,0.158,6.07776463754627e-07,"BLA Glut Tshz2/Satb1","Zfp536","C2H2 zinc finger"
7.00688710262934e-08,0.676418847041884,0.962,0.66,0.0017537537729171,"BLA Glut Tshz2/Satb1","Tcf4","bHLH/TCF"
1.30345636369462e-07,0.699746849903968,0.461,0.245,0.00326242093269126,"BLA Glut Tshz2/Satb1","Nr2f1","nuclear receptor"
2.7447259588219e-23,1.39619005956486,0.833,0.396,6.86977460233532e-19,"BLA Glut Cdh8/Tshz3","Thrb","nuclear receptor"
3.41385019842186e-21,2.02812086149891,0.527,0.124,8.54452566163008e-17,"BLA Glut Cdh8/Tshz3","Tshz3","other"
2.8017640124392e-20,0.934202290904445,0.939,0.544,7.01253514673407e-16,"BLA Glut Cdh8/Tshz3","Mef2c","MEF2"
9.9674237120448e-13,1.6097616307558,0.457,0.131,2.49474648088769e-08,"BLA Glut Cdh8/Tshz3","Etv1","ETS"
4.48919678803559e-12,0.573715062160324,0.816,0.488,1.12360106407743e-07,"BLA Glut Cdh8/Tshz3","Zfpm2","C2H2 zinc finger"
2.32723412102066e-09,0.629990337446728,0.873,0.626,5.82483428150262e-05,"BLA Glut Cdh8/Tshz3","Hivep2","other"
1.99092787483774e-08,0.507208495331804,0.861,0.489,0.000498309337793139,"BLA Glut Cdh8/Tshz3","Zeb2","other"
3.24606025639495e-08,0.420614674952955,0.71,0.468,0.000812456421573091,"BLA Glut Cdh8/Tshz3","Nfib","NFI"
4.2414003701852e-22,1.12476092745873,0.878,0.428,1.06158009865365e-17,"BLA Glut Fgf10/Nrp1","Sox5","SOX"
1.00566209525145e-19,1.82316555032292,0.667,0.184,2.51707165820487e-15,"BLA Glut Fgf10/Nrp1","Pou6f2","homeodomain"
5.14113691001664e-16,0.738949778828532,0.911,0.486,1.28677515720806e-11,"BLA Glut Fgf10/Nrp1","Zeb2","other"
3.3807603982013e-15,1.04805510978033,0.898,0.484,8.46170520065803e-11,"BLA Glut Fgf10/Nrp1","Zfpm2","C2H2 zinc finger"
4.05100044480976e-15,0.816560796522218,0.927,0.624,1.01392490133143e-10,"BLA Glut Fgf10/Nrp1","Hivep2","other"
3.83320356919002e-13,1.1530328142536,0.748,0.324,9.5941252133257e-09,"BLA Glut Fgf10/Nrp1","Nr3c2","nuclear receptor"
2.0758735450492e-09,1.01309653031969,0.398,0.168,5.19570389590364e-05,"BLA Glut Fgf10/Nrp1","Klf8","C2H2 zinc finger"
1.05419316757598e-07,0.891786634242127,0.309,0.122,0.00263854007912592,"BLA Glut Fgf10/Nrp1","Runx2","RUNX"
2.07680953558195e-07,0.591894878302861,0.602,0.313,0.00519804658660807,"BLA Glut Fgf10/Nrp1","Zfp385b","C2H2 zinc finger"
3.1827728756295e-26,1.94760969485387,0.877,0.433,7.96616223041308e-22,"BLA Glut Otof/Trhr","Rfx3","RFX"
1.83408895495773e-18,1.20266721842343,0.93,0.487,4.59054124536371e-14,"BLA Glut Otof/Trhr","Zfpm2","C2H2 zinc finger"
1.4427222263989e-15,1.6402959018657,0.717,0.35,3.6109894604538e-11,"BLA Glut Otof/Trhr","Tshz2","other"
6.23660616148613e-13,0.907372482335288,0.797,0.401,1.56096015615836e-08,"BLA Glut Otof/Trhr","Thrb","nuclear receptor"
4.23323692766269e-11,0.520475607257108,0.84,0.551,1.05953687062469e-06,"BLA Glut Otof/Trhr","Mef2c","MEF2"
1.95516389477382e-08,1.07999340722581,0.385,0.171,0.000489357971222939,"BLA Glut Otof/Trhr","Klf8","C2H2 zinc finger"
4.8840409364227e-17,1.38914909815829,0.924,0.491,1.22242660597724e-12,"BLA Glut Vgll3/Prr16","Zfpm2","C2H2 zinc finger"
1.47037973680338e-13,0.967365017971874,0.947,0.629,3.68021344324517e-09,"BLA Glut Vgll3/Prr16","Hivep2","other"
2.78920913349273e-11,1.55952006005665,0.515,0.196,6.98111154021895e-07,"BLA Glut Vgll3/Prr16","Pou6f2","homeodomain"
8.63727678622219e-10,1.20776284246602,0.583,0.264,2.16182400682355e-05,"BLA Glut Vgll3/Prr16","Bcl11b","C2H2 zinc finger"
3.1205829092892e-07,1.00400931079277,0.598,0.252,0.00781050696365994,"BLA Glut Vgll3/Prr16","Nr2f1","nuclear receptor"
1.40261108167289e-23,2.03732579164737,0.798,0.305,3.51059527631909e-19,"BMA Glut Slc17a6/Zfp804b","Zfp804b","C2H2 zinc finger"
1.30350387162629e-21,2.43309190319235,0.522,0.113,3.26253984029344e-17,"BMA Glut Slc17a6/Zfp804b","Zbtb7c","C2H2 zinc finger"
6.045503357804e-16,1.14772087735657,0.704,0.336,1.51312903542476e-11,"BMA Glut Slc17a6/Zfp804b","Zfp804a","C2H2 zinc finger"
2.71895295164252e-17,1.67152349860197,0.816,0.334,6.80526734266607e-13,"PA/BMAp Glut Esr1/Reln","Nr3c2","nuclear receptor"
1.35928658386063e-15,1.43615034164932,0.913,0.494,3.40215839074477e-11,"PA/BMAp Glut Esr1/Reln","Zfpm2","C2H2 zinc finger"
2.4699156755872e-15,1.02642535911263,0.874,0.463,6.18195194442721e-11,"PA/BMAp Glut Esr1/Reln","Zbtb20","C2H2 zinc finger"
1.49877360864596e-12,1.40300592460669,0.738,0.318,3.75128046507998e-08,"PA/BMAp Glut Esr1/Reln","Zfp385b","C2H2 zinc finger"
1.99032491024482e-12,1.88349498962206,0.67,0.264,4.98158421785176e-08,"PA/BMAp Glut Esr1/Reln","Bcl11b","C2H2 zinc finger"
1.61934147669753e-11,3.11664151923265,0.35,0.054,4.05304978202626e-07,"PA/BMAp Glut Esr1/Reln","Esr1","nuclear receptor"
4.75534349356079e-10,0.640829451163694,0.864,0.472,1.19021492300333e-05,"PA/BMAp Glut Esr1/Reln","Nfib","NFI"
1.83346340983229e-08,2.16605441032952,0.252,0.056,0.000458897556846923,"PA/BMAp Glut Esr1/Reln","Ar","other"
3.14719827160107e-07,0.505312441665779,0.68,0.443,0.00787712255399033,"PA/BMAp Glut Esr1/Reln","Rfx3","RFX"
1.92046771300547e-10,4.10108164989423,0.324,0.033,4.8067386388814e-06,"Immature Glut Igfbpl1/Epha3","Casz1","other"
3.50645299843142e-09,4.57611126246013,0.378,0.044,8.77630120977401e-05,"Immature Glut Igfbpl1/Epha3","Tfap2d","AP-2"
1.24302329183445e-07,2.08149094753802,0.568,0.251,0.00311116299713245,"Immature Glut Igfbpl1/Epha3","Bcl11a","C2H2 zinc finger"
1.40669729502422e-07,1.6553080034107,0.865,0.467,0.00352082265971613,"Immature Glut Igfbpl1/Epha3","Zbtb20","C2H2 zinc finger"
7.12372930478442e-30,5.93151888076044,0.744,0.019,1.78299820769449e-25,"CLA/EPd-like Glut Satb2/Nr4a2","Satb2","homeodomain"
3.21237419166759e-15,2.84681022117027,0.718,0.137,8.04025136432482e-11,"CLA/EPd-like Glut Satb2/Nr4a2","Tshz3","other"
4.25609637675097e-10,1.12211752710612,0.974,0.73,1.065258362137e-05,"CLA/EPd-like Glut Satb2/Nr4a2","Pbx1","homeodomain"
1.2004542971999e-59,3.33676784219681,0.966,0.16,3.00461706046163e-55,"ITC Foxp2/Tshz1 (a)","Foxp2","forkhead"
5.19035594521598e-54,3.04483871374554,0.96,0.27,1.29909418952811e-49,"ITC Foxp2/Tshz1 (a)","Pbx3","homeodomain"
1.65614360475723e-49,2.1034614840343,0.993,0.434,4.14516182834688e-45,"ITC Foxp2/Tshz1 (a)","Meis2","homeodomain"
8.41873442192777e-37,3.02044455510649,0.736,0.134,2.1071250384643e-32,"ITC Foxp2/Tshz1 (a)","Tshz1","other"
1.22511322294575e-15,1.54434538462123,0.606,0.225,3.06633588571091e-11,"ITC Foxp2/Tshz1 (a)","Bcl11a","C2H2 zinc finger"
7.47769068649032e-14,1.93326256205175,0.588,0.209,1.87159120192166e-09,"ITC Foxp2/Tshz1 (a)","Cux2","homeodomain"
1.91149362730005e-12,0.982646003690598,0.653,0.304,4.78427739976931e-08,"ITC Foxp2/Tshz1 (a)","Zfp804b","C2H2 zinc finger"
5.24374484664284e-10,1.4704791229582,0.593,0.298,1.31245689766624e-05,"ITC Foxp2/Tshz1 (a)","Zfp407","C2H2 zinc finger"
2.30700158551595e-09,1.86638268226928,0.436,0.118,5.77419426838787e-05,"ITC Foxp2/Tshz1 (a)","Rarb","nuclear receptor"
5.39718772611283e-09,0.889374373614124,0.53,0.304,0.000135086211596878,"ITC Foxp2/Tshz1 (a)","Cux1","homeodomain"
1.31967191653179e-51,2.38250997904637,0.991,0.456,3.30300683988742e-47,"ITC Foxp2/Kcnh5 (b)","Meis2","homeodomain"
6.75185976621277e-50,3.34496738622662,0.964,0.191,1.68992298088539e-45,"ITC Foxp2/Kcnh5 (b)","Foxp2","forkhead"
6.37304999379093e-46,2.64711492178562,0.968,0.297,1.59511068294593e-41,"ITC Foxp2/Kcnh5 (b)","Pbx3","homeodomain"
1.45261467981913e-24,2.76285611004453,0.689,0.159,3.6357492821193e-20,"ITC Foxp2/Kcnh5 (b)","Tshz1","other"
1.65270535255848e-23,1.99136360174528,0.788,0.312,4.13655622691861e-19,"ITC Foxp2/Kcnh5 (b)","Zfp804b","C2H2 zinc finger"
8.55407871615099e-16,1.83845649919275,0.667,0.237,2.14100036186543e-11,"ITC Foxp2/Kcnh5 (b)","Bcl11a","C2H2 zinc finger"
1.92844350927403e-15,0.885545777470455,0.806,0.466,4.82670125936197e-11,"ITC Foxp2/Kcnh5 (b)","Nfib","NFI"
2.08003879627127e-12,1.58426867988558,0.604,0.309,5.20612910318735e-08,"ITC Foxp2/Kcnh5 (b)","Zfp407","C2H2 zinc finger"
1.60939160903098e-11,0.874025155175501,0.896,0.674,4.02814625824364e-07,"ITC Foxp2/Kcnh5 (b)","Myt1l","other"
2.5807401332717e-11,1.1155471328614,0.509,0.286,6.45933447956573e-07,"ITC Foxp2/Kcnh5 (b)","Esrrg","nuclear receptor"
1.10619394773585e-10,1.24207969905485,0.586,0.311,2.76869283178805e-06,"ITC Foxp2/Kcnh5 (b)","Cux1","homeodomain"
2.00873142337569e-07,0.647770314377572,0.766,0.631,0.00502765387956701,"ITC Foxp2/Kcnh5 (b)","Hivep2","other"
1.56725029039193e-15,1.56660610071253,0.65,0.3,3.92267075182196e-11,"CeA/MeA GABA Meis2/Tshz2","Zfp804b","C2H2 zinc finger"
3.04164457812846e-13,1.52701721692172,0.467,0.161,7.61293221459772e-09,"CeA/MeA GABA Meis2/Tshz2","Zfhx3","other"
7.59158015463449e-11,1.32721976236299,0.64,0.328,1.90009659690347e-06,"CeA/MeA GABA Meis2/Tshz2","Zfp804a","C2H2 zinc finger"
1.58063426538319e-10,1.09518852288345,0.642,0.336,3.95616950282759e-06,"CeA/MeA GABA Meis2/Tshz2","Tshz2","other"
1.79949846182841e-40,2.95070545272885,0.879,0.17,4.50396470011033e-36,"CeA GABA Prkcd/Calcrl","Zfhx3","other"
1.17795731951232e-18,2.49167917586232,0.454,0.072,2.94830937500739e-14,"CeA GABA Prkcd/Calcrl","Zfhx4","other"
1.00872324242364e-14,1.45771810518062,0.745,0.332,2.52473340346213e-10,"CeA GABA Prkcd/Calcrl","Nr3c2","nuclear receptor"
1.6957546268917e-14,1.69075289543747,0.78,0.438,4.24430425564725e-10,"CeA GABA Prkcd/Calcrl","Sox5","SOX"
1.39662390416111e-12,1.27574399272045,0.66,0.347,3.49560996972483e-08,"CeA GABA Prkcd/Calcrl","Zfp804a","C2H2 zinc finger"
1.94458553020616e-10,1.49773317556087,0.376,0.124,4.86710312355299e-06,"CeA GABA Prkcd/Calcrl","Bbx","other"
1.14090748829195e-09,0.713478295643535,0.596,0.293,2.85557735244592e-05,"CeA GABA Prkcd/Calcrl","Zfp462","C2H2 zinc finger"
1.14557977584443e-08,1.27302220538481,0.447,0.196,0.000286727162096102,"CeA GABA Prkcd/Calcrl","Npas2","bHLH"
1.36800934133923e-08,0.868907346931367,0.738,0.486,0.000342399058043797,"CeA GABA Prkcd/Calcrl","Trerf1","other"
1.95345795336661e-07,1.2559202592984,0.518,0.265,0.00488930991148129,"CeA GABA Prkcd/Calcrl","Bcl11b","C2H2 zinc finger"
3.09061872185783e-07,1.16970993062363,0.574,0.246,0.00773550959893798,"CeA GABA Prkcd/Calcrl","Bcl11a","C2H2 zinc finger"
1.2877926419584e-50,3.41576571012825,0.856,0.117,3.22321620355767e-46,"D2 SPN-like Adora2a","Rarb","nuclear receptor"
2.02207027655802e-45,2.38386236355032,0.95,0.434,5.06103969519706e-41,"D2 SPN-like Adora2a","Foxp1","forkhead"
7.60556703059858e-32,1.41054656501069,0.985,0.458,1.90359737208852e-27,"D2 SPN-like Adora2a","Meis2","homeodomain"
1.92913390860079e-25,1.84296810322924,0.812,0.338,4.82842925983691e-21,"D2 SPN-like Adora2a","Zfp804a","C2H2 zinc finger"
9.90758755954914e-20,1.84308949121409,0.708,0.238,2.47977009027955e-15,"D2 SPN-like Adora2a","Bcl11a","C2H2 zinc finger"
5.1344808565561e-14,1.29881335818277,0.599,0.283,1.28510921358743e-09,"D2 SPN-like Adora2a","Esrrg","nuclear receptor"
5.19798849000127e-14,1.40823328874582,0.559,0.174,1.30100453916242e-09,"D2 SPN-like Adora2a","Zfhx3","other"
1.45920929731584e-09,0.883153819553319,0.713,0.437,3.65225495025183e-05,"D2 SPN-like Adora2a","Rfx3","RFX"
1.57475895280525e-09,1.34583605149607,0.371,0.114,3.94146418297625e-05,"D2 SPN-like Adora2a","Meis1","homeodomain"
8.02955799862557e-39,3.70028623351356,0.865,0.128,2.00971807147599e-34,"D1 SPN-like Ebf1/Tac1","Rarb","nuclear receptor"
1.15778111719022e-31,2.2490808491906,0.928,0.442,2.8978103582154e-27,"D1 SPN-like Ebf1/Tac1","Foxp1","forkhead"
6.34297055229584e-24,1.5221873582071,0.964,0.466,1.58758209953413e-19,"D1 SPN-like Ebf1/Tac1","Meis2","homeodomain"
2.25675611400723e-18,1.87685476140702,0.712,0.245,5.64843487774869e-14,"D1 SPN-like Ebf1/Tac1","Bcl11a","C2H2 zinc finger"
9.73521421257099e-18,2.78505036854929,0.468,0.044,2.43662676526439e-13,"D1 SPN-like Ebf1/Tac1","Ebf1","other"
2.24511990869443e-15,2.23615504333561,0.514,0.127,5.61931061947128e-11,"D1 SPN-like Ebf1/Tac1","Dach1","other"
4.67388010861929e-15,1.43629152199033,0.694,0.211,1.16982545238632e-10,"D1 SPN-like Ebf1/Tac1","Foxp2","forkhead"
4.77264646240361e-13,1.47774214480949,0.658,0.263,1.194545683075e-08,"D1 SPN-like Ebf1/Tac1","Bcl11b","C2H2 zinc finger"
4.24172400024641e-09,1.19625245825,0.604,0.288,0.000106166110002168,"D1 SPN-like Ebf1/Tac1","Esrrg","nuclear receptor"
1.08339479891102e-34,2.02934167461623,0.948,0.278,2.7116288421944e-30,"IN Sst","Sox6","SOX"
4.73109430753934e-32,2.72124552701877,0.657,0.101,1.18414559423402e-27,"IN Sst","Maf","bZIP"
1.56629669040657e-23,1.12151955580957,0.944,0.672,3.92028398641861e-19,"IN Sst","Tcf4","bHLH/TCF"
2.21515095258416e-15,1.67967682300359,0.559,0.174,5.54430131922289e-11,"IN Sst","Zfp536","C2H2 zinc finger"
1.34894519071543e-13,4.42390039128909,0.3,0.018,3.37627491784165e-09,"IN Sst","Mkx","other"
1.62438757315444e-13,4.41019417916624,0.268,0.014,4.06567965684825e-09,"IN Sst","Lhx6","homeodomain"
6.41155165997536e-13,1.40271766954428,0.793,0.432,1.60474726497523e-08,"IN Sst","Tox","other"
3.42684820836425e-12,1.30417688807713,0.474,0.229,8.57705838071488e-08,"IN Sst","Cux2","homeodomain"
2.08078099410243e-09,1.0904781063856,0.568,0.316,5.20798675013897e-05,"IN Sst","Zfp385b","C2H2 zinc finger"
1.43141752088176e-08,0.7888349850177,0.756,0.551,0.000358269491301495,"IN Sst","Klf12","C2H2 zinc finger"
1.97229729350811e-35,3.18421719048067,0.856,0.108,4.93646289592145e-31,"IN Maf/Calb1 (Pvalb-lineage)","Maf","bZIP"
1.55728493781468e-22,1.51683715863041,0.933,0.29,3.89772847085636e-18,"IN Maf/Calb1 (Pvalb-lineage)","Sox6","SOX"
4.89891135252802e-22,1.64952427322352,0.904,0.552,1.22614852242424e-17,"IN Maf/Calb1 (Pvalb-lineage)","Klf12","C2H2 zinc finger"
4.11869042388601e-21,1.91594324965275,0.779,0.178,1.03086702619443e-16,"IN Maf/Calb1 (Pvalb-lineage)","Zfp536","C2H2 zinc finger"
1.64744467018982e-17,1.90052006248777,0.779,0.317,4.12338926501811e-13,"IN Maf/Calb1 (Pvalb-lineage)","Zfp385b","C2H2 zinc finger"
3.3448677135524e-15,1.1904839301559,0.962,0.676,8.37186940025029e-11,"IN Maf/Calb1 (Pvalb-lineage)","Tcf4","bHLH/TCF"
2.468620063653e-14,1.49810330115626,0.635,0.23,6.17870915731708e-10,"IN Maf/Calb1 (Pvalb-lineage)","Cux2","homeodomain"
3.27378074948164e-14,2.27236814344342,0.538,0.118,8.19394583787759e-10,"IN Maf/Calb1 (Pvalb-lineage)","Zmat4","other"
2.33170322019892e-10,1.03257792499363,0.74,0.408,5.83601998983587e-06,"IN Maf/Calb1 (Pvalb-lineage)","Thrb","nuclear receptor"
3.13690386492999e-10,1.07943404426737,0.913,0.497,7.85135668353327e-06,"IN Maf/Calb1 (Pvalb-lineage)","Zeb2","other"
3.47000751650834e-10,1.26855983419592,0.663,0.348,8.68508181306873e-06,"IN Maf/Calb1 (Pvalb-lineage)","Zfp804a","C2H2 zinc finger"
2.12839569918182e-09,0.855469108037254,0.788,0.44,5.32716159548217e-05,"IN Maf/Calb1 (Pvalb-lineage)","Sox5","SOX"
2.22609812489162e-07,1.13287126172973,0.596,0.289,0.00557170099679123,"IN Maf/Calb1 (Pvalb-lineage)","Esrrg","nuclear receptor"
9.19931229752501e-26,2.82301178292735,0.967,0.18,2.30249587494754e-21,"IN Moxd1/Gna14 (MGE)","Zfp536","C2H2 zinc finger"
9.24443404739384e-22,1.54434482257404,1,0.678,2.31378939772221e-17,"IN Moxd1/Gna14 (MGE)","Tcf4","bHLH/TCF"
2.814828470446e-20,3.68377048023947,0.55,0.025,7.04523417867928e-16,"IN Moxd1/Gna14 (MGE)","St18","other"
7.64306507401976e-19,1.94585341642715,0.967,0.295,1.91298275737641e-14,"IN Moxd1/Gna14 (MGE)","Sox6","SOX"
1.86238347688914e-18,2.51818149830661,0.717,0.114,4.66135960430584e-14,"IN Moxd1/Gna14 (MGE)","Maf","bZIP"
7.93307170325635e-11,1.05433597169319,0.933,0.679,1.98556851660803e-06,"IN Moxd1/Gna14 (MGE)","Myt1l","other"
1.03131789541806e-07,3.35418823226702,0.25,0.021,0.00258128556044185,"IN Moxd1/Gna14 (MGE)","Lhx6","homeodomain"
2.4926489578937e-07,0.98700710541682,0.817,0.556,0.00623885107671215,"IN Moxd1/Gna14 (MGE)","Klf12","C2H2 zinc finger"
1.586784878308e-28,3.4890157275196,0.953,0.183,3.97156387191709e-24,"IN Pvalb chandelier","Zfp536","C2H2 zinc finger"
1.58117298509464e-25,3.62409235903665,1,0.325,3.95751786439339e-21,"IN Pvalb chandelier","Zfp804b","C2H2 zinc finger"
7.63781296233348e-24,3.35305152867747,1,0.662,1.91166820634245e-19,"IN Pvalb chandelier","Rora","nuclear receptor"
4.69078982183476e-22,2.65159395007161,0.86,0.115,1.17405778450702e-17,"IN Pvalb chandelier","Maf","bZIP"
2.32385827907914e-17,2.86778204352948,0.628,0.122,5.81638488670718e-13,"IN Pvalb chandelier","Zmat4","other"
2.17323572611506e-16,2.08739730951979,0.884,0.295,5.43939169889338e-12,"IN Pvalb chandelier","Trps1","other"
1.74624324030141e-14,1.32667983501927,0.977,0.679,4.37067220615039e-10,"IN Pvalb chandelier","Tcf4","bHLH/TCF"
3.16188760363704e-13,1.48319790431288,0.953,0.501,7.91388848314314e-09,"IN Pvalb chandelier","Zeb2","other"
7.75041322677713e-13,3.26190455848971,0.326,0.026,1.93985092653005e-08,"IN Pvalb chandelier","Dlx1","homeodomain"
1.73576120915565e-12,1.63061382246581,0.953,0.557,4.34443673039568e-08,"IN Pvalb chandelier","Mef2c","MEF2"
3.12036968560314e-11,1.53436038009295,0.698,0.291,7.80997328609609e-07,"IN Pvalb chandelier","Esrrg","nuclear receptor"
5.36753323412576e-09,1.77659709698679,0.651,0.277,0.000134343989316934,"IN Pvalb chandelier","Pknox2","other"
1.30508272021842e-08,1.54527094663732,0.744,0.322,0.000326649154043468,"IN Pvalb chandelier","Zfp385b","C2H2 zinc finger"
2.7476970281989e-08,1.91711976070525,0.395,0.103,0.000687721089187902,"IN Pvalb chandelier","Tox2","other"
1.04515605683404e-07,3.68781125432137,0.256,0.031,0.00261592109464992,"IN Pvalb chandelier","Ahr","other"
5.47051239022903e-27,3.36176378436146,0.895,0.347,1.36921454615042e-22,"IN Vip","Zfp804a","C2H2 zinc finger"
7.9064796474591e-26,2.92824393593301,0.855,0.18,1.97891279096254e-21,"IN Vip","Zfp536","C2H2 zinc finger"
1.03106999474023e-24,4.63435533594006,0.526,0.025,2.58066508983533e-20,"IN Vip","Prox1","other"
4.68284163961742e-23,3.34494971074252,0.711,0.118,1.17206843397984e-18,"IN Vip","Zmat4","other"
2.00784182396891e-21,1.46908910870279,1,0.677,5.02542730121178e-17,"IN Vip","Tcf4","bHLH/TCF"
1.18102545784975e-20,3.60002804628581,0.605,0.068,2.95598861845213e-16,"IN Vip","Zbtb16","C2H2 zinc finger"
1.68392679996983e-17,1.62045401732575,0.526,0.115,4.2147003876445e-13,"IN Vip","Maf","bZIP"
5.8709807619958e-14,2.08899607209101,0.789,0.336,1.46944777491993e-09,"IN Vip","Nr3c2","nuclear receptor"
6.92464989556378e-14,1.3644111586071,0.868,0.499,1.73317062236066e-09,"IN Vip","Zeb2","other"
3.42460903479829e-13,1.07833631469159,0.974,0.608,8.57145395319663e-09,"IN Vip","Npas3","bHLH"
2.96024870197433e-10,1.73182408056604,0.803,0.408,7.40920647617155e-06,"IN Vip","Thrb","nuclear receptor"
5.77117067599018e-10,3.93099519274663,0.289,0.024,1.44446630849358e-05,"IN Vip","Dlx1","homeodomain"
3.70704127781143e-07,0.786595508870069,0.934,0.679,0.00927835361423422,"IN Vip","Myt1l","other"
2.53932680322516e-15,2.41037842977917,0.75,0.184,6.35568105579225e-11,"IN Reln/Npas1 (CGE)","Zfp536","C2H2 zinc finger"
4.67141602313569e-13,3.1424227488587,0.614,0.122,1.16920871643063e-08,"IN Reln/Npas1 (CGE)","Zmat4","other"
1.18949340103414e-11,2.92227303705922,0.409,0.072,2.97718303344835e-07,"IN Reln/Npas1 (CGE)","Zbtb16","C2H2 zinc finger"
2.52218876391925e-08,1.89431043194944,0.795,0.442,0.000631278625721349,"IN Reln/Npas1 (CGE)","Tcf12","bHLH/TCF"
2.68183800260175e-08,1.28674985022667,0.932,0.61,0.000671237233671193,"IN Reln/Npas1 (CGE)","Npas3","bHLH"
3.19645784190499e-08,1.34534412609975,0.886,0.475,0.0008000414332504,"IN Reln/Npas1 (CGE)","Nfib","NFI"
2.38419417730273e-07,1.46867877312002,0.75,0.411,0.00596739960637101,"IN Reln/Npas1 (CGE)","Thrb","nuclear receptor"
6.39454661795903e-20,2.52472131218414,0.958,0.337,1.60049107300896e-15,"IN Cck/Cnr1 (CGE)","Nr3c2","nuclear receptor"
1.03548982905846e-18,3.91436448739127,0.667,0.07,2.59172749315041e-14,"IN Cck/Cnr1 (CGE)","Zbtb16","C2H2 zinc finger"
2.46687670875286e-17,1.84480219968678,1,0.61,6.17434571433753e-13,"IN Cck/Cnr1 (CGE)","Npas3","bHLH"
6.27755155502361e-14,2.36982495214091,0.812,0.183,1.57120837870686e-09,"IN Cck/Cnr1 (CGE)","Zfp536","C2H2 zinc finger"
2.17052610923964e-10,2.05725779729533,0.833,0.321,5.43260979881589e-06,"IN Cck/Cnr1 (CGE)","Zfp385b","C2H2 zinc finger"
8.07452568944962e-10,1.39885951736086,0.896,0.501,2.02097303481235e-05,"IN Cck/Cnr1 (CGE)","Zeb2","other"
2.36760817174444e-09,1.15820010745799,0.562,0.117,5.92588649305916e-05,"IN Cck/Cnr1 (CGE)","Maf","bZIP"
2.71355738481074e-09,2.97447799127522,0.292,0.029,6.79176277844281e-05,"IN Cck/Cnr1 (CGE)","Prox1","other"
6.60519777964930e-09,2.38180704388826,0.583,0.122,0.000165321495226842,"IN Cck/Cnr1 (CGE)","Zmat4","other"
1.28206075191606e-08,1.73185111726879,0.729,0.257,0.000320886985597071,"IN Cck/Cnr1 (CGE)","Arnt2","other"
2.1490043682237e-08,3.86857534319595,0.312,0.017,0.00053787430332271,"IN Cck/Cnr1 (CGE)","Npas1","bHLH"
3.84938579167485e-08,0.985157893284528,0.979,0.679,0.000963462769798297,"IN Cck/Cnr1 (CGE)","Tcf4","bHLH/TCF"
2.29893998434173e-27,3.46252572957313,0.929,0.181,5.75401688680891e-23,"IN Lamp5","Zfp536","C2H2 zinc finger"
4.78600641198889e-25,3.38613942728634,0.804,0.119,1.1978895448567e-20,"IN Lamp5","Zmat4","other"
1.11538440617246e-17,2.40941119240766,0.732,0.115,2.79169563020905e-13,"IN Lamp5","Maf","bZIP"
5.81736713193802e-14,1.36279013858284,1,0.678,1.45602881945277e-09,"IN Lamp5","Tcf4","bHLH/TCF"
1.4554541221941e-11,2.98855056262666,0.393,0.071,3.64285612243962e-07,"IN Lamp5","Zbtb16","C2H2 zinc finger"
4.91653034083329e-10,2.5183595602037,0.446,0.102,1.23055837900716e-05,"IN Lamp5","Tox2","other"
1.59544276526882e-09,1.35170043564427,0.911,0.5,3.99323369719133e-05,"IN Lamp5","Zeb2","other"
7.25624446124546e-08,1.84779321485089,0.411,0.107,0.00181616542620513,"IN Lamp5","Nfix","NFI"
1.03363430768817e-07,1.04856843891843,0.821,0.475,0.00258708330871272,"IN Lamp5","Nfib","NFI"
1.55462741183306e-11,2.075670346433,0.607,0.12,3.89107694907696e-07,"Unresolved Nts/Pappa2","Meis1","homeodomain"
6.19295570085887e-11,3.10913087363484,0.821,0.291,1.55003488236797e-06,"Unresolved Nts/Pappa2","Esrrg","nuclear receptor"
1.32043822851553e-09,1.88567418089531,0.75,0.176,3.30492484215152e-05,"Unresolved Nts/Pappa2","Tshz1","other"
2.66305555761767e-09,2.3556425990353,0.643,0.141,6.66536175516126e-05,"Unresolved Nts/Pappa2","Zfp618","C2H2 zinc finger"
3.25637788363223e-09,2.71585231152529,0.75,0.328,8.15038820494312e-05,"Unresolved Nts/Pappa2","Zfp804b","C2H2 zinc finger"
1.14340226874371e-08,1.08120669542489,0.357,0.079,0.000286182153843862,"Unresolved Nts/Pappa2","Gli3","C2H2 zinc finger"
2.79780789999161e-08,2.06878717505841,0.714,0.289,0.000700263339288899,"Unresolved Nts/Pappa2","Arid5b","other"
4.5763018743932e-49,3.32827323220285,0.864,0.212,1.14540259614188e-44,"Astrocyte","Nfia","NFI"
1.14948181505161e-43,2.10193980520702,0.915,0.622,2.87703803489268e-39,"Astrocyte","Rora","nuclear receptor"
5.71944608878423e-43,2.55994731519996,0.942,0.557,1.4315201615618e-38,"Astrocyte","Npas3","bHLH"
3.06286075164165e-42,2.57984098582189,0.874,0.401,7.66603417528389e-38,"Astrocyte","Zbtb20","C2H2 zinc finger"
8.2471996148489e-36,4.36244877741845,0.649,0.079,2.06419159160053e-31,"Astrocyte","Rorb","nuclear receptor"
1.76630878283827e-26,2.09266087496407,0.781,0.427,4.4208942525659e-22,"Astrocyte","Nfib","NFI"
9.9177009317603e-19,4.95578306108045,0.39,0.028,2.48230136621029e-14,"Astrocyte","Gli3","C2H2 zinc finger"
1.15304137841794e-18,1.14741085654273,0.657,0.241,2.88594726604226e-14,"Astrocyte","Sox6","SOX"
8.38745372360861e-18,2.53862716761751,0.599,0.248,2.099295792482e-13,"Astrocyte","Trps1","other"
7.76939478986779e-17,5.41294236158046,0.367,0.016,1.94460182195601e-12,"Astrocyte","Prdm16","C2H2 zinc finger"
1.06520335906736e-13,5.63908043424642,0.272,0.011,2.66609748740969e-09,"Astrocyte","Gli2","C2H2 zinc finger"
1.44684821907446e-13,3.69645496240036,0.306,0.035,3.62131640752146e-09,"Astrocyte","Glis3","C2H2 zinc finger"
1.44505455430539e-12,3.38061767520234,0.35,0.072,3.61682704397097e-08,"Astrocyte","Rfx4","RFX"
2.59789591396293e-12,2.98062521817305,0.313,0.059,6.50227368305781e-08,"Astrocyte","Zfp521","C2H2 zinc finger"
4.69317655414185e-11,0.993028981389457,0.745,0.729,1.17465515973616e-06,"Astrocyte","Pbx1","homeodomain"
9.69544338324419e-11,1.86454265052533,0.586,0.324,2.42667252439219e-06,"Astrocyte","Zeb1","other"
1.1925640957631e-09,2.39305509891281,0.269,0.053,2.98486867528546e-05,"Astrocyte","Tcf7l2","bHLH/TCF"
2.55054667823906e-09,3.80986811386927,0.262,0.028,6.38376328096454e-05,"Astrocyte","Tcf7l1","bHLH/TCF"
4.13285952476932e-09,2.1059538942311,0.347,0.177,0.000103441341045451,"Astrocyte","Tead1","TEAD"
6.4966586577472e-31,3.72742412724186,0.711,0.174,1.62604869544755e-26,"Microglia","Zfhx3","other"
7.25070757721646e-30,5.09582054694313,0.577,0.026,1.81477959950151e-25,"Microglia","Fli1","other"
2.47465969473098e-29,6.97501503667236,0.528,0.01,6.19382574994217e-25,"Microglia","Runx1","RUNX"
7.30960057650368e-27,4.36791353657625,0.606,0.106,1.82951992829311e-22,"Microglia","Rreb1","other"
4.03161646733287e-25,6.99864246201909,0.465,0.007,1.00907328560874e-20,"Microglia","Ikzf1","C2H2 zinc finger"
7.89507365590938e-25,4.60800282582869,0.585,0.111,1.97605798533756e-20,"Microglia","Zfp710","C2H2 zinc finger"
7.57088561308802e-23,3.98546254811512,0.563,0.11,1.8949169600998e-18,"Microglia","Maf","bZIP"
2.00185349885743e-20,2.27798544276964,0.789,0.497,5.01043912229025e-16,"Microglia","Zeb2","other"
1.00701278495175e-18,2.24265368188935,0.761,0.555,2.52045229945573e-14,"Microglia","Mef2c","MEF2"
1.63375251022889e-16,2.49916044782095,0.704,0.489,4.08911915785188e-12,"Microglia","Foxn3","forkhead"
1.06023511931234e-12,3.0059663590316,0.585,0.346,2.65366248012686e-08,"Microglia","Mef2a","MEF2"
6.43344157383862e-10,2.85884057361565,0.43,0.155,1.61022609151607e-05,"Microglia","Etv6","ETS"
1.07183913534957e-49,2.60585136563784,0.951,0.269,2.68270617186645e-45,"OPC","Sox6","SOX"
1.51935748374166e-31,2.14259135507757,0.836,0.339,3.802799846057e-27,"OPC","Zeb1","other"
3.18891061325323e-23,1.42184612911856,0.808,0.428,7.98152437391151e-19,"OPC","Sox5","SOX"
1.55660223592527e-21,2.22323238401678,0.668,0.282,3.89601973629737e-17,"OPC","Zfp462","C2H2 zinc finger"
2.5603621982054e-20,3.61607704086083,0.441,0.076,6.4083305458883e-16,"OPC","Myt1","other"
5.80400859929781e-19,1.11139873002213,0.955,0.596,1.45268531231825e-14,"OPC","Npas3","bHLH"
8.37831268347958e-19,0.998764969527885,0.899,0.653,2.0970078815481e-14,"OPC","Rora","nuclear receptor"
9.61002765718837e-16,4.15853089033259,0.297,0.018,2.40529382231768e-11,"OPC","Sox10","SOX"
1.44758799786777e-12,1.09488760675094,0.731,0.55,3.62316799986324e-08,"OPC","Klf12","C2H2 zinc finger"
2.25215444023958e-08,0.853909364115043,0.633,0.291,0.000563691734847564,"OPC","Nfia","NFI"
4.11028335088743e-20,2.38482871842876,0.982,0.295,1.02876281989362e-15,"OPC cycling","Sox6","SOX"
1.00990610314321e-13,3.81074299327244,0.429,0.028,2.52769398555715e-09,"OPC cycling","Sox10","SOX"
3.06096523485275e-09,2.72425011097672,0.393,0.091,7.66128988631296e-05,"OPC cycling","Myt1","other"
3.61469472336181e-08,1.47117566213573,0.75,0.358,0.000904721942310227,"OPC cycling","Zeb1","other"
3.83398200777021e-08,1.01075684092565,0.982,0.609,0.000959607356724805,"OPC cycling","Npas3","bHLH"
9.60372342211273e-08,1.64475799053768,0.679,0.297,0.0024037159353206,"OPC cycling","Zfp462","C2H2 zinc finger"
3.82275350103431e-07,2.41539039987693,0.304,0.093,0.00956796973773877,"OPC cycling","Terf1","other"
2.82776890651865e-39,2.90147342978856,0.962,0.29,7.07762279612553e-35,"COP/NFOL","Sox6","SOX"
1.78574797659888e-30,6.60601469775321,0.596,0.02,4.46954861062933e-26,"COP/NFOL","St18","other"
8.35523672809027e-27,3.79576093959117,0.644,0.074,2.09123220067371e-22,"COP/NFOL","Tcf7l2","bHLH/TCF"
1.36216794484142e-20,1.93497778036897,0.904,0.497,3.40937014914359e-16,"COP/NFOL","Zeb2","other"
2.07233158264006e-19,4.64351153497847,0.442,0.024,5.18683871818981e-15,"COP/NFOL","Sox10","SOX"
4.02298571099543e-18,4.32631008834166,0.423,0.052,1.00691309360505e-13,"COP/NFOL","Dach2","other"
6.43094278852337e-14,3.27800601408887,0.365,0.048,1.60960067053951e-09,"COP/NFOL","Elf1","ETS"
9.10365165955215e-13,1.52864579497541,0.721,0.44,2.27855297386931e-08,"COP/NFOL","Tcf12","bHLH/TCF"
7.08628178029458e-12,2.48907350452175,0.51,0.155,1.77362546678993e-07,"COP/NFOL","Etv6","ETS"
4.39639067128954e-09,3.16271169076663,0.298,0.053,0.000110037262111706,"COP/NFOL","Mitf","bHLH"
3.93309328179647e-08,1.70174345864818,0.538,0.296,0.000984413917500839,"COP/NFOL","Zfp462","C2H2 zinc finger"
1.39026432963837e-07,2.29252844294659,0.404,0.158,0.00347969259065187,"COP/NFOL","Zfp827","C2H2 zinc finger"
1.06077243598992e-34,5.26845518215148,1,0.029,2.65500733003918e-30,"Oligodendrocyte","St18","other"
1.89781542427269e-17,4.61883214828986,1,0.083,4.75004222541213e-13,"Oligodendrocyte","Tcf7l2","bHLH/TCF"
1.54480170817983e-12,5.79365930677145,0.25,0.004,3.86648419540328e-08,"Oligodendrocyte","Myrf","other"
2.47311505927112e-11,2.92585346376403,0.625,0.053,6.18995968184969e-07,"Oligodendrocyte","Elf1","ETS"
7.27292083213448e-09,2.68319578361633,0.5,0.092,0.000182033935507494,"Oligodendrocyte","Zkscan1","C2H2 zinc finger"
1.04835501481654e-08,3.61200229241585,0.5,0.031,0.000262392776658433,"Oligodendrocyte","Sox10","SOX"
3.64304029736635e-08,3.285381300194,0.5,0.057,0.000911816556027822,"Oligodendrocyte","Mitf","bHLH"
5.8339431351657e-08,2.74822339430301,0.875,0.16,0.00146017762730062,"Oligodendrocyte","Etv6","ETS"
2.90081729756084e-07,2.54691605874228,0.875,0.187,0.00726045561406502,"Oligodendrocyte","Zfp536","C2H2 zinc finger"
2.60265780862298e-52,8.64879468235505,0.883,0.011,6.51419222920246e-48,"Endothelial","Mecom","other"
4.59365970546952e-39,6.51165639763719,0.702,0.015,1.14974708768197e-34,"Endothelial","Ets1","ETS"
2.87472927331866e-38,5.19886040234187,0.819,0.026,7.19515989818928e-34,"Endothelial","Fli1","other"
1.92365474475947e-37,5.15374199101247,0.819,0.124,4.81471546065848e-33,"Endothelial","Dach1","other"
5.76481498419444e-34,7.92625064133941,0.606,0.005,1.44287554239403e-29,"Endothelial","Lef1","other"
1.00742943251713e-29,4.72909699735676,0.66,0.042,2.52149512664712e-25,"Endothelial","Ebf1","other"
8.24437318912603e-24,4.62758243093392,0.468,0.025,2.06348416550635e-19,"Endothelial","Epas1","other"
5.37275515958981e-22,2.38994655032455,0.83,0.445,1.34474688889373e-17,"Endothelial","Foxp1","forkhead"
2.89710744125039e-19,1.96199261998061,0.766,0.355,7.25117021470559e-15,"Endothelial","Tshz2","other"
1.19878503687523e-17,7.51931516422785,0.33,0.003,3.00043906879502e-13,"Endothelial","Erg","other"
5.49823500039958e-17,2.88143725556177,0.606,0.154,1.37615323825001e-12,"Endothelial","Etv6","ETS"
8.40639000116036e-17,3.67336724775886,0.426,0.049,2.10403535339043e-12,"Endothelial","Ppard","nuclear receptor"
8.29429935395683e-13,3.80241373234237,0.255,0.02,2.07598018530185e-08,"Endothelial","Hes1","bHLH"
1.2226513970986e-11,2.9034949623922,0.5,0.09,3.0601741817981e-07,"Endothelial","Zfp521","C2H2 zinc finger"
3.05618858096059e-09,1.05692307311985,0.691,0.301,7.64933439928625e-05,"Endothelial","Nfia","NFI"
5.13988556985542e-09,2.93669942265478,0.34,0.075,0.000128646195927911,"Endothelial","Foxo1","forkhead"
5.53155391422295e-08,0.89482637665082,0.862,0.678,0.00138449262919086,"Endothelial","Tcf4","bHLH/TCF"
7.29032471215854e-08,2.44696841577569,0.34,0.076,0.00182469537220616,"Endothelial","Smad3","SMAD"
2.18812141496974e-07,2.57071901501058,0.255,0.05,0.00547664908952776,"Endothelial","Elf1","ETS"
1.60306609906364e-26,5.16346375190267,0.758,0.048,4.01231413934637e-22,"Pericyte/mural","Ebf1","other"
5.90721880027542e-14,4.13762570860719,0.273,0.025,1.47851779352094e-09,"Pericyte/mural","Ets1","ETS"
3.31349805167797e-09,1.50357705891423,0.97,0.663,8.29335427354479e-05,"Pericyte/mural","Rora","nuclear receptor"
5.21430122294093e-09,4.13156151352157,0.303,0.03,0.000130508745308989,"Pericyte/mural","Epas1","other"
1.9562131228456e-08,1.73616788486505,0.818,0.444,0.000489620582517025,"Pericyte/mural","Sox5","SOX"
2.1886855144877e-27,4.35829067901883,0.702,0.069,5.47806097421127e-23,"Ependymal","Glis3","C2H2 zinc finger"
3.19208201518622e-26,9.96824238085626,0.511,0.001,7.98946207580959e-22,"Ependymal","Zfp474","C2H2 zinc finger"
9.50032369574111e-20,2.2429360854653,0.936,0.466,2.37783601780704e-15,"Ependymal","Zbtb20","C2H2 zinc finger"
4.13655794112202e-15,1.78962205573156,0.766,0.303,1.03533908708343e-10,"Ependymal","Nfia","NFI"
7.92690518639515e-14,1.64542250788664,0.851,0.297,1.98402509910284e-09,"Ependymal","Sox6","SOX"
2.76890595923591e-13,9.45344697150987,0.255,0.001,6.93029472537157e-09,"Ependymal","Trp73","other"
6.50430665382446e-13,5.00787299068075,0.362,0.025,1.62796291238572e-08,"Ependymal","Rfx2","RFX"
1.25719190589834e-12,1.23147610301871,0.936,0.61,3.14662562127296e-08,"Ependymal","Npas3","bHLH"
1.89231001183292e-08,1.17213193205873,0.851,0.663,0.000473626272861661,"Ependymal","Rora","nuclear receptor"
4.00596201065081e-08,2.66341201218983,0.489,0.113,0.00100265223164579,"Ependymal","Zhx2","other"
1.58651773391565e-19,3.56435859322113,0.431,0.034,3.97089523621747e-15,"Cycling progenitor","Fli1","other"
3.13396148869386e-15,4.42218802447832,0.369,0.014,7.84399221005186e-11,"Cycling progenitor","Ikzf1","C2H2 zinc finger"
8.5428885967262e-14,4.25566003346323,0.369,0.019,2.1381995868746e-09,"Cycling progenitor","Runx1","RUNX"
2.72719767351577e-12,1.89340460733874,0.754,0.302,6.82590305704262e-08,"Cycling progenitor","Nfia","NFI"
3.35422400002798e-11,2.36512902498778,0.462,0.117,8.39528724967003e-07,"Cycling progenitor","Maf","bZIP"
2.16485685978513e-08,1.80260335490892,0.754,0.467,0.000541842023435621,"Cycling progenitor","Zbtb20","C2H2 zinc finger"
2.52372404033258e-08,1.64192333450162,0.754,0.501,0.000631662890054842,"Cycling progenitor","Zeb2","other"
