"cell_type","gene","family","partner_on_axon","pct_P10","pct_P21","pct_minus_other","enrich_log2","log2_P10_vs_P21","trend"
"BLA Glut Cdh8/Tshz3","Cdh8","Adhesion / synaptic organiser","homophilic (same cadherin/protocadherin)",0.893877551020408,0.880733944954128,48.1228238974035,2.63202280384294,0.553784197395845,"higher at P10"
"BLA Glut Cdh8/Tshz3","Slit3","Slit/Netrin","Robo1-3",0.96734693877551,0.94954128440367,44.2304063136976,2.5413246809226,0.251729691953414,"stable"
"BLA Glut Cdh8/Tshz3","Ntng1","Slit/Netrin","Lrrc4c (NGL-1)",0.763265306122449,0.830275229357798,42.8162919636088,1.92209354733582,-0.121510087418312,"stable"
"BLA Glut Cdh8/Tshz3","C1ql3","Secreted other","Adgrb3",0.477551020408163,0.692660550458716,30.2585711931575,1.64027318988434,-0.257430016338192,"stable"
"BLA Glut Cdh8/Tshz3","Igsf21","Adhesion / synaptic organiser","Nrxn2",0.481632653061225,0.619266055045872,29.5443193971869,1.50975284893912,-0.0794891786868648,"stable"
"BLA Glut Cdh8/Tshz3","Cntn6","Adhesion / synaptic organiser","Ptprg/Chl1",0.693877551020408,0.715596330275229,31.4469712071701,1.42660574425973,0.312972449347363,"stable"
"BLA Glut Fgf10/Nrp1","Slit3","Slit/Netrin","Robo1-3",0.991869918699187,0.971264367816092,46.7848833890806,2.74221241913959,0.201972796036047,"stable"
"BLA Glut Fgf10/Nrp1","C1ql3","Secreted other","Adgrb3",0.642276422764228,0.833333333333333,47.4174672719143,2.39333617630809,-0.198460713666693,"stable"
"BLA Glut Fgf10/Nrp1","Ntng2","Slit/Netrin","Lrrc4 (NGL-2)",0.308943089430894,0.425287356321839,23.3414859667775,1.76878844012231,-0.00592721481534573,"stable"
"BLA Glut Fgf10/Nrp1","Slit2","Slit/Netrin","Robo1-3",0.74390243902439,0.609195402298851,34.5844582925359,1.46560487213085,0.998008736148291,"higher at P10"
"BLA Glut Fgf10/Nrp1","Sema5a","Semaphorin","Plxna1/a3",0.451219512195122,0.408045977011494,24.3075285161911,1.39225115229056,0.444917682010991,"stable"
"BLA Glut Fgf10/Nrp1","Slit1","Slit/Netrin","Robo1-3",0.59349593495935,0.758620689655172,29.121217813865,1.20579762554733,-0.209103004743131,"stable"
"BLA Glut Otof/Trhr","Slit3","Slit/Netrin","Robo1-3",0.983957219251337,0.974025974025974,45.9606438632629,2.77784297519453,0.424394809696632,"stable"
"BLA Glut Otof/Trhr","Ntng2","Slit/Netrin","Lrrc4 (NGL-2)",0.304812834224599,0.324675324675325,22.9112510494551,1.92560405433961,0.240877510116442,"stable"
"BLA Glut Otof/Trhr","Cdh13","Adhesion / synaptic organiser","homophilic (same cadherin/protocadherin)",0.935828877005348,0.978354978354978,30.0972024262271,1.89934190359953,-0.141790611643255,"stable"
"BLA Glut Otof/Trhr","C1ql3","Secreted other","Adgrb3",0.406417112299465,0.666666666666667,22.8487890985015,1.23856553641524,-0.250355752235472,"stable"
"BLA Glut Otof/Trhr","Cntn4","Adhesion / synaptic organiser","Ptprg/App",0.754010695187166,0.904761904761905,19.5864279535211,1.08581929825175,-0.779031984633134,"higher at P21"
"BLA Glut Otof/Trhr","Cntn6","Adhesion / synaptic organiser","Ptprg/Chl1",0.593582887700535,0.670995670995671,20.9996104446834,1.01838846975498,0.346628980432504,"stable"
"BLA Glut Rspo2/Etv1","C1ql3","Secreted other","Adgrb3",0.853125,0.982558139534884,69.3808607339738,3.41307582830086,-0.498355258215932,"stable"
"BLA Glut Rspo2/Etv1","Cdh8","Adhesion / synaptic organiser","homophilic (same cadherin/protocadherin)",0.959375,0.959302325581395,54.9454748327777,3.19042532430517,0.932917819981723,"higher at P10"
"BLA Glut Rspo2/Etv1","Cdh9","Adhesion / synaptic organiser","homophilic (same cadherin/protocadherin)",0.821875,0.947674418604651,57.8964039788549,3.1608965370491,-0.128831048326457,"stable"
"BLA Glut Rspo2/Etv1","Slit2","Slit/Netrin","Robo1-3",0.878125,0.88953488372093,48.5659750608286,2.29452619942703,0.601014208734264,"higher at P10"
"BLA Glut Rspo2/Etv1","Sema3e","Semaphorin","Plxnd1",0.384375,0.540697674418605,32.2389949765005,2.15569573309507,-0.0466102875455564,"stable"
"BLA Glut Rspo2/Etv1","Slit3","Slit/Netrin","Robo1-3",0.96875,0.982558139534884,44.376558524582,2.02492023542157,-0.116561872017186,"stable"
"BLA Glut Tshz2/Satb1","Cntn4","Adhesion / synaptic organiser","Ptprg/App",0.957446808510638,0.936,40.7776897580494,2.65579806067327,0.00885543641664675,"stable"
"BLA Glut Tshz2/Satb1","Cntn6","Adhesion / synaptic organiser","Ptprg/Chl1",0.832151300236407,0.788,45.8504867505034,2.45776295759378,0.869599782352704,"higher at P10"
"BLA Glut Tshz2/Satb1","Ntng1","Slit/Netrin","Lrrc4c (NGL-1)",0.789598108747045,0.82,45.5592922370042,2.44045191762396,0.00518284648574153,"stable"
"BLA Glut Tshz2/Satb1","Slit3","Slit/Netrin","Robo1-3",0.966903073286052,0.904,44.1841703252124,2.39806546135596,0.30329207212491,"stable"
"BLA Glut Tshz2/Satb1","Sema3a","Semaphorin","Nrp1/Plxna1-4",0.477541371158392,0.424,28.5173435269595,1.67356330175159,0.493267371068756,"stable"
"BLA Glut Tshz2/Satb1","Pcdh7","Adhesion / synaptic organiser","homophilic (same cadherin/protocadherin)",0.969267139479905,0.908,14.3038213619122,1.32351970230053,1.02290446021991,"higher at P10"
"BLA Glut Vgll3/Prr16","Cntn4","Adhesion / synaptic organiser","Ptprg/App",0.931818181818182,0.973154362416107,38.1080411442519,2.57392021199499,-0.241205617388531,"stable"
"BLA Glut Vgll3/Prr16","Slit3","Slit/Netrin","Robo1-3",0.962121212121212,0.966442953020134,43.6860597872082,2.43828980324279,0.101112600508456,"stable"
"BLA Glut Vgll3/Prr16","C1ql3","Secreted other","Adgrb3",0.537878787878788,0.852348993288591,36.5427136380143,2.18338118562992,-0.808522711465153,"higher at P21"
"BLA Glut Vgll3/Prr16","Cntn6","Adhesion / synaptic organiser","Ptprg/Chl1",0.681818181818182,0.718120805369127,30.1907869152716,1.46906699640873,0.478372054733285,"stable"
"BLA Glut Vgll3/Prr16","Cdh13","Adhesion / synaptic organiser","homophilic (same cadherin/protocadherin)",0.893939393939394,0.885906040268456,25.7337146068569,1.45833021661802,0.703193647111834,"higher at P10"
"BLA Glut Vgll3/Prr16","Slit2","Slit/Netrin","Robo1-3",0.659090909090909,0.563758389261745,25.749923924465,1.14657380212407,0.779788303113742,"higher at P10"
"ITC Foxp2/Kcnh5 (b)","Sdk2","Adhesion / synaptic organiser","Sdk2 (homophilic)",0.599099099099099,0.76890756302521,35.5404798672619,2.17823054812723,-0.219909026966119,"stable"
"ITC Foxp2/Kcnh5 (b)","Sema5b","Semaphorin","Plxna1/a3",0.459459459459459,0.65546218487395,31.5846401760346,2.15637196281476,-0.294102414077514,"stable"
"ITC Foxp2/Kcnh5 (b)","Sema6d","Semaphorin","Plxna1",0.932432432432432,0.949579831932773,30.1915379970843,2.13528632764738,0.129344139737374,"stable"
"ITC Foxp2/Kcnh5 (b)","Kirrel3","Adhesion / synaptic organiser","Kirrel3 (homophilic)",0.977477477477477,0.978991596638655,17.1064265072401,1.85109878915982,0.705670622895776,"higher at P10"
"ITC Foxp2/Kcnh5 (b)","Cdh6","Adhesion / synaptic organiser","homophilic (same cadherin/protocadherin)",0.328828828828829,0.386554621848739,20.412624252122,1.7678065639126,0.169771053292577,"stable"
"ITC Foxp2/Kcnh5 (b)","Cdh18","Adhesion / synaptic organiser","homophilic (same cadherin/protocadherin)",0.788288288288288,0.857142857142857,32.5943981665764,1.76117779615964,0.0259986052492833,"stable"
"ITC Foxp2/Tshz1 (a)","Ntng1","Slit/Netrin","Lrrc4c (NGL-1)",0.751677852348993,0.865591397849462,41.6092655288738,2.23276970932763,-0.0660878441726038,"stable"
"ITC Foxp2/Tshz1 (a)","Sema5b","Semaphorin","Plxna1/a3",0.425055928411633,0.546594982078853,28.0009390252194,1.97260665623474,-0.0593538033085995,"stable"
"ITC Foxp2/Tshz1 (a)","Kirrel3","Adhesion / synaptic organiser","Kirrel3 (homophilic)",0.984340044742729,0.991039426523297,17.8212772640371,1.63067284482848,0.278056547260034,"stable"
"ITC Foxp2/Tshz1 (a)","Cdh18","Adhesion / synaptic organiser","homophilic (same cadherin/protocadherin)",0.731543624161074,0.792114695340502,26.6834956533249,1.3785058841331,-0.0778113866959032,"stable"
"ITC Foxp2/Tshz1 (a)","Cdh9","Adhesion / synaptic organiser","homophilic (same cadherin/protocadherin)",0.449664429530201,0.474910394265233,19.1244695549175,1.16247857487582,0.235967523835856,"stable"
"ITC Foxp2/Tshz1 (a)","Cdh13","Adhesion / synaptic organiser","homophilic (same cadherin/protocadherin)",0.83668903803132,0.924731182795699,19.7701358664325,1.04738311730212,-0.181348076662536,"stable"
