"gene","cell_type","avg_P10s1","avg_P21s1","avg_P21s2","pct_P10s1","pct_P21s1","pct_P21s2","lfc_vs_P21s1","lfc_vs_P21s2","consistent"
"Sema3e","BLA Glut Rspo2/Etv1",0.501295649439204,0.508521823331442,0.55490932727627,0.384375,0.544303797468354,0.537634408602151,-0.0104251652389339,-0.0773481871393539,FALSE
"Plxnd1","BLA Glut Rspo2/Etv1",0.0358662520221832,0.0863938977808699,0.0207557321574676,0.034375,0.139240506329114,0.021505376344086,-0.0728959839638515,0.0217998720740795,FALSE
"Nrp1","BLA Glut Rspo2/Etv1",0.171240839027059,0.30668884133772,0.455678291582128,0.13125,0.354430379746835,0.397849462365591,-0.195410161231906,-0.410356502244287,FALSE
"Kirrel3","BLA Glut Rspo2/Etv1",0.570781586266167,0.675499215742581,0.875975498359724,0.35,0.544303797468354,0.591397849462366,-0.151075604739271,-0.440301743486877,FALSE
"Sdk2","BLA Glut Rspo2/Etv1",0.148981019601673,0.43647348221455,0.330327144844633,0.125,0.518987341772152,0.387096774193548,-0.414763950104554,-0.261627155572449,FALSE
"Sema6d","BLA Glut Rspo2/Etv1",1.85727581525717,1.20476986872663,1.19802751865297,0.86875,0.873417721518987,0.78494623655914,0.941367093210163,0.951094248225369,TRUE
"Sema5b","BLA Glut Rspo2/Etv1",0.0318192222843988,0.0150478588534907,0.0449964915282525,0.028125,0.0379746835443038,0.0537634408602151,0.0241959628507177,-0.0190107809905664,FALSE
"Cdh8","BLA Glut Rspo2/Etv1",2.53785113680706,1.8735329355405,1.90621079876803,0.959375,0.962025316455696,0.956989247311828,0.958408574539534,0.911264383314335,TRUE
"Cdh9","BLA Glut Rspo2/Etv1",1.8006640893963,1.88836263390295,1.89132239031607,0.821875,0.962025316455696,0.935483870967742,-0.126522255252915,-0.130792281152372,FALSE
"Cdh13","BLA Glut Rspo2/Etv1",0.458835306659419,0.461565556696464,0.383419479163025,0.33125,0.417721518987342,0.354838709677419,-0.00393891818883128,0.108802040333585,FALSE
"Cdh18","BLA Glut Rspo2/Etv1",0.377146475454726,0.998673522564471,0.952088421967734,0.26875,0.810126582278481,0.698924731182796,-0.89667398864359,-0.829465895033363,TRUE
"C1ql3","BLA Glut Rspo2/Etv1",1.51839079695476,1.76321523696217,1.94928798501008,0.853125,0.974683544303797,0.989247311827957,-0.353207005487114,-0.621653236340413,TRUE
"Slit2","BLA Glut Rspo2/Etv1",1.91153198824772,1.56565198328568,1.43487409641088,0.878125,0.936708860759494,0.849462365591398,0.498999367901381,0.687671976753593,TRUE
"Ntng1","BLA Glut Rspo2/Etv1",0.995735629303795,1.17180809819988,1.27098563985881,0.590625,0.860759493670886,0.806451612903226,-0.254018877713457,-0.39710182523235,FALSE
"Sema3e","BLA Glut Tshz2/Satb1",0.0189889029507553,0.0479943878280389,0.00950177915679417,0.0118203309692671,0.0458715596330275,0.00709219858156028,-0.0418460691910369,0.0136870264498473,FALSE
"Plxnd1","BLA Glut Tshz2/Satb1",0.0805001536460929,0.416931823203275,0.250717595406388,0.0567375886524823,0.422018348623853,0.26241134751773,-0.485368301268141,-0.245571859100384,FALSE
"Nrp1","BLA Glut Tshz2/Satb1",0.445362533112496,0.101173806696801,0.190579871062208,0.26241134751773,0.128440366972477,0.156028368794326,0.496559368729811,0.367573683044439,TRUE
"Kirrel3","BLA Glut Tshz2/Satb1",1.37970647250081,1.18491832355861,1.2282896123355,0.59338061465721,0.706422018348624,0.680851063829787,0.281019896502862,0.218448353267477,FALSE
"Sdk2","BLA Glut Tshz2/Satb1",0.0221583867120289,0.0671502105252753,0.0349202228244995,0.0141843971631206,0.0917431192660551,0.0425531914893617,-0.0649094810959205,-0.0184114376720991,FALSE
"Sema6d","BLA Glut Tshz2/Satb1",1.20485242898119,0.441437184870131,0.410678486768446,0.626477541371158,0.357798165137615,0.319148936170213,1.10137538681806,1.14575080803356,TRUE
"Sema5b","BLA Glut Tshz2/Satb1",0.066803017983998,0.0360956636984278,0.0117707142490087,0.0472813238770686,0.0275229357798165,0.0141843971631206,0.0443013477466127,0.0793948316871643,FALSE
"Cdh8","BLA Glut Tshz2/Satb1",0.83824812544495,0.996026714436222,1.01746061578687,0.460992907801418,0.688073394495413,0.652482269503546,-0.227626387896165,-0.25854897108165,FALSE
"Cdh9","BLA Glut Tshz2/Satb1",0.0747569593819141,0.318903912538186,0.372150813696221,0.049645390070922,0.311926605504587,0.269503546099291,-0.352229598566703,-0.429048638810106,TRUE
"Cdh13","BLA Glut Tshz2/Satb1",1.79006698498207,1.49467559274995,1.74203687756478,0.75177304964539,0.724770642201835,0.773049645390071,0.426159696694571,0.0692927977842961,FALSE
"Cdh18","BLA Glut Tshz2/Satb1",1.31592437059022,1.69158514395491,1.43698228378806,0.650118203309693,0.862385321100917,0.773049645390071,-0.541963934789749,-0.174649651030884,FALSE
"C1ql3","BLA Glut Tshz2/Satb1",0.17315214679659,0.361529822345836,0.46256698785367,0.120567375886525,0.348623853211009,0.368794326241135,-0.271771538329087,-0.417537355952717,FALSE
"Slit2","BLA Glut Tshz2/Satb1",0.568621251444678,0.686285164215915,0.448627585423771,0.335697399527187,0.559633027522936,0.375886524822695,-0.169753143446656,0.173114266906449,FALSE
"Ntng1","BLA Glut Tshz2/Satb1",1.82828899090765,1.93607962016034,1.73859184590226,0.789598108747045,0.889908256880734,0.765957446808511,-0.155509006277154,0.129405626281171,FALSE
"Sema3e","BLA Glut Cdh8/Tshz3",0.0338260792591104,0.0460314454453621,0.0448081437664538,0.0244897959183673,0.0641025641025641,0.0357142857142857,-0.0176086212691392,-0.0158437700034669,FALSE
"Plxnd1","BLA Glut Cdh8/Tshz3",0.087636086631548,0.246623349864425,0.122083447240773,0.0612244897959184,0.294871794871795,0.157142857142857,-0.22937013623058,-0.0496970363226423,FALSE
"Nrp1","BLA Glut Cdh8/Tshz3",0.0827749204311065,0.143528196336796,0.178167090003884,0.0530612244897959,0.192307692307692,0.164285714285714,-0.0876484498668971,-0.137621809982286,FALSE
"Kirrel3","BLA Glut Cdh8/Tshz3",2.31333689498117,2.22874138755421,2.0604692214628,0.897959183673469,0.948717948717949,0.864285714285714,0.122045519046361,0.364810938586074,FALSE
"Sdk2","BLA Glut Cdh8/Tshz3",0.142834094375624,0.435167653799592,0.293947072502018,0.106122448979592,0.435897435897436,0.271428571428571,-0.421748176466378,-0.218009944156911,FALSE
"Sema6d","BLA Glut Cdh8/Tshz3",1.12250003903137,0.566792541046285,0.802840913325619,0.608163265306122,0.564102564102564,0.542857142857143,0.801716451527902,0.461170635430595,TRUE
"Sema5b","BLA Glut Cdh8/Tshz3",0.0476873641426534,0.0144691443428821,0.0312797764930593,0.036734693877551,0.0256410256410256,0.0357142857142857,0.0479237609722896,0.0236711453350204,FALSE
"Cdh8","BLA Glut Cdh8/Tshz3",2.20702421906699,1.81971199924532,1.82509701151149,0.893877551020408,0.948717948717949,0.842857142857143,0.558773418812417,0.551004488320894,TRUE
"Cdh9","BLA Glut Cdh8/Tshz3",0.275790891196286,0.581759001776335,0.462498760577005,0.179591836734694,0.538461538461538,0.414285714285714,-0.441418675804003,-0.269362517250509,FALSE
"Cdh13","BLA Glut Cdh8/Tshz3",0.922226928009358,0.776358023925219,0.72027962425162,0.485714285714286,0.551282051282051,0.478571428571429,0.210444344542095,0.291348373652186,FALSE
"Cdh18","BLA Glut Cdh8/Tshz3",1.64559513350958,1.93184568421989,1.74776296316236,0.738775510204082,0.897435897435897,0.814285714285714,-0.412972249961498,-0.147397021178451,FALSE
"C1ql3","BLA Glut Cdh8/Tshz3",0.759400000068953,0.96326409521305,0.923670304371222,0.477551020408163,0.807692307692308,0.628571428571429,-0.294113719079706,-0.236991953382204,FALSE
"Slit2","BLA Glut Cdh8/Tshz3",0.752277899079237,0.779850689020385,0.670914257166319,0.448979591836735,0.602564102564103,0.521428571428571,-0.0397791273115676,0.117382922696432,FALSE
"Ntng1","BLA Glut Cdh8/Tshz3",1.55100490150099,1.61401199816043,1.64705033080348,0.763265306122449,0.884615384615385,0.8,-0.0909000258913851,-0.138564264554745,FALSE
"Sema3e","BLA Glut Fgf10/Nrp1",0.0434443734742659,0.0410384870152642,0.0420984778794449,0.0365853658536585,0.0547945205479452,0.0396039603960396,0.00347096046334363,0.0019417169002026,FALSE
"Plxnd1","BLA Glut Fgf10/Nrp1",0.0591259863257971,0.0555051080708767,0.0661032493104884,0.0528455284552846,0.0684931506849315,0.0792079207920792,0.00522382310203639,-0.0100660627069923,FALSE
"Nrp1","BLA Glut Fgf10/Nrp1",1.04354949164896,0.683658732581281,0.660574467190723,0.601626016260163,0.63013698630137,0.514851485148515,0.519212613368713,0.552516168570235,TRUE
"Kirrel3","BLA Glut Fgf10/Nrp1",1.37505610494324,1.97812355205588,2.02629626663202,0.626016260162602,0.904109589041096,0.871287128712871,-0.870042415270977,-0.939540951696137,TRUE
"Sdk2","BLA Glut Fgf10/Nrp1",0.147289035905787,0.437120476951741,0.305673420674725,0.101626016260163,0.506849315068493,0.297029702970297,-0.4181383826907,-0.228500366460397,FALSE
"Sema6d","BLA Glut Fgf10/Nrp1",1.25681225591299,0.85423274940275,0.902657107696437,0.650406504065041,0.616438356164384,0.584158415841584,0.580799457605847,0.510937876037315,TRUE
"Sema5b","BLA Glut Fgf10/Nrp1",0.06475069448072,0.0294443143597196,0.07852291250158,0.0487804878048781,0.0273972602739726,0.0594059405940594,0.050936339512308,-0.0198691106407364,FALSE
"Cdh8","BLA Glut Fgf10/Nrp1",1.27626309628333,0.982224475664638,0.930063241994817,0.626016260162602,0.671232876712329,0.613861386138614,0.424208059796425,0.499460812938526,TRUE
"Cdh9","BLA Glut Fgf10/Nrp1",0.39181017372651,0.814841850961247,0.803228786229821,0.280487804878049,0.684931506849315,0.603960396039604,-0.610305702885496,-0.593551591987945,TRUE
"Cdh13","BLA Glut Fgf10/Nrp1",1.26939426338921,1.03450929273384,0.870846791492941,0.626016260162602,0.684931506849315,0.584158415841584,0.338867382343853,0.574982461263585,TRUE
"Cdh18","BLA Glut Fgf10/Nrp1",0.284162723020929,0.683140283632985,0.573475885796338,0.195121951219512,0.63013698630137,0.475247524752475,-0.57560294812099,-0.417390665199985,TRUE
"C1ql3","BLA Glut Fgf10/Nrp1",1.05276991961793,1.02676771138534,1.30855242892087,0.642276422764228,0.821917808219178,0.841584158415842,0.0375132568693299,-0.369016157717482,FALSE
"Slit2","BLA Glut Fgf10/Nrp1",1.46628064076172,0.805549863357762,0.752081620028377,0.74390243902439,0.698630136986301,0.544554455445545,0.9532330159234,1.03037138541975,TRUE
"Ntng1","BLA Glut Fgf10/Nrp1",0.297732102390299,0.369377435081375,0.295503839694668,0.207317073170732,0.36986301369863,0.316831683168317,-0.103362366176255,0.00321470354078557,FALSE
"Sema3e","BLA Glut Otof/Trhr",0.00600568833449889,0.0419290124676515,0.0111895213404757,0.0053475935828877,0.0606060606060606,0.0151515151515152,-0.051826401579146,-0.00747869017051929,FALSE
"Plxnd1","BLA Glut Otof/Trhr",0.077770568463669,0.211960142621954,0.163906339618579,0.053475935828877,0.262626262626263,0.181818181818182,-0.19359463317716,-0.124267649888336,FALSE
"Nrp1","BLA Glut Otof/Trhr",0.763885708864639,0.455081602997977,0.355756216878817,0.470588235294118,0.474747474747475,0.310606060606061,0.445510152139985,0.588806394128478,TRUE
"Kirrel3","BLA Glut Otof/Trhr",1.5693116808043,1.75438522663556,1.7599902591464,0.679144385026738,0.888888888888889,0.825757575757576,-0.267004686770494,-0.275091039377911,FALSE
"Sdk2","BLA Glut Otof/Trhr",0.0897103632231308,0.264057200418757,0.126480454372376,0.0641711229946524,0.272727272727273,0.159090909090909,-0.251529317416805,-0.0530480281540509,FALSE
"Sema6d","BLA Glut Otof/Trhr",0.754531151358841,0.346278656149365,0.475515023768399,0.449197860962567,0.313131313131313,0.386363636363636,0.588983850269256,0.402535183602772,TRUE
"Sema5b","BLA Glut Otof/Trhr",0.0286235161534787,0.0310597308273354,0.0286641635150641,0.0213903743315508,0.0505050505050505,0.0378787878787879,-0.00351471482851406,-5.86417469844897e-05,FALSE
"Cdh8","BLA Glut Otof/Trhr",0.759534657136376,0.727478988678558,0.816317353564708,0.443850267379679,0.606060606060606,0.613636363636364,0.0462465539164749,-0.0819201145454576,FALSE
"Cdh9","BLA Glut Otof/Trhr",0.395285245013827,0.942650518675541,0.914526049834601,0.267379679144385,0.767676767676768,0.674242424242424,-0.789681165866585,-0.749106134142124,TRUE
"Cdh13","BLA Glut Otof/Trhr",2.60720373684471,2.76090632499031,2.6639198804437,0.935828877005348,1,0.962121212121212,-0.221745961689447,-0.0818240991086115,FALSE
"Cdh18","BLA Glut Otof/Trhr",0.728730490036894,1.33093289926281,0.96578878083037,0.422459893048128,0.868686868686869,0.575757575757576,-0.868794429401617,-0.342002820529362,TRUE
"C1ql3","BLA Glut Otof/Trhr",0.623947942311948,0.680990267428928,0.88484962012243,0.406417112299465,0.656565656565657,0.674242424242424,-0.0822946795670439,-0.376401556736793,FALSE
"Slit2","BLA Glut Otof/Trhr",0.919915286044765,0.580348551475009,0.549118660525045,0.540106951871658,0.535353535353535,0.431818181818182,0.489891244014645,0.534946452815663,TRUE
"Ntng1","BLA Glut Otof/Trhr",0.549303876145875,0.710877223150351,0.730499654628881,0.320855614973262,0.555555555555556,0.507575757575758,-0.233101066463189,-0.261410251047448,FALSE
"Sema3e","BLA Glut Vgll3/Prr16",0,0.00736184557922193,0.040907409105457,0,0.0161290322580645,0.0459770114942529,-0.0106208981089338,-0.0590169162520588,FALSE
"Plxnd1","BLA Glut Vgll3/Prr16",0.07605740159291,0.049043431291623,0.0456826696762989,0.0606060606060606,0.0645161290322581,0.0574712643678161,0.0389729209883885,0.0438214751044265,FALSE
"Nrp1","BLA Glut Vgll3/Prr16",0.869944721330587,0.301420385487748,0.36094107913011,0.484848484848485,0.290322580645161,0.28735632183908,0.820207239945156,0.734337030397049,TRUE
"Kirrel3","BLA Glut Vgll3/Prr16",1.74125458298677,1.66446830974844,1.5456942863177,0.772727272727273,0.774193548387097,0.71264367816092,0.110779175609278,0.282133870199244,FALSE
"Sdk2","BLA Glut Vgll3/Prr16",0.310236598635909,0.79127193811343,0.626327588329293,0.204545454545455,0.645161290322581,0.482758620689655,-0.693987298756558,-0.456022903300329,TRUE
"Sema6d","BLA Glut Vgll3/Prr16",0.318001106276215,0.161386682811761,0.227801335268032,0.204545454545455,0.145161290322581,0.172413793103448,0.225946852063852,0.130130762322825,FALSE
"Sema5b","BLA Glut Vgll3/Prr16",0.0741738470620237,0.0266559458989994,0.0296786015359187,0.0454545454545455,0.032258064516129,0.0229885057471264,0.0685538403613471,0.0641930700636485,FALSE
"Cdh8","BLA Glut Vgll3/Prr16",0.4124024464629,0.308299637965462,0.449639028796149,0.257575757575758,0.290322580645161,0.367816091954023,0.150188605561867,-0.053721032671831,FALSE
"Cdh9","BLA Glut Vgll3/Prr16",0.403849926189812,0.794373552649999,0.819811036509116,0.25,0.612903225806452,0.597701149425287,-0.563406499244087,-0.600105031060328,TRUE
"Cdh13","BLA Glut Vgll3/Prr16",2.33922213142859,1.9565428858945,1.77716495711263,0.893939393939394,0.935483870967742,0.850574712643678,0.552089449783164,0.810877098081692,TRUE
"Cdh18","BLA Glut Vgll3/Prr16",0.791416890206081,1.28277958238136,1.08318856460835,0.454545454545455,0.790322580645161,0.655172413793103,-0.708886519279123,-0.420937547732016,TRUE
"C1ql3","BLA Glut Vgll3/Prr16",0.96612284316169,1.36959604319988,1.6383989585683,0.537878787878788,0.854838709677419,0.850574712643678,-0.582088784826691,-0.969889417805208,TRUE
"Slit2","BLA Glut Vgll3/Prr16",1.30671821041146,0.71973244910953,0.799332184019728,0.659090909090909,0.564516129032258,0.563218390804598,0.846841446902725,0.732003304091707,TRUE
"Ntng1","BLA Glut Vgll3/Prr16",0.275412400839351,0.483340362287077,0.42406375009116,0.174242424242424,0.387096774193548,0.298850574712644,-0.299976638842785,-0.214458564387038,FALSE
"Sema3e","BMA Glut Slc17a6/Zfp804b",0.15941255471831,0.11467181075786,0.0829145997183841,0.101010101010101,0.110091743119266,0.0752212389380531,0.0645472494374233,0.11036322031654,FALSE
"Plxnd1","BMA Glut Slc17a6/Zfp804b",0.00984353656227125,0.0285769436100078,0.0380079199021531,0.00673400673400673,0.0275229357798165,0.0353982300884956,-0.0270265934467239,-0.0406326161741433,FALSE
"Nrp1","BMA Glut Slc17a6/Zfp804b",0.276781071518687,0.161903880431838,0.150240438739107,0.175084175084175,0.155963302752294,0.123893805309735,0.165732753892251,0.182559543382051,FALSE
"Kirrel3","BMA Glut Slc17a6/Zfp804b",2.96577790554555,2.49424749031165,2.50751052408686,0.898989898989899,0.917431192660551,0.938053097345133,0.680274591686258,0.661140078631621,TRUE
"Sdk2","BMA Glut Slc17a6/Zfp804b",0.528110721142832,0.308654755653912,0.354325500335575,0.306397306397306,0.284403669724771,0.283185840707965,0.316608033104365,0.250719076238424,FALSE
"Sema6d","BMA Glut Slc17a6/Zfp804b",1.17072606967842,1.35115333364748,1.2745013053352,0.552188552188552,0.724770642201835,0.65929203539823,-0.260301518969321,-0.149716017849115,FALSE
"Sema5b","BMA Glut Slc17a6/Zfp804b",0.0435039020088636,0.0198888202058377,0.0692395778063989,0.0303030303030303,0.0275229357798165,0.0619469026548673,0.0340693614074126,-0.0371287318470304,FALSE
"Cdh8","BMA Glut Slc17a6/Zfp804b",0.89946433215631,0.7727905601705,0.856417768411287,0.494949494949495,0.541284403669725,0.579646017699115,0.182751622654627,0.0621030640422555,FALSE
"Cdh9","BMA Glut Slc17a6/Zfp804b",0.30471158643092,0.21232078449718,0.260753908161449,0.191919191919192,0.220183486238532,0.234513274336283,0.133291751773562,0.0634175244483593,FALSE
"Cdh13","BMA Glut Slc17a6/Zfp804b",2.14451887396382,2.23604082514788,2.11489050814793,0.882154882154882,0.954128440366973,0.889380530973451,-0.132038265105726,0.0427446964322296,FALSE
"Cdh18","BMA Glut Slc17a6/Zfp804b",1.32721900628393,1.05493911958227,1.38081112004112,0.579124579124579,0.596330275229358,0.690265486725664,0.392816842278285,-0.0773170767482645,FALSE
"C1ql3","BMA Glut Slc17a6/Zfp804b",0.254913565939135,0.313442398655696,0.367286388411058,0.164983164983165,0.275229357798165,0.292035398230089,-0.0844392567092025,-0.162119713710939,FALSE
"Slit2","BMA Glut Slc17a6/Zfp804b",1.50397942373633,0.760060698040386,0.788900760889509,0.693602693602694,0.55045871559633,0.5,1.07324785638597,1.03164044073462,TRUE
"Ntng1","BMA Glut Slc17a6/Zfp804b",1.69227039163854,1.93202210151074,1.81147427992482,0.734006734006734,0.880733944954128,0.827433628318584,-0.345888602877265,-0.171974858485288,FALSE
"Sema3e","PA/BMAp Glut Esr1/Reln",0,0,0,0,0,0,0,0,FALSE
"Plxnd1","PA/BMAp Glut Esr1/Reln",0.0580368689373998,0.127003423229007,0.112108829787124,0.0388349514563107,0.2,0.141025641025641,-0.0994977058637018,-0.0780093497690392,FALSE
"Nrp1","PA/BMAp Glut Esr1/Reln",1.02235220569657,0.787338381927641,0.937732239162369,0.592233009708738,0.7,0.641025641025641,0.339053278091788,0.122080806079083,FALSE
"Kirrel3","PA/BMAp Glut Esr1/Reln",2.84976534286037,2.74001683159217,2.86539283842744,0.951456310679612,1,0.961538461538462,0.158333632951575,-0.0225457103561221,FALSE
"Sdk2","PA/BMAp Glut Esr1/Reln",0.193902437907293,0.442056519168365,0.17988761669646,0.135922330097087,0.466666666666667,0.179487179487179,-0.358010662411706,0.0202191130598147,FALSE
"Sema6d","PA/BMAp Glut Esr1/Reln",1.35307445076751,0.644388918711438,0.686686038116727,0.679611650485437,0.633333333333333,0.512820512820513,1.02241710264705,0.961395258237154,TRUE
"Sema5b","PA/BMAp Glut Esr1/Reln",0.026433452966233,0.0160006307838102,0.0146060616474253,0.0194174757281553,0.0333333333333333,0.0128205128205128,0.0150513808250577,0.0170633188022971,FALSE
"Cdh8","PA/BMAp Glut Esr1/Reln",0.485216619741005,0.604937688285664,0.568700909526667,0.310679611650485,0.633333333333333,0.474358974358974,-0.172720991879308,-0.120442370865913,FALSE
"Cdh9","PA/BMAp Glut Esr1/Reln",0.675335866813938,0.659648817437229,0.80502979661299,0.407766990291262,0.6,0.564102564102564,0.0226316283419581,-0.187108789354493,FALSE
"Cdh13","PA/BMAp Glut Esr1/Reln",2.09283506295083,1.28758111881606,1.66896179307124,0.87378640776699,0.7,0.782051282051282,1.16173587185951,0.611519864420668,TRUE
"Cdh18","PA/BMAp Glut Esr1/Reln",0.395191279286725,0.877969436249492,0.846103974417121,0.242718446601942,0.633333333333333,0.564102564102564,-0.696501652899696,-0.650529509138499,TRUE
"C1ql3","PA/BMAp Glut Esr1/Reln",0.384900474400788,0.308434649034623,0.490522720398644,0.252427184466019,0.333333333333333,0.41025641025641,0.110316867053248,-0.152380690508661,FALSE
"Slit2","PA/BMAp Glut Esr1/Reln",1.42683927985733,0.643816534249188,0.764907474045968,0.728155339805825,0.566666666666667,0.58974358974359,1.12966303199213,0.954965733650733,TRUE
"Ntng1","PA/BMAp Glut Esr1/Reln",0.164922357925242,0.344844955526746,0.228953062199125,0.116504854368932,0.266666666666667,0.205128205128205,-0.259573439303551,-0.0923767795205596,FALSE
"Sema3e","Immature Glut Igfbpl1/Epha3",0.0618438386168585,0.0894206317554836,0.0669668126930486,0.027027027027027,0.0740740740740741,0.0303030303030303,-0.0397849027047153,-0.00739088929432219,FALSE
"Plxnd1","Immature Glut Igfbpl1/Epha3",0.049055427127226,0.0952474050784219,0.043590628353877,0.027027027027027,0.0740740740740741,0.0454545454545455,-0.0666409375190426,0.00788403808976674,FALSE
"Nrp1","Immature Glut Igfbpl1/Epha3",0.330176901774474,0.730193015320017,0.276215849944004,0.162162162162162,0.407407407407407,0.136363636363636,-0.577101263287831,0.0778493418769713,FALSE
"Kirrel3","Immature Glut Igfbpl1/Epha3",1.62027959354986,2.13230642196568,1.48545007027687,0.648648648648649,0.777777777777778,0.590909090909091,-0.738698566157604,0.194517884591369,FALSE
"Sdk2","Immature Glut Igfbpl1/Epha3",0.103089826456611,0.035197164052835,0.120357675108669,0.0540540540540541,0.037037037037037,0.0757575757575758,0.097948407362676,-0.0249122396171455,FALSE
"Sema6d","Immature Glut Igfbpl1/Epha3",1.54608218131889,1.55737533536072,1.53864122510565,0.567567567567568,0.703703703703704,0.681818181818182,-0.0162925773321554,0.0107350306283063,FALSE
"Sema5b","Immature Glut Igfbpl1/Epha3",0.785155271169061,0.80848108742274,0.697849158386926,0.351351351351351,0.518518518518518,0.348484848484849,-0.0336520394338701,0.125956095950079,FALSE
"Cdh8","Immature Glut Igfbpl1/Epha3",0.55922007328326,0.335289211227093,0.39069130097338,0.27027027027027,0.222222222222222,0.196969696969697,0.323063944190423,0.24313562405857,FALSE
"Cdh9","Immature Glut Igfbpl1/Epha3",0,0.192640921313892,0.0865804844694095,0,0.111111111111111,0.0606060606060606,-0.277922101851833,-0.124909235581781,FALSE
"Cdh13","Immature Glut Igfbpl1/Epha3",0.35838606153655,0.254573319216931,0.223258457751291,0.162162162162162,0.148148148148148,0.136363636363636,0.149770128525598,0.194947923868202,FALSE
"Cdh18","Immature Glut Igfbpl1/Epha3",0.328550416790769,0.760549989289721,0.642122365018506,0.162162162162162,0.444444444444444,0.363636363636364,-0.623243640910391,-0.452388694670047,TRUE
"C1ql3","Immature Glut Igfbpl1/Epha3",0.0899538344621796,0.115579776089472,0.0829548446375654,0.0540540540540541,0.0740740740740741,0.0606060606060606,-0.0369704189038044,0.0100974079112032,FALSE
"Slit2","Immature Glut Igfbpl1/Epha3",1.1243126854533,0.896280193411326,0.763478437278163,0.486486486486487,0.444444444444444,0.393939393939394,0.328981345430505,0.520573780425165,TRUE
"Ntng1","Immature Glut Igfbpl1/Epha3",0.289145761045712,0.152010131319266,0.0752648995791274,0.162162162162162,0.111111111111111,0.0606060606060606,0.19784489293553,0.308564858178902,FALSE
"Sema3e","CLA/EPd-like Glut Satb2/Nr4a2",0.178801197112622,0.382091842074117,0.126707302691321,0.102564102564103,0.333333333333333,0.173913043478261,-0.293286405345068,0.0751556031422039,FALSE
"Plxnd1","CLA/EPd-like Glut Satb2/Nr4a2",0,0.0113352896823773,0.0847535574081175,0,0.0666666666666667,0.0869565217391304,-0.0163533662118056,-0.122273536970389,FALSE
"Nrp1","CLA/EPd-like Glut Satb2/Nr4a2",0.19624874437026,0.371291945078659,0.26453113866888,0.153846153846154,0.466666666666667,0.304347826086957,-0.25253395760334,-0.0985106716346436,FALSE
"Kirrel3","CLA/EPd-like Glut Satb2/Nr4a2",2.42261134352343,1.77176319694982,2.15725718669553,0.769230769230769,0.866666666666667,0.826086956521739,0.938975393433512,0.382825126134887,TRUE
"Sdk2","CLA/EPd-like Glut Satb2/Nr4a2",1.1200266981056,1.61077193740992,0.850448638237454,0.666666666666667,0.933333333333333,0.521739130434783,-0.707995723084215,0.388918930104237,FALSE
"Sema6d","CLA/EPd-like Glut Satb2/Nr4a2",2.13510898761125,1.67015920237703,1.61338322975436,0.846153846153846,0.933333333333333,0.782608695652174,0.67078074941981,0.75269116356418,TRUE
"Sema5b","CLA/EPd-like Glut Satb2/Nr4a2",0.670643340553157,0.791400642244399,0.611668698447829,0.435897435897436,0.666666666666667,0.434782608695652,-0.174215960301089,0.0850824237035578,FALSE
"Cdh8","CLA/EPd-like Glut Satb2/Nr4a2",0.474878502826912,0.206473190209812,0.900094456174414,0.333333333333333,0.266666666666667,0.521739130434783,0.387227013460942,-0.613456947201313,FALSE
"Cdh9","CLA/EPd-like Glut Satb2/Nr4a2",0.574707451115174,0.312074125865447,0.714183980495797,0.384615384615385,0.266666666666667,0.478260869565217,0.37889979590996,-0.201222097257829,FALSE
"Cdh13","CLA/EPd-like Glut Satb2/Nr4a2",2.02526829954457,1.74766662472788,1.9332016193484,0.769230769230769,0.666666666666667,0.826086956521739,0.400494559600506,0.13282414295012,FALSE
"Cdh18","CLA/EPd-like Glut Satb2/Nr4a2",2.63043472440281,2.81086965802128,1.76455208723087,0.769230769230769,0.866666666666667,0.652173913043478,-0.260312583934488,1.24920458663982,FALSE
"C1ql3","CLA/EPd-like Glut Satb2/Nr4a2",0.276380099305488,0.21026243552185,0.718129719328291,0.179487179487179,0.333333333333333,0.608695652173913,0.0953876256558179,-0.637309986121481,FALSE
"Slit2","CLA/EPd-like Glut Satb2/Nr4a2",0.556306205765273,0.623105624164376,0.847829689499076,0.307692307692308,0.6,0.608695652173913,-0.0963711896586528,-0.420579484285432,FALSE
"Ntng1","CLA/EPd-like Glut Satb2/Nr4a2",0.851752489307071,0.36426319282756,1.02859287346565,0.41025641025641,0.333333333333333,0.565217391304348,0.703298390517439,-0.255126745254483,FALSE
"Sema3e","ITC Foxp2/Tshz1 (a)",0.152788144711886,0.269597803465211,0.284580133324173,0.0850111856823266,0.204761904761905,0.189655172413793,-0.168520715411354,-0.190135648399841,FALSE
"Plxnd1","ITC Foxp2/Tshz1 (a)",0.0142334556329098,0.0141896417416809,0.012859677493563,0.00894854586129754,0.0142857142857143,0.0114942528735632,6.32100835979473e-05,0.00198194290891719,FALSE
"Nrp1","ITC Foxp2/Tshz1 (a)",0.389331523020122,0.392894884222695,0.366257502119398,0.221476510067114,0.323809523809524,0.264367816091954,-0.00514084353584804,0.0332887755268435,FALSE
"Kirrel3","ITC Foxp2/Tshz1 (a)",3.41905195685325,3.23874099746704,3.21882111519724,0.984340044742729,0.990476190476191,0.991379310344828,0.260133726924418,0.28887204229015,FALSE
"Sdk2","ITC Foxp2/Tshz1 (a)",0.731771380306358,1.12947944928125,0.936045128582096,0.366890380313199,0.69047619047619,0.554597701149425,-0.573771458831606,-0.294704723621208,FALSE
"Sema6d","ITC Foxp2/Tshz1 (a)",1.84743236269968,1.55315815714092,1.38729393653882,0.774049217002237,0.804761904761905,0.704022988505747,0.424547937021163,0.663839425544725,TRUE
"Sema5b","ITC Foxp2/Tshz1 (a)",0.82268284583919,0.931059787569254,0.823250306725434,0.425055928411633,0.60952380952381,0.508620689655172,-0.156354876380675,-0.000818673006483377,FALSE
"Cdh8","ITC Foxp2/Tshz1 (a)",0.984204331505901,1.23205534495036,1.1988160161488,0.480984340044743,0.714285714285714,0.660919540229885,-0.357573427975628,-0.309619213151134,TRUE
"Cdh9","ITC Foxp2/Tshz1 (a)",0.860085600901382,0.651264221264356,0.723838143473729,0.449664429530201,0.49047619047619,0.46551724137931,0.301265568833929,0.196563531164604,FALSE
"Cdh13","ITC Foxp2/Tshz1 (a)",2.09553708133198,2.2480314030962,2.2050695500534,0.83668903803132,0.952380952380952,0.908045977011494,-0.220002801772961,-0.158021949440725,FALSE
"Cdh18","ITC Foxp2/Tshz1 (a)",1.79784041395916,1.86053614707849,1.84648835306381,0.731543624161074,0.814285714285714,0.778735632183908,-0.0904508232561542,-0.070184140495748,FALSE
"C1ql3","ITC Foxp2/Tshz1 (a)",0.100204842052332,0.0872790485508598,0.119512757896273,0.058165548098434,0.0714285714285714,0.0890804597701149,0.0186479781841292,-0.0278554344379548,FALSE
"Slit2","ITC Foxp2/Tshz1 (a)",1.24372357757064,1.42107149351125,1.3517012480548,0.586129753914989,0.752380952380952,0.686781609195402,-0.255858958839503,-0.155778849734235,FALSE
"Ntng1","ITC Foxp2/Tshz1 (a)",1.71538596357386,1.75864064860548,1.76273572374012,0.751677852348993,0.904761904761905,0.841954022988506,-0.0624033195903348,-0.0683112641791451,FALSE
"Sema3e","ITC Foxp2/Kcnh5 (b)",0.00900509546282457,0.0187169090571664,0.0562980500844227,0.0045045045045045,0.0121951219512195,0.0448717948717949,-0.014011185310595,-0.0682293111015664,FALSE
"Plxnd1","ITC Foxp2/Kcnh5 (b)",0.0402719989188851,0.0103515192468415,0.0319173212257408,0.0225225225225225,0.0121951219512195,0.0256410256410256,0.0431661276438764,0.0120532520761249,FALSE
"Nrp1","ITC Foxp2/Kcnh5 (b)",0.263395518954641,0.275459712707882,0.383787212902414,0.148648648648649,0.207317073170732,0.282051282051282,-0.0174049525001238,-0.173688499822674,FALSE
"Kirrel3","ITC Foxp2/Kcnh5 (b)",3.56108904992601,3.11504121469081,3.04930780027992,0.977477477477477,0.975609756097561,0.980769230769231,0.643510999893081,0.738344270884369,TRUE
"Sdk2","ITC Foxp2/Kcnh5 (b)",1.26856780351784,1.4158644544953,1.42369506801083,0.599099099099099,0.792682926829268,0.756410256410256,-0.212504147904725,-0.223801335190698,FALSE
"Sema6d","ITC Foxp2/Kcnh5 (b)",2.69611825980963,2.48653463933097,2.66950338636985,0.932432432432432,0.951219512195122,0.948717948717949,0.302365249916125,0.0383971459254676,FALSE
"Sema5b","ITC Foxp2/Kcnh5 (b)",0.892091872619701,1.10821305188103,1.0895011865276,0.459459459459459,0.658536585365854,0.653846153846154,-0.311796953551397,-0.284801438200216,FALSE
"Cdh8","ITC Foxp2/Kcnh5 (b)",1.42731517024248,1.36606777679859,1.40757336576346,0.648648648648649,0.792682926829268,0.737179487179487,0.0883613107888685,0.0284814034200747,FALSE
"Cdh9","ITC Foxp2/Kcnh5 (b)",0.741798169632229,0.548207731603513,0.542115372177963,0.364864864864865,0.378048780487805,0.346153846153846,0.279291964907552,0.288081381638106,FALSE
"Cdh13","ITC Foxp2/Kcnh5 (b)",2.46948178552706,2.39216017622591,2.53296131955659,0.90990990990991,0.951219512195122,0.955128205128205,0.111551502292322,-0.0915816089423406,FALSE
"Cdh18","ITC Foxp2/Kcnh5 (b)",2.01401356000733,1.9030893260562,2.04482652488783,0.788288288288288,0.841463414634146,0.865384615384615,0.160029842235697,-0.0444537116281915,FALSE
"C1ql3","ITC Foxp2/Kcnh5 (b)",0.0986828683573824,0.163651504716315,0.184211527802205,0.0540540540540541,0.134146341463415,0.128205128205128,-0.09372992948835,-0.123391772834927,FALSE
"Slit2","ITC Foxp2/Kcnh5 (b)",0.646315631650141,0.548699419040255,0.638108959495591,0.31981981981982,0.329268292682927,0.384615384615385,0.140830425842646,0.0118397252195712,FALSE
"Ntng1","ITC Foxp2/Kcnh5 (b)",1.09097540297145,1.18074967473385,1.34391967006195,0.513513513513513,0.707317073170732,0.717948717948718,-0.129516896671023,-0.36492143975275,FALSE
"Sema3e","CeA/MeA GABA Meis2/Tshz2",0.0950954731558262,0.118973712410735,0.0937570377802455,0.0576540755467197,0.128712871287129,0.0749063670411985,-0.0344490173582172,0.0019309540789007,FALSE
"Plxnd1","CeA/MeA GABA Meis2/Tshz2",0.0174056366167852,0.0386724545628884,0.0178262536173163,0.0119284294234592,0.0495049504950495,0.0187265917602996,-0.0306815327863315,-0.000606822060779755,FALSE
"Nrp1","CeA/MeA GABA Meis2/Tshz2",0.504108447412822,0.368251114940677,0.440735941217021,0.292246520874752,0.287128712871287,0.329588014981273,0.196000699825965,0.0914272004173865,FALSE
"Kirrel3","CeA/MeA GABA Meis2/Tshz2",2.92164733914597,2.85316500023071,2.62352002278245,0.938369781312127,0.95049504950495,0.906367041198502,0.0987991307415181,0.430106800871179,FALSE
"Sdk2","CeA/MeA GABA Meis2/Tshz2",0.565258965068797,0.582862506851934,0.45350977936134,0.328031809145129,0.475247524752475,0.355805243445693,-0.025396542432612,0.161219996043529,FALSE
"Sema6d","CeA/MeA GABA Meis2/Tshz2",1.58545069518273,1.26372866284545,1.12966589215179,0.675944333996024,0.663366336633663,0.576779026217228,0.464146780597719,0.657558475045296,TRUE
"Sema5b","CeA/MeA GABA Meis2/Tshz2",0.190642373348998,0.249083533696459,0.184489533472049,0.125248508946322,0.217821782178218,0.142322097378277,-0.0843127722170798,0.00887667157785839,FALSE
"Cdh8","CeA/MeA GABA Meis2/Tshz2",1.19848904489533,1.23650929564831,1.03740743862057,0.566600397614314,0.712871287128713,0.610486891385768,-0.054851627214686,0.23239163455102,FALSE
"Cdh9","CeA/MeA GABA Meis2/Tshz2",0.341056677596363,0.296739827466124,0.450003796102178,0.210735586481113,0.297029702970297,0.355805243445693,0.0639356999107145,-0.157177467587481,FALSE
"Cdh13","CeA/MeA GABA Meis2/Tshz2",1.69414010653599,1.61107519647199,1.65483190936257,0.713717693836978,0.722772277227723,0.752808988764045,0.119837333821218,0.0567097411283788,FALSE
"Cdh18","CeA/MeA GABA Meis2/Tshz2",1.85660909307017,1.9486864547174,1.66359529274279,0.733598409542744,0.821782178217822,0.767790262172285,-0.132839553026599,0.278460052555441,FALSE
"C1ql3","CeA/MeA GABA Meis2/Tshz2",0.101547185197315,0.103913843571291,0.142495628126573,0.0675944333996024,0.128712871287129,0.138576779026217,-0.00341436629961281,-0.0590761155461646,FALSE
"Slit2","CeA/MeA GABA Meis2/Tshz2",0.823013141112012,0.408190580307403,0.54177771010086,0.429423459244533,0.267326732673267,0.378277153558052,0.59846245132167,0.405736961642059,TRUE
"Ntng1","CeA/MeA GABA Meis2/Tshz2",0.866380396338629,0.784507379374295,0.996568315602532,0.431411530815109,0.485148514851485,0.539325842696629,0.118117795557063,-0.187821465505686,FALSE
"Sema3e","CeA GABA Prkcd/Calcrl",0.086280879599307,0,0.063097225468736,0.0567375886524823,0,0.0833333333333333,0.124476997121458,0.0334469428438597,FALSE
"Plxnd1","CeA GABA Prkcd/Calcrl",0,0.0373912914821183,0.0301627483615772,0,0.0526315789473684,0.0416666666666667,-0.0539442307936859,-0.0435156474808292,FALSE
"Nrp1","CeA GABA Prkcd/Calcrl",0.184546528273203,0.23931898258746,0.294146487952232,0.127659574468085,0.157894736842105,0.25,-0.0790199482164963,-0.158119318310565,FALSE
"Kirrel3","CeA GABA Prkcd/Calcrl",2.10541866530566,2.13414993584678,2.00861708934082,0.851063829787234,0.842105263157895,0.916666666666667,-0.0414504615281127,0.139655153594703,FALSE
"Sdk2","CeA GABA Prkcd/Calcrl",0.541087904456439,0.780727208412661,0.721583247019607,0.312056737588652,0.473684210526316,0.5,-0.345726435419724,-0.260399735619437,FALSE
"Sema6d","CeA GABA Prkcd/Calcrl",0.396585221934169,0.253321697520064,0.671873617149624,0.219858156028369,0.210526315789474,0.416666666666667,0.206685576212505,-0.397157202591617,FALSE
"Sema5b","CeA GABA Prkcd/Calcrl",0.0681346298070203,0.093407472978585,0.11904377251569,0.049645390070922,0.0526315789473684,0.0833333333333333,-0.0364610055127809,-0.0734463677217061,FALSE
"Cdh8","CeA GABA Prkcd/Calcrl",0.763629232730307,0.693851221003475,0.58872821141,0.425531914893617,0.526315789473684,0.416666666666667,0.100668391481393,0.252328836105222,FALSE
"Cdh9","CeA GABA Prkcd/Calcrl",1.01454624564296,0.665758919468273,0.644188151831955,0.50354609929078,0.473684210526316,0.416666666666667,0.503193745797147,0.534313785294231,TRUE
"Cdh13","CeA GABA Prkcd/Calcrl",1.82068792048263,1.6182042144506,1.46117200494932,0.74468085106383,0.842105263157895,0.75,0.292122238553236,0.518671828460557,FALSE
"Cdh18","CeA GABA Prkcd/Calcrl",2.02219193820904,1.62069646607768,1.78351444521526,0.773049645390071,0.789473684210526,0.75,0.57923552658329,0.344338835513935,TRUE
"C1ql3","CeA GABA Prkcd/Calcrl",0.0808821676736562,0,0.0973661481636003,0.049645390070922,0,0.0833333333333333,0.116688302199133,-0.0237813569069527,FALSE
"Slit2","CeA GABA Prkcd/Calcrl",0.239468243011391,0.21942257050276,0.257052545515734,0.156028368794326,0.157894736842105,0.166666666666667,0.0289197923194866,-0.0253687860205071,FALSE
"Ntng1","CeA GABA Prkcd/Calcrl",0.241819975840872,0.409023124683725,0.475305296275918,0.141843971631206,0.368421052631579,0.333333333333333,-0.241223153656604,-0.336848113912012,FALSE
"Sema3e","D2 SPN-like Adora2a",0.23452741305662,0.480662252798775,0.258180398133095,0.148514851485149,0.411764705882353,0.179487179487179,-0.355097512686006,-0.0341240442720516,FALSE
"Plxnd1","D2 SPN-like Adora2a",0.0701550503953785,0.20644215562962,0.0655804980019646,0.0445544554455446,0.176470588235294,0.0769230769230769,-0.196620730858553,0.00659968405226496,FALSE
"Nrp1","D2 SPN-like Adora2a",0.12227934136079,0,0.135416471822485,0.0792079207920792,0,0.102564102564103,0.17641179938438,-0.0189528729685993,FALSE
"Kirrel3","D2 SPN-like Adora2a",3.30494690290719,3.79782030939419,2.85831848888702,0.98019801980198,1,0.948717948717949,-0.711066019324852,0.644348598027004,FALSE
"Sdk2","D2 SPN-like Adora2a",0.107648311112698,0.495091326233589,0.26133698042676,0.0792079207920792,0.352941176470588,0.230769230769231,-0.558962116541977,-0.221725881060221,FALSE
"Sema6d","D2 SPN-like Adora2a",1.38714549140634,0.769627072733639,0.517358097633132,0.663366336633663,0.529411764705882,0.307692307692308,0.890890760276707,1.25483795962435,TRUE
"Sema5b","D2 SPN-like Adora2a",0.0995653240902824,0.175357777266848,0.298577599975991,0.0643564356435644,0.176470588235294,0.230769230769231,-0.10934539633464,-0.287114023496338,FALSE
"Cdh8","D2 SPN-like Adora2a",0.285241234312453,0.318473886917394,0.263826866867145,0.168316831683168,0.235294117647059,0.205128205128205,-0.0479445831087329,0.03089440171712,FALSE
"Cdh9","D2 SPN-like Adora2a",0.580995831036593,0.48414283598172,0.709520710410431,0.331683168316832,0.352941176470588,0.461538461538462,0.139729335660908,-0.185422206103489,FALSE
"Cdh13","D2 SPN-like Adora2a",1.25381323323377,1.77591301333559,0.954617253452956,0.594059405940594,0.882352941176471,0.538461538461538,-0.753230763602103,0.431648556283702,FALSE
"Cdh18","D2 SPN-like Adora2a",0.988612529760967,1.36844338974329,0.909882005653617,0.49009900990099,0.705882352941177,0.564102564102564,-0.547980098073087,0.113584136696263,FALSE
"C1ql3","D2 SPN-like Adora2a",0.075408402674023,0.0399611176209701,0.149811225364474,0.0544554455445545,0.0588235294117647,0.102564102564103,0.0511396223590169,-0.107340583323655,FALSE
"Slit2","D2 SPN-like Adora2a",1.60264298667312,1.63857089222427,1.65450499088008,0.742574257425743,0.882352941176471,0.846153846153846,-0.0518330111681684,-0.0748210562799437,FALSE
"Ntng1","D2 SPN-like Adora2a",0.266735310452867,0.480110205686851,0.549340790995021,0.148514851485149,0.411764705882353,0.41025641025641,-0.307834903204271,-0.407713525306208,TRUE
"Sema3e","D1 SPN-like Ebf1/Tac1",0.315183187206383,0.661689800093513,0.719280486301176,0.171171171171171,0.421052631578947,0.368421052631579,-0.499903372047495,-0.582989169440682,TRUE
"Plxnd1","D1 SPN-like Ebf1/Tac1",0.0780279877998754,0,0,0.0540540540540541,0,0,0.112570591049425,0.112570591049425,FALSE
"Nrp1","D1 SPN-like Ebf1/Tac1",0.0478674754114981,0.0532028306801571,0.117180222404036,0.036036036036036,0.0526315789473684,0.105263157894737,-0.00769729058747509,-0.0999971563565253,FALSE
"Kirrel3","D1 SPN-like Ebf1/Tac1",3.36303494528577,3.22959185365227,3.20468791828978,0.990990990990991,1,1,0.19251768654054,0.228446470586623,FALSE
"Sdk2","D1 SPN-like Ebf1/Tac1",0.246104452234459,0.267609190287556,0.185833736474045,0.144144144144144,0.263157894736842,0.105263157894737,-0.0310247789448189,0.0869522627383776,FALSE
"Sema6d","D1 SPN-like Ebf1/Tac1",2.1607173171533,1.31034385742331,1.49776010600265,0.828828828828829,0.789473684210526,0.631578947368421,1.22682957325604,0.956445080848625,TRUE
"Sema5b","D1 SPN-like Ebf1/Tac1",0.293432376389696,0.207245826120683,0.843343438902984,0.162162162162162,0.157894736842105,0.473684210526316,0.124340908664432,-0.793353962817902,FALSE
"Cdh8","D1 SPN-like Ebf1/Tac1",0.369317953785812,0.126537908741487,0.424238411554945,0.216216216216216,0.105263157894737,0.263157894736842,0.350257567012247,-0.0792334720668805,FALSE
"Cdh9","D1 SPN-like Ebf1/Tac1",0.601158573946395,0.609637033149637,0.39062869422953,0.315315315315315,0.473684210526316,0.210526315789474,-0.0122318310468963,0.303730413426472,FALSE
"Cdh13","D1 SPN-like Ebf1/Tac1",2.45821466060739,2.57530589387168,1.92561223467585,0.90990990990991,1,0.736842105263158,-0.168926941561971,0.768382878656858,FALSE
"Cdh18","D1 SPN-like Ebf1/Tac1",1.18219809652983,0.725456801453983,1.37442785321292,0.513513513513513,0.473684210526316,0.631578947368421,0.658938401375133,-0.277328916677977,FALSE
"C1ql3","D1 SPN-like Ebf1/Tac1",0.095194043946997,0,0.0771082279428128,0.0630630630630631,0,0.0526315789473684,0.137335975124499,0.0260923170596667,FALSE
"Slit2","D1 SPN-like Ebf1/Tac1",1.07564627848578,0.756041693474981,0.516416951922937,0.513513513513513,0.473684210526316,0.315789473684211,0.461091949840453,0.806797376151885,TRUE
"Ntng1","D1 SPN-like Ebf1/Tac1",0.413885487153729,0.386396857142403,0.575228170088036,0.243243243243243,0.263157894736842,0.315789473684211,0.0396577101981724,-0.232768288553044,FALSE
