,binds_BLA_cue,007 L2/3 IT CTX Glut,006 L4/5 IT CTX Glut,005 L5 IT CTX Glut,004 L6 IT CTX Glut,022 L5 ET CTX Glut,032 L5 NP CTX Glut,030 L6 CT CTX Glut,029 L6b CTX Glut,003 L5/6 IT TPE-ENT Glut,002 IT EP-CLA Glut,001 CLA-EPd-CTX Car3 Glut,010 IT AON-TT-DP Glut
Mef2c,TF (KO gene),100.0,100.0,100.0,100.0,100.0,99.9,99.5,99.6,100.0,100.0,100.0,100.0
Robo1,Slit1-3,98.6,91.4,88.2,83.9,99.9,87.5,94.0,83.7,84.7,54.6,66.6,99.7
Robo2,Slit1-3,89.5,98.1,95.7,82.6,98.3,82.8,66.5,82.9,86.2,68.6,64.7,90.7
Lrrc4c,Ntng1,100.0,100.0,100.0,100.0,99.7,100.0,99.5,98.2,100.0,99.7,98.1,100.0
Lrrc4,Ntng2,82.9,87.0,85.4,69.6,68.8,43.8,61.8,53.0,72.7,64.5,74.3,70.5
Adgrb3,C1ql3,100.0,99.9,100.0,100.0,100.0,99.9,100.0,100.0,100.0,100.0,100.0,100.0
Nrxn2,Igsf21,99.5,99.3,99.2,98.3,99.6,95.2,97.9,97.7,98.7,97.5,98.1,98.8
Ptprg,Cntn4/5/6,89.2,87.4,89.1,92.5,86.9,87.7,96.8,98.2,92.4,91.7,94.2,96.7
Chl1,Cntn6,95.5,89.9,82.3,90.9,98.1,96.4,96.1,99.2,98.7,94.0,86.7,89.2
Plxnd1,Sema3e,24.8,50.0,10.4,5.6,7.1,3.9,1.6,8.8,20.7,5.2,1.3,35.8
Nrp1,Sema3a,45.7,34.0,42.2,77.9,75.0,84.6,96.5,67.4,32.8,67.4,13.8,52.4
Plxna1,Sema5a/5b/6d,54.7,59.5,64.7,64.8,65.4,29.1,43.1,34.5,66.9,51.8,49.1,48.2
Plxna3,Sema5a/5b,13.4,15.1,14.2,8.3,15.2,10.5,8.4,11.6,20.8,9.5,11.4,10.5
Plxna4,Sema6a,94.9,94.1,97.4,98.5,81.9,92.3,74.1,44.5,98.6,99.2,96.0,95.8
Cdh8,Cdh8 (homophilic),84.4,86.6,61.2,65.7,78.9,74.9,26.1,24.4,62.0,55.7,87.8,53.9
Cdh9,Cdh9 (homophilic),68.3,13.7,59.4,90.5,36.1,4.3,56.1,21.3,58.9,94.3,80.1,68.7
Cdh13,Cdh13 (homophilic),84.8,57.8,58.8,90.6,99.0,44.5,73.0,99.3,89.0,96.6,97.3,100.0
Cdh18,Cdh18 (homophilic),66.5,70.1,91.5,83.3,80.9,99.1,99.5,99.8,80.7,76.3,54.9,73.5
Cdh6,Cdh6 (homophilic),54.4,60.1,27.0,33.9,77.0,58.9,60.7,85.8,13.5,27.0,36.9,33.4
Kirrel3,Kirrel3 (homophilic),89.9,73.0,39.2,36.5,99.1,91.9,21.2,77.2,63.2,50.9,20.7,99.7
Sdk2,Sdk2 (homophilic),52.1,44.6,61.7,85.1,91.0,36.1,97.1,99.0,86.2,90.2,36.9,72.0
Pcdh7,Pcdh7 (homophilic),92.1,69.2,67.8,89.7,95.4,98.3,94.6,96.5,52.3,97.5,96.3,99.7
