,007 L2/3 IT CTX Glut,006 L4/5 IT CTX Glut,005 L5 IT CTX Glut,004 L6 IT CTX Glut,022 L5 ET CTX Glut,032 L5 NP CTX Glut,030 L6 CT CTX Glut,029 L6b CTX Glut,003 L5/6 IT TPE-ENT Glut,002 IT EP-CLA Glut,001 CLA-EPd-CTX Car3 Glut,010 IT AON-TT-DP Glut
Mef2c,10.932,11.308,11.019,10.42,10.718,10.009,9.3,9.536,10.977,10.186,10.557,10.44
Robo1,9.285,7.634,6.715,6.479,10.5,7.516,7.832,6.257,6.209,3.794,4.437,9.985
Robo2,6.744,8.102,7.514,5.981,7.951,6.403,4.747,6.535,6.561,4.639,4.21,6.936
Lrrc4c,10.632,11.044,11.068,10.47,9.273,11.277,8.917,8.635,11.165,9.882,7.905,10.09
Lrrc4,5.665,5.982,5.721,4.48,4.22,2.847,3.88,3.292,4.677,4.129,4.815,4.552
Adgrb3,10.303,10.347,10.482,10.587,10.473,10.808,10.589,10.849,10.635,10.572,10.784,10.516
Nrxn2,8.778,8.586,8.283,8.105,8.765,7.725,7.824,7.768,8.267,7.961,8.313,8.574
Ptprg,6.578,6.33,6.487,7.086,6.264,6.959,7.86,8.358,7.035,7.218,7.385,7.985
Chl1,7.302,6.53,5.856,6.744,7.95,8.227,7.657,8.617,8.05,7.224,6.243,6.567
Plxnd1,1.375,3.037,0.545,0.299,0.392,0.229,0.087,0.491,1.133,0.288,0.064,2.115
Nrp1,2.857,2.011,2.555,5.566,4.946,6.583,7.725,5.036,2.095,4.869,0.806,3.443
Plxna1,3.241,3.521,3.853,4.039,3.981,1.82,2.539,2.003,4.134,3.224,2.891,2.859
Plxna3,0.702,0.778,0.729,0.443,0.793,0.621,0.456,0.634,1.118,0.549,0.6,0.591
Plxna4,7.417,7.24,7.942,8.415,5.598,7.633,5.041,2.746,8.36,8.539,7.513,7.59
Cdh8,6.18,6.616,3.911,4.348,5.631,5.752,1.588,1.443,3.9,3.672,6.914,3.581
Cdh9,4.881,0.807,3.902,7.423,2.126,0.264,3.784,1.336,4.289,7.572,5.901,4.977
Cdh13,7.355,3.871,4.476,7.707,9.444,3.156,6.056,9.769,7.826,8.577,8.52,9.551
Cdh18,4.594,4.93,7.32,6.253,5.64,9.899,9.348,10.577,5.817,5.544,3.564,5.016
Cdh6,3.496,4.048,1.632,2.118,5.451,4.213,4.226,6.502,0.75,1.693,2.196,2.221
Kirrel3,7.243,5.189,2.54,2.391,9.372,8.667,1.33,6.842,4.653,3.461,1.203,9.779
Sdk2,3.197,2.699,3.966,6.252,6.556,2.435,8.008,8.667,5.959,6.833,2.186,4.951
Pcdh7,7.627,5.035,4.864,7.493,8.233,9.173,8.231,8.573,3.568,8.554,8.182,10.292
