,r_residual
Bdnf,-0.07820883694176568
Cdh18,-0.07643486409549742
Nrp1,-0.06596041106099708
Nrp2,-0.046553897128097425
Cdh9,-0.0462869601813289
Arc,-0.03083193624001087
Plxna4,-0.029275898996656318
Cux2,-0.01735516997064404
Kirrel3,-0.013553200510880912
Pcdh10,-0.005161955413433265
Sdk2,-0.0050133604597984716
Cdh6,0.004954005075320417
Satb2,0.009569878502258362
Nr4a1,0.00986861060692093
Homer1,0.011623416461852894
Plxna1,0.012938152151141077
Cdh13,0.027792599186540895
Lmo4,0.04423599405103711
Robo2,0.0495563714423646
Rorb,0.05196104303360223
Plxnd1,0.06535070832436048
Cdh8,0.1005175057947764
Lrrc4c,0.11139130356032023
Robo1,0.1137837345667781
