subclass,area,n,Mef2c,Plxnd1,Plxnd1+Nrp1+,Plxnd1+Nrp1-,Nrp1,Kirrel3,Sdk2,Cdh8,Cdh9,Cdh18,Robo1,Robo2,Lrrc4c
007 L2/3 IT CTX Glut,SSp,8657,100.0,37.42636017095992,9.067806399445535,28.358553771514384,25.63243617881483,90.73582072311424,35.99399330021947,75.10684994801893,9.310384659812868,51.83088829848678,84.74067228832159,96.06099110546378,99.59570289938779
007 L2/3 IT CTX Glut,SS-GU-VISC,8873,100.0,27.093429505240618,6.615575340921898,20.47785416431872,27.893609827566774,93.8014200383185,27.656936774484393,42.57860926405951,28.152823171418913,49.892933618843685,83.53431759269695,85.08959765580975,98.97441676997633
007 L2/3 IT CTX Glut,MOp,10660,100.0,32.485928705440905,8.72420262664165,23.76172607879925,33.58348968105066,92.66416510318949,53.00187617260788,75.87242026266416,26.78236397748593,60.515947467166974,88.16135084427768,95.43151969981238,99.77485928705441
007 L2/3 IT CTX Glut,MO-FRP,6220,100.0,33.40836012861737,7.009646302250803,26.39871382636656,27.57234726688103,93.47266881028939,46.736334405144696,74.90353697749195,24.855305466237944,48.762057877813504,97.39549839228296,94.66237942122187,99.80707395498392
007 L2/3 IT CTX Glut,AUD,9314,99.98926347433971,31.941163839381577,3.3605325316727503,28.580631307708828,14.751986257247154,98.75456302340562,23.223105003220958,44.01975520721494,21.505260897573546,40.20828859780975,88.98432467253596,94.58879106721065,99.89263474339704
007 L2/3 IT CTX Glut,VIS,42694,100.0,27.88213800534033,7.080620227666651,20.801517777673677,27.17243640792617,84.73321778235817,34.20855389516092,80.39068721600225,9.797629643509627,30.578067175715557,67.80109617276432,89.33808029231274,99.62992457956622
007 L2/3 IT CTX Glut,VIS-PTLp,4400,100.0,25.363636363636367,7.75,17.613636363636363,33.72727272727273,89.38636363636364,37.93181818181818,83.22727272727273,8.25,32.0,79.93181818181819,94.4090909090909,99.6590909090909
007 L2/3 IT CTX Glut,RSP,6742,100.0,25.259566894096707,5.176505487985761,20.083061406110946,23.77632749925838,78.27054286561851,29.457134381489176,91.15989320676357,8.825274399288045,33.447048353604266,84.7374666271136,87.19964402254524,99.9110056363097
007 L2/3 IT CTX Glut,ACA,5799,100.0,16.744266252802205,4.604242110708743,12.140024142093464,34.057596137265044,75.7027073633385,49.16364890498362,93.48163476461458,26.40110363855837,41.55888946370064,95.99931022590101,86.23900672529746,99.93102259010173
007 L2/3 IT CTX Glut,PL-ILA-ORB,6436,100.0,18.085767557489124,6.774394033561218,11.311373523927907,40.506525792417655,87.27470478558111,44.40646364201367,80.22063393412057,64.43443132380361,59.95960223741454,98.33747669359852,86.20261031696707,100.0
007 L2/3 IT CTX Glut,AI,4461,100.0,34.49899125756557,8.316520959426137,26.18247029813943,29.70186056937906,94.57520735261153,35.05940372113876,76.46267652992603,46.29006949114549,53.70993050885452,98.38601210490921,92.46805648957633,99.77583501457073
007 L2/3 IT CTX Glut,TEa-PERI-ECT,8329,99.98799375675351,32.95713771161004,6.627446272061471,26.329691439548565,19.00588305919078,90.08284307840077,13.771161003721936,44.07491895785808,60.547484692039866,46.704286228838995,98.69131948613278,86.72109496938408,99.83191259454917
006 L4/5 IT CTX Glut,SSp,36503,100.0,36.533983508204805,1.643700517765663,34.89028299043914,7.196668766950662,42.60745692134893,5.117387611977097,75.56913130427635,2.008054132537052,45.073007697997426,22.389940552831273,85.35736788757089,99.95068898446704
006 L4/5 IT CTX Glut,SS-GU-VISC,21018,100.0,45.01379769721191,2.949852507374631,42.063945189837284,7.721952612046818,70.28261490151299,7.041583404700733,67.38985631363593,3.934722618707774,49.3481777524027,56.80844990008565,87.09677419354838,99.92387477400324
006 L4/5 IT CTX Glut,MOp,34704,99.99711848778239,34.41678192715537,5.25875979714154,29.158022130013833,17.49366067312125,58.79149377593361,19.51360073766713,86.36756569847857,7.013600737667128,58.93268787459659,56.8118948824343,93.68660673121254,99.94525126786537
006 L4/5 IT CTX Glut,MO-FRP,11869,100.0,34.24888364647401,5.998820456651782,28.250063189822228,18.695762069256045,40.66054427500211,27.163198247535597,92.86376274328082,3.108939253517567,60.89813800657174,83.52851967309799,95.45033279973039,99.9662987614795
006 L4/5 IT CTX Glut,AUD,27105,100.0,53.097214536063454,2.217303080612433,50.87991145545102,5.7406382586238704,89.38572219147758,10.378159011252537,73.43294595093155,1.3097214536063457,35.34034311012728,58.963290905736955,93.13041874192953,99.96679579413393
006 L4/5 IT CTX Glut,VIS,104987,99.9990475011192,38.48190728375894,4.044310247935458,34.43759703582348,11.613818853762847,45.323706744644575,13.486431653442807,85.56583196014745,1.9383352224561137,23.561964814691343,28.05871203101336,79.54699153228495,99.83807519026165
006 L4/5 IT CTX Glut,VIS-PTLp,10954,100.0,35.01917107905788,3.3412452072302354,31.677925871827643,12.652912178199744,43.198831477085996,10.251962753332117,91.60124155559612,1.4241373014423955,21.67244842066825,42.67847361694358,86.45243746576593,99.95435457367172
006 L4/5 IT CTX Glut,RSP,5357,100.0,22.34459585588949,2.1280567481799513,20.21653910770954,15.400410677618071,36.139630390143736,23.595295874556655,87.71700578682098,5.562815008400223,28.336755646817245,51.9320515213739,81.1088295687885,99.98133283554228
006 L4/5 IT CTX Glut,ACA,6137,100.0,31.88854489164087,9.287925696594428,22.60061919504644,34.00684373472381,47.87355385367443,42.12155776437999,95.74710770734886,7.316278311878769,49.64966596056705,89.96252240508392,92.63483786866547,99.93482157405899
006 L4/5 IT CTX Glut,PL-ILA-ORB,10740,100.0,43.11918063314712,12.383612662942271,30.73556797020484,30.791433891992554,68.51024208566108,40.47486033519553,84.22718808193669,12.33705772811918,64.57169459962756,90.52141527001862,97.56052141527002,99.96275605214151
006 L4/5 IT CTX Glut,AI,9047,99.98894661213662,52.14988393942743,12.667182491433623,39.48270144799381,26.693931690063007,72.72023875317785,26.3070631148447,86.63645407317343,10.931800596882944,71.11749751298773,92.17420139272687,98.34199182049298,99.81209240632253
006 L4/5 IT CTX Glut,TEa-PERI-ECT,7633,99.98689899122233,51.81448971570811,4.690161142407965,47.12432857330015,9.917463644700641,88.27459714398009,20.057644438621775,76.45748722651643,6.943534652168217,44.60893488798637,87.16101139787764,94.82510153281802,99.93449495611162
