"cell_type","color"
"BLA Glut Rspo2/Etv1","#7B1E1E"
"BLA Glut Tshz2/Satb1","#922A21"
"BLA Glut Cdh8/Tshz3","#A93725"
"BLA Glut Fgf10/Nrp1","#C14428"
"BLA Glut Otof/Trhr","#D8502C"
"BLA Glut Vgll3/Prr16","#E55F2A"
"BMA Glut Slc17a6/Zfp804b","#E97124"
"PA/BMAp Glut Esr1/Reln","#EC831E"
"Immature Glut Igfbpl1/Epha3","#EF9518"
"CLA/EPd-like Glut Satb2/Nr4a2","#F3A712"
"ITC Foxp2/Tshz1 (a)","#1B3A6B"
"ITC Foxp2/Kcnh5 (b)","#1D4474"
"CeA/MeA GABA Meis2/Tshz2","#204F7D"
"CeA GABA Prkcd/Calcrl","#235A86"
"D2 SPN-like Adora2a","#25658F"
"D1 SPN-like Ebf1/Tac1","#287098"
"IN Sst","#2B7BA1"
"IN Maf/Calb1 (Pvalb-lineage)","#2E86AB"
"IN Moxd1/Gna14 (MGE)","#398FB5"
"IN Pvalb chandelier","#4598C1"
"IN Vip","#50A2CB"
"IN Reln/Npas1 (CGE)","#5CABD7"
"IN Cck/Cnr1 (CGE)","#67B5E2"
"IN Lamp5","#73BEEC"
"Unresolved Nts/Pappa2","#7FC8F8"
"Astrocyte","#2D6A4F"
"Microglia","#448165"
"OPC","#5B997A"
"OPC cycling","#72B191"
"COP/NFOL","#89C9A6"
"Oligodendrocyte","#98D1B0"
"Endothelial","#A0CBAD"
"Pericyte/mural","#A7C4AA"
"Ependymal","#AFBDA7"
"Cycling progenitor","#B7B7A4"
