"broad_class","gene"
"Glutamatergic","Slc17a7"
"Glutamatergic","Slc17a6"
"Glutamatergic","Neurod2"
"Glutamatergic","Neurod6"
"Glutamatergic","Tbr1"
"GABAergic","Gad1"
"GABAergic","Gad2"
"GABAergic","Slc32a1"
"GABAergic","Dlx1"
"GABAergic","Dlx2"
"Astrocyte","Aldh1l1"
"Astrocyte","Slc1a3"
"Astrocyte","Aqp4"
"Astrocyte","Gja1"
"Astrocyte","Aldoc"
"OPC","Pdgfra"
"OPC","Cspg4"
"OPC","Olig1"
"OPC","Olig2"
"OPC","Sox10"
"Oligodendrocyte","Mbp"
"Oligodendrocyte","Mog"
"Oligodendrocyte","Plp1"
"Oligodendrocyte","Mag"
"Oligodendrocyte","Opalin"
"Microglia","C1qa"
"Microglia","C1qb"
"Microglia","Csf1r"
"Microglia","Cx3cr1"
"Microglia","P2ry12"
"Microglia","Aif1"
"Endothelial","Cldn5"
"Endothelial","Pecam1"
"Endothelial","Flt1"
"Endothelial","Kdr"
"Endothelial","Esam"
"Pericyte","Pdgfrb"
"Pericyte","Rgs5"
"Pericyte","Abcc9"
"Pericyte","Kcnj8"
"Pericyte","Vtn"
"Fibroblast","Dcn"
"Fibroblast","Col1a1"
"Fibroblast","Col1a2"
"Fibroblast","Lum"
"Ependymal","Foxj1"
"Ependymal","Tmem212"
"Ependymal","Ccdc153"
"Ependymal","Pifo"
"Choroid","Ttr"
"Choroid","Folr1"
"Choroid","Kcnj13"
"Progenitor","Sox2"
"Progenitor","Hes1"
"Progenitor","Hes5"
"Progenitor","Nes"
"Progenitor","Fabp7"
"Erythroid","Hba-a1"
"Erythroid","Hba-a2"
"Erythroid","Hbb-bs"
"Erythroid","Hbb-bt"
"Erythroid","Alas2"
