"population","gene","all_sources_and_selections_available","same_effect_direction_across_sources_and_selections","all_P10_P21_library_pair_directions_agree","min_log2_ratio","max_log2_ratio","annotation_anchor"
"Ambiguous","Mef2c",TRUE,TRUE,TRUE,0.366168292311722,0.560845225388285,FALSE
"Ambiguous","Mef2a",TRUE,FALSE,FALSE,-0.0755818890252663,0.299103528137117,FALSE
"Ambiguous","Mef2d",TRUE,TRUE,TRUE,-0.648000589287551,-0.581337220387158,FALSE
"Ambiguous","Arc",TRUE,FALSE,FALSE,-0.995293224148215,1.07226063728509,FALSE
"Ambiguous","Homer1",TRUE,FALSE,FALSE,-0.135088237194545,0.225137171385983,FALSE
"Ambiguous","Nr4a1",TRUE,FALSE,FALSE,-0.600052440447794,0.192633615462056,FALSE
"Ambiguous","Bdnf",TRUE,TRUE,TRUE,0.553733388886551,1.15363121761142,FALSE
"Ambiguous","Pcdh10",TRUE,TRUE,TRUE,0.649745089070223,1.42040870405371,FALSE
"Ambiguous","Npas4",TRUE,FALSE,FALSE,-0.837628030539343,0.231628456732747,FALSE
"Ambiguous","Fos",TRUE,FALSE,FALSE,-0.916174069787464,2.47541684510605,FALSE
"Ambiguous","Egr1",TRUE,FALSE,FALSE,-0.0240060383310075,3.57897420525075,FALSE
"Ambiguous","Ncam1",TRUE,TRUE,TRUE,0.620546181634968,0.749041222647588,FALSE
"Ambiguous","Sema6d",TRUE,TRUE,FALSE,0.189121841587772,0.820771174932045,FALSE
"Ambiguous","Cadm2",TRUE,FALSE,FALSE,-0.0298939402648909,0.447712025775897,FALSE
"Ambiguous","Pcdh7",TRUE,FALSE,FALSE,-0.141674396052574,0.75516457163808,FALSE
"Ambiguous","Grip1",TRUE,FALSE,FALSE,-0.00987073912645826,0.871576040499045,FALSE
"Ambiguous","C1qa",TRUE,FALSE,FALSE,-1.64361681547688,3.44103979600181,TRUE
"Ambiguous","C1qb",TRUE,FALSE,FALSE,-0.448133234560545,3.5520940223023,TRUE
"Ambiguous","C1qc",TRUE,FALSE,FALSE,-0.641463655698667,3.08448202905324,FALSE
"Ambiguous","C3",TRUE,FALSE,FALSE,-0.39637426963955,0.526854272399513,FALSE
"Ambiguous","C4b",TRUE,TRUE,FALSE,-1.89960692602197,-0.131830798314358,FALSE
"Ambiguous","Itgam",TRUE,TRUE,FALSE,-1.2235205887768,-0.071146443435661,FALSE
"Ambiguous","Trem2",TRUE,FALSE,FALSE,-1.21618128520988,1.92300732893872,FALSE
"Ambiguous","Tyrobp",TRUE,FALSE,FALSE,-1.18614648207653,4.17191193409139,FALSE
"Ambiguous","Cd68",TRUE,FALSE,FALSE,-0.170085014082859,2.19408996938155,FALSE
"Ambiguous","Cx3cr1",TRUE,TRUE,TRUE,-0.427670176460167,-0.294089095770204,TRUE
"Ambiguous","P2ry12",TRUE,TRUE,FALSE,-2.3488853229541,-0.113291670300968,TRUE
"Ambiguous","Csf1r",TRUE,FALSE,FALSE,-1.23676700192224,0.932813316986034,TRUE
"Ambiguous","Mertk",TRUE,TRUE,TRUE,-1.73933875886462,-1.26346820159078,FALSE
"Ambiguous","Megf10",TRUE,FALSE,FALSE,-0.172282797252253,0.221929633054423,FALSE
"Ambiguous","Axl",TRUE,FALSE,FALSE,-0.477807912988596,0.776169699012837,FALSE
"Ambiguous","Gas6",TRUE,TRUE,TRUE,0.298025667674601,1.11624108774046,FALSE
"Ambiguous","Sema3e",TRUE,TRUE,TRUE,0.316018551108844,0.557796282342845,FALSE
"Ambiguous","Plxnd1",TRUE,FALSE,FALSE,-0.877164956615409,0.777719288014147,FALSE
"Ambiguous","Nrp1",TRUE,FALSE,FALSE,-0.0498116464689483,0.749295241251579,FALSE
"Ambiguous","Nrp2",TRUE,FALSE,FALSE,-0.231055179531411,0.28381301409037,FALSE
"Ambiguous","Kirrel3",TRUE,FALSE,FALSE,-1.1181692627679,0.290345023038736,FALSE
"Ambiguous","Sdk2",TRUE,TRUE,TRUE,-0.877558677168125,-0.192042826879344,FALSE
"Ambiguous","Sema5b",TRUE,TRUE,FALSE,-0.836177751146521,-0.117842991983139,FALSE
"Ambiguous","Cdh8",TRUE,TRUE,FALSE,0.205030315695016,0.698398101192371,FALSE
"Ambiguous","Cdh9",TRUE,FALSE,FALSE,-0.0850473917130939,0.335629702382524,FALSE
"Ambiguous","Cdh13",TRUE,FALSE,FALSE,-1.08688176051382,0.114170480214657,FALSE
"Ambiguous","Cdh18",TRUE,FALSE,FALSE,-0.733853702961093,0.0183903175500722,FALSE
"Ambiguous","C1ql3",TRUE,FALSE,FALSE,-0.0461343821166712,1.24533265780187,FALSE
"Ambiguous","Slit1",TRUE,TRUE,TRUE,-1.9914682194107,-0.215355799655493,FALSE
"Ambiguous","Slit2",TRUE,FALSE,FALSE,-0.134671900639459,0.872709166523091,FALSE
"Ambiguous","Slit3",TRUE,FALSE,FALSE,-1.58746229932099,0.261715889315167,FALSE
"Ambiguous","Robo1",TRUE,FALSE,FALSE,-0.625541725347206,0.291964573020336,FALSE
"Ambiguous","Robo2",TRUE,FALSE,FALSE,-0.00286579921380547,0.840429672415628,FALSE
"Ambiguous","Ntng1",TRUE,TRUE,FALSE,-0.998392170844115,-0.0292475804987019,FALSE
"Ambiguous","Ntng2",TRUE,FALSE,FALSE,-0.970456316235412,0.435499019776744,FALSE
"Ambiguous","Lrrc4c",TRUE,FALSE,FALSE,-0.574001867607614,0.364583915620191,FALSE
"Ambiguous","Lrrc4",TRUE,TRUE,FALSE,-2.42673830964319,-0.0190005017421611,FALSE
"Ambiguous","Adgrb3",TRUE,FALSE,FALSE,-0.483517638306745,0.356006572497181,FALSE
"Ambiguous","Igsf21",TRUE,FALSE,FALSE,-0.777769008640192,0.0985729720453613,FALSE
"Ambiguous","Nrxn2",TRUE,TRUE,FALSE,0.0282372354525347,0.175873824559492,FALSE
"Ambiguous","Cntn4",TRUE,TRUE,TRUE,-1.19216579400033,-0.123310188712272,FALSE
"Ambiguous","Cntn6",TRUE,FALSE,FALSE,-0.319975098885112,0.73443808638586,FALSE
"Ambiguous","Ptprg",TRUE,FALSE,FALSE,-0.317786032408258,0.426717009440134,FALSE
"Ambiguous","Plxna1",TRUE,TRUE,TRUE,0.159079049365014,1.81728614934742,FALSE
"Ambiguous","Plxna3",TRUE,TRUE,FALSE,0.0436433647275097,1.00377143214321,FALSE
"Astrocyte","Mef2c",TRUE,TRUE,TRUE,0.377368867611539,0.985155656784611,FALSE
"Astrocyte","Mef2a",TRUE,TRUE,TRUE,0.403097890576143,0.543176234207294,FALSE
"Astrocyte","Mef2d",TRUE,FALSE,FALSE,-0.428402541158673,0.214741897654007,FALSE
"Astrocyte","Arc",TRUE,FALSE,FALSE,-2.79491638451136,1.0204533860914,FALSE
"Astrocyte","Homer1",TRUE,TRUE,FALSE,0.0228975729249524,1.11595177372119,FALSE
"Astrocyte","Nr4a1",TRUE,TRUE,TRUE,0.336622928487706,0.74354649189066,FALSE
"Astrocyte","Bdnf",TRUE,FALSE,FALSE,-0.591787033058593,1.82822211993356,FALSE
"Astrocyte","Pcdh10",TRUE,TRUE,FALSE,0.13626450532594,0.682362154869581,FALSE
"Astrocyte","Npas4",TRUE,FALSE,FALSE,-3.28274609700883,0.976995871001385,FALSE
"Astrocyte","Fos",TRUE,TRUE,TRUE,0.782165258202786,3.14678977291166,FALSE
"Astrocyte","Egr1",TRUE,FALSE,FALSE,-0.298697174030822,3.43601462985395,FALSE
"Astrocyte","Ncam1",TRUE,TRUE,FALSE,0.0538694106020147,0.62674408290052,FALSE
"Astrocyte","Sema6d",TRUE,FALSE,FALSE,-0.336820832565205,1.02998342853086,FALSE
"Astrocyte","Cadm2",TRUE,FALSE,FALSE,-0.234204987291295,0.287899475686012,FALSE
"Astrocyte","Pcdh7",TRUE,FALSE,FALSE,-0.129764454768809,0.537554491557521,FALSE
"Astrocyte","Grip1",TRUE,TRUE,TRUE,0.819281899058806,2.07099737913094,FALSE
"Astrocyte","C1qa",TRUE,FALSE,FALSE,-1.6645966092718,3.53705242429946,TRUE
"Astrocyte","C1qb",TRUE,FALSE,FALSE,-2.60547253036667,2.75718169843073,TRUE
"Astrocyte","C1qc",TRUE,FALSE,FALSE,-0.546522811028005,3.45682315870881,FALSE
"Astrocyte","C3",TRUE,FALSE,FALSE,0,0.845738115796807,FALSE
"Astrocyte","C4b",TRUE,TRUE,TRUE,-2.6942283615392,-1.36993233658462,FALSE
"Astrocyte","Itgam",TRUE,FALSE,FALSE,-2.60547253036667,0.378703202992242,FALSE
"Astrocyte","Trem2",TRUE,TRUE,TRUE,0.366561770187695,2.46322668188952,FALSE
"Astrocyte","Tyrobp",TRUE,FALSE,FALSE,0,6.17071727658899,FALSE
"Astrocyte","Cd68",TRUE,TRUE,TRUE,0.125896762663362,1.34413357815188,FALSE
"Astrocyte","Cx3cr1",TRUE,TRUE,FALSE,0.0566265710572557,0.452504721606184,TRUE
"Astrocyte","P2ry12",TRUE,FALSE,FALSE,-1.70642615097999,0.168857060685635,TRUE
"Astrocyte","Csf1r",TRUE,FALSE,FALSE,-0.752326565821878,1.50197296849844,TRUE
"Astrocyte","Mertk",TRUE,TRUE,TRUE,-3.30577863401819,-1.78172853020345,FALSE
"Astrocyte","Megf10",TRUE,TRUE,TRUE,-2.07951379394074,-0.363571520587926,FALSE
"Astrocyte","Axl",TRUE,TRUE,TRUE,-1.94379075582853,-0.54412108466026,FALSE
"Astrocyte","Gas6",TRUE,FALSE,FALSE,-0.397780854343281,0.636883701466985,FALSE
"Astrocyte","Sema3e",TRUE,TRUE,TRUE,0.459166748593909,2.11384470101353,FALSE
"Astrocyte","Plxnd1",TRUE,FALSE,FALSE,-1.73170289037823,1.52759315855935,FALSE
"Astrocyte","Nrp1",TRUE,TRUE,FALSE,0.0394169128807242,0.627253583337733,FALSE
"Astrocyte","Nrp2",TRUE,TRUE,TRUE,1.30227609451328,2.23264197409856,FALSE
"Astrocyte","Kirrel3",TRUE,TRUE,FALSE,-1.38590313540828,-0.0412703641320241,FALSE
"Astrocyte","Sdk2",TRUE,FALSE,FALSE,-0.147619588332949,0.492721257605206,FALSE
"Astrocyte","Sema5b",TRUE,TRUE,FALSE,0.176139476341987,2.48902241700534,FALSE
"Astrocyte","Cdh8",TRUE,TRUE,TRUE,1.04960576646577,2.57709768053743,FALSE
"Astrocyte","Cdh9",TRUE,TRUE,TRUE,0.641836546261963,2.04629345632405,FALSE
"Astrocyte","Cdh13",TRUE,TRUE,TRUE,0.792029253219642,1.87599863036759,FALSE
"Astrocyte","Cdh18",TRUE,TRUE,FALSE,0.906916868210885,1.86043264167329,FALSE
"Astrocyte","C1ql3",TRUE,FALSE,FALSE,-0.291516553955444,2.3003148498012,FALSE
"Astrocyte","Slit1",TRUE,TRUE,FALSE,0.355344577264342,1.714215761846,FALSE
"Astrocyte","Slit2",TRUE,TRUE,TRUE,0.994809369864995,1.80179262950699,FALSE
"Astrocyte","Slit3",TRUE,TRUE,FALSE,0.126100724854243,1.81666319583024,FALSE
"Astrocyte","Robo1",TRUE,TRUE,FALSE,0.305868675955363,1.11648613432122,FALSE
"Astrocyte","Robo2",TRUE,TRUE,TRUE,0.956556722977564,1.34312580785885,FALSE
"Astrocyte","Ntng1",TRUE,TRUE,TRUE,0.734414089687317,1.42333486579198,FALSE
"Astrocyte","Ntng2",TRUE,TRUE,TRUE,-1.33244872048993,-0.137672485206222,FALSE
"Astrocyte","Lrrc4c",TRUE,TRUE,FALSE,0.171345117742971,0.746006815939028,FALSE
"Astrocyte","Lrrc4",TRUE,FALSE,FALSE,-1.85260713916193,0.679672853292401,FALSE
"Astrocyte","Adgrb3",TRUE,FALSE,FALSE,-0.333697395717405,0.598092255962264,FALSE
"Astrocyte","Igsf21",TRUE,FALSE,FALSE,-0.50627381201239,0.167474860813057,FALSE
"Astrocyte","Nrxn2",TRUE,TRUE,FALSE,-0.458085497469919,-0.188409970464921,FALSE
"Astrocyte","Cntn4",TRUE,TRUE,FALSE,0.438683343021649,1.85083020187183,FALSE
"Astrocyte","Cntn6",TRUE,TRUE,TRUE,1.57641312387399,2.4983007955615,FALSE
"Astrocyte","Ptprg",TRUE,TRUE,FALSE,0.165006566160246,0.875725242391099,FALSE
"Astrocyte","Plxna1",TRUE,TRUE,TRUE,2.30049438976357,3.59218057508178,FALSE
"Astrocyte","Plxna3",TRUE,FALSE,FALSE,-0.00417571247491076,0.423690985639924,FALSE
"GABAergic","Mef2c",TRUE,TRUE,TRUE,0.19291502096981,0.54454469093802,FALSE
"GABAergic","Mef2a",TRUE,TRUE,TRUE,0.134350548299307,0.265626862648312,FALSE
"GABAergic","Mef2d",TRUE,TRUE,TRUE,-0.680024102613846,-0.436981357724841,FALSE
"GABAergic","Arc",TRUE,FALSE,FALSE,-2.39157090201414,0.602578487603511,FALSE
"GABAergic","Homer1",TRUE,FALSE,FALSE,-0.150653567941952,0.433810599555237,FALSE
"GABAergic","Nr4a1",TRUE,FALSE,FALSE,-0.661492356416025,0.25372612879165,FALSE
"GABAergic","Bdnf",TRUE,TRUE,TRUE,1.08632171778984,2.97833619059418,FALSE
"GABAergic","Pcdh10",TRUE,TRUE,TRUE,0.535852519177339,1.39166092319136,FALSE
"GABAergic","Npas4",TRUE,FALSE,FALSE,-0.511079562402435,0.763997361845626,FALSE
"GABAergic","Fos",TRUE,FALSE,FALSE,-0.448487980726511,2.16620564690059,FALSE
"GABAergic","Egr1",TRUE,FALSE,FALSE,-0.740100248821022,2.93685350575587,FALSE
"GABAergic","Ncam1",TRUE,TRUE,TRUE,0.49709717880292,0.652998039422916,FALSE
"GABAergic","Sema6d",TRUE,FALSE,FALSE,-0.0496792178723237,0.590956413425104,FALSE
"GABAergic","Cadm2",TRUE,TRUE,TRUE,0.476633934010296,0.787618286486089,FALSE
"GABAergic","Pcdh7",TRUE,TRUE,FALSE,0.0368683024122278,0.87047306874005,FALSE
"GABAergic","Grip1",TRUE,FALSE,FALSE,-1.23705242484468,0.0978952079354208,FALSE
"GABAergic","C1qa",TRUE,FALSE,FALSE,-1.74130713243964,3.26746680188575,TRUE
"GABAergic","C1qb",TRUE,FALSE,FALSE,-0.738897398987112,3.68290405635294,TRUE
"GABAergic","C1qc",TRUE,FALSE,FALSE,-1.09731567196796,4.74958269672419,FALSE
"GABAergic","C3",TRUE,FALSE,FALSE,0,0.617387019884726,FALSE
"GABAergic","C4b",TRUE,FALSE,FALSE,0,1.83071301186108,FALSE
"GABAergic","Itgam",TRUE,FALSE,FALSE,-2.15753531133348,0.226989612560253,FALSE
"GABAergic","Trem2",TRUE,FALSE,FALSE,-0.838653794113889,3.87463907259251,FALSE
"GABAergic","Tyrobp",TRUE,FALSE,FALSE,-1.5012243049068,4.41178843889522,FALSE
"GABAergic","Cd68",TRUE,FALSE,FALSE,-1.0987492389376,1.94992663152004,FALSE
"GABAergic","Cx3cr1",TRUE,TRUE,TRUE,-0.438244055954253,-0.171672635533339,TRUE
"GABAergic","P2ry12",TRUE,FALSE,FALSE,-1.9983789198578,0.0953450072890275,TRUE
"GABAergic","Csf1r",TRUE,FALSE,FALSE,-1.42738761598945,2.43902781745577,TRUE
"GABAergic","Mertk",TRUE,FALSE,FALSE,-1.04701500816051,1.51441117113092,FALSE
"GABAergic","Megf10",TRUE,FALSE,FALSE,-0.495520764175278,1.18369133323354,FALSE
"GABAergic","Axl",TRUE,FALSE,FALSE,-0.172444822218635,2.03079858374109,FALSE
"GABAergic","Gas6",TRUE,TRUE,FALSE,0.0950262766037281,1.02981887578022,FALSE
"GABAergic","Sema3e",TRUE,TRUE,TRUE,-0.683381529418545,-0.225766451405014,FALSE
"GABAergic","Plxnd1",TRUE,TRUE,TRUE,0.505268956269113,2.61861804598478,FALSE
"GABAergic","Nrp1",TRUE,TRUE,FALSE,0.165737701077826,0.740751819601667,FALSE
"GABAergic","Nrp2",TRUE,FALSE,FALSE,-0.26973841689038,0.428951291791952,FALSE
"GABAergic","Kirrel3",TRUE,FALSE,FALSE,-1.28053986520981,0.24594418522502,FALSE
"GABAergic","Sdk2",TRUE,TRUE,FALSE,-1.46863912501721,-0.155405740043395,FALSE
"GABAergic","Sema5b",TRUE,TRUE,TRUE,-1.50201212545473,-0.208320475033111,FALSE
"GABAergic","Cdh8",TRUE,TRUE,TRUE,0.238107989225665,0.478990400510604,FALSE
"GABAergic","Cdh9",TRUE,TRUE,TRUE,0.481429836394132,0.734087896468842,FALSE
"GABAergic","Cdh13",TRUE,FALSE,FALSE,-0.866161739053257,0.142436167903394,FALSE
"GABAergic","Cdh18",TRUE,FALSE,FALSE,-0.836423022868447,0.115715075718461,FALSE
"GABAergic","C1ql3",TRUE,TRUE,TRUE,0.655099607469222,4.13063240179157,FALSE
"GABAergic","Slit1",TRUE,FALSE,FALSE,-1.04026831488427,0.251065393909198,FALSE
"GABAergic","Slit2",TRUE,FALSE,FALSE,-0.0227408216993991,0.42730827645304,FALSE
"GABAergic","Slit3",TRUE,TRUE,FALSE,0.141006924458116,0.733184899664345,FALSE
"GABAergic","Robo1",TRUE,FALSE,FALSE,-0.928739695660857,0.0662240207948189,FALSE
"GABAergic","Robo2",TRUE,FALSE,FALSE,-0.0287358951406935,0.780528392513812,FALSE
"GABAergic","Ntng1",TRUE,FALSE,FALSE,-0.437648601904232,0.0599063100285863,FALSE
"GABAergic","Ntng2",TRUE,TRUE,FALSE,0.170071308258377,1.57539058095413,FALSE
"GABAergic","Lrrc4c",TRUE,FALSE,FALSE,-0.150233686021154,0.301960674862291,FALSE
"GABAergic","Lrrc4",TRUE,FALSE,FALSE,-2.13026410092499,0.0272350346670693,FALSE
"GABAergic","Adgrb3",TRUE,FALSE,FALSE,-0.439581883034768,0.171362106990254,FALSE
"GABAergic","Igsf21",TRUE,FALSE,FALSE,-0.243942799785028,0.808298116338314,FALSE
"GABAergic","Nrxn2",TRUE,TRUE,FALSE,0.192664731335754,0.254487646697061,FALSE
"GABAergic","Cntn4",TRUE,FALSE,FALSE,-0.200144402825309,0.496222064846545,FALSE
"GABAergic","Cntn6",TRUE,FALSE,FALSE,-0.130314496078703,0.773162073861348,FALSE
"GABAergic","Ptprg",TRUE,FALSE,FALSE,-0.438449947739804,0.339575720711679,FALSE
"GABAergic","Plxna1",TRUE,TRUE,TRUE,0.545347101793432,2.07036086047536,FALSE
"GABAergic","Plxna3",TRUE,FALSE,FALSE,-0.173749709316393,0.879005915456388,FALSE
"Glutamatergic","Mef2c",TRUE,FALSE,FALSE,-0.0689722868134029,0.532665357372154,FALSE
"Glutamatergic","Mef2a",TRUE,FALSE,FALSE,-0.115086183819258,0.618676632268681,FALSE
"Glutamatergic","Mef2d",TRUE,TRUE,TRUE,-0.943060751404014,-0.355244087415656,FALSE
"Glutamatergic","Arc",TRUE,FALSE,FALSE,-1.32216897284957,1.58574557081306,FALSE
"Glutamatergic","Homer1",TRUE,TRUE,TRUE,-0.380560653808847,-0.216116081998236,FALSE
"Glutamatergic","Nr4a1",TRUE,TRUE,TRUE,-1.31992201708283,-0.0457870080891251,FALSE
"Glutamatergic","Bdnf",TRUE,TRUE,TRUE,0.543192518393743,0.907589338684579,FALSE
"Glutamatergic","Pcdh10",TRUE,TRUE,TRUE,0.642416872879263,1.31050456300528,FALSE
"Glutamatergic","Npas4",TRUE,FALSE,FALSE,-1.6757501751165,0.122948022892418,FALSE
"Glutamatergic","Fos",TRUE,FALSE,FALSE,-2.87311026454098,1.8859539439258,FALSE
"Glutamatergic","Egr1",TRUE,TRUE,TRUE,0.504911669125387,3.67202337012239,FALSE
"Glutamatergic","Ncam1",TRUE,TRUE,TRUE,0.728833933422881,1.11110734137381,FALSE
"Glutamatergic","Sema6d",TRUE,TRUE,TRUE,0.969975108830342,1.53268432914462,FALSE
"Glutamatergic","Cadm2",TRUE,FALSE,FALSE,-0.209297156269473,0.352658863320925,FALSE
"Glutamatergic","Pcdh7",TRUE,FALSE,FALSE,-0.19474513148028,0.663127724407237,FALSE
"Glutamatergic","Grip1",TRUE,TRUE,TRUE,0.638137497978376,1.33539924005028,FALSE
"Glutamatergic","C1qa",TRUE,FALSE,FALSE,-2.15235659416078,3.16051003857169,TRUE
"Glutamatergic","C1qb",TRUE,FALSE,FALSE,-1.29457137608117,3.84345633014129,TRUE
"Glutamatergic","C1qc",TRUE,FALSE,FALSE,-0.287861622732227,3.9006479299196,FALSE
"Glutamatergic","C3",TRUE,FALSE,FALSE,0,1.26939191077819,FALSE
"Glutamatergic","C4b",TRUE,FALSE,FALSE,-0.782901483594947,1.16461648860047,FALSE
"Glutamatergic","Itgam",TRUE,FALSE,FALSE,-0.259977988644271,0.858245671880075,FALSE
"Glutamatergic","Trem2",TRUE,FALSE,FALSE,-1.05284689527996,3.31482709549688,FALSE
"Glutamatergic","Tyrobp",TRUE,TRUE,TRUE,0.656298819835032,4.63748915743389,FALSE
"Glutamatergic","Cd68",TRUE,FALSE,FALSE,-0.709779365803212,2.77619065910056,FALSE
"Glutamatergic","Cx3cr1",TRUE,FALSE,FALSE,-0.515577622935314,1.19498398676786,TRUE
"Glutamatergic","P2ry12",TRUE,TRUE,TRUE,-2.40932485072167,-0.313099616886522,TRUE
"Glutamatergic","Csf1r",TRUE,FALSE,FALSE,-0.361034393476508,2.4213579681318,TRUE
"Glutamatergic","Mertk",TRUE,FALSE,FALSE,-0.42132024999579,2.09764366091007,FALSE
"Glutamatergic","Megf10",TRUE,TRUE,TRUE,0.859642447222906,3.06921078902634,FALSE
"Glutamatergic","Axl",TRUE,FALSE,FALSE,-0.0990809767118574,2.33169530012333,FALSE
"Glutamatergic","Gas6",TRUE,TRUE,TRUE,0.677196636184336,1.32580811584403,FALSE
"Glutamatergic","Sema3e",TRUE,TRUE,FALSE,0.0436438958235902,0.515684897108079,FALSE
"Glutamatergic","Plxnd1",TRUE,FALSE,FALSE,-0.713916954793966,0.1310519456952,FALSE
"Glutamatergic","Nrp1",TRUE,FALSE,FALSE,-0.00901803604610122,0.689805506042072,FALSE
"Glutamatergic","Nrp2",TRUE,FALSE,FALSE,-0.0445162626531312,0.57113096096184,FALSE
"Glutamatergic","Kirrel3",TRUE,FALSE,FALSE,-0.460563556774761,0.166944444408471,FALSE
"Glutamatergic","Sdk2",TRUE,TRUE,FALSE,-0.351128118652354,-0.15448449891733,FALSE
"Glutamatergic","Sema5b",TRUE,TRUE,TRUE,0.0481591207312358,1.27823743728871,FALSE
"Glutamatergic","Cdh8",TRUE,TRUE,FALSE,0.00182081374324753,1.17492915197981,FALSE
"Glutamatergic","Cdh9",TRUE,FALSE,FALSE,-0.689182064084396,0.527086902135241,FALSE
"Glutamatergic","Cdh13",TRUE,TRUE,FALSE,-0.68062058239693,-0.0208677245901997,FALSE
"Glutamatergic","Cdh18",TRUE,TRUE,TRUE,-0.621970186394166,-0.16302196915402,FALSE
"Glutamatergic","C1ql3",TRUE,FALSE,FALSE,-0.183987645925305,1.02020616658806,FALSE
"Glutamatergic","Slit1",TRUE,TRUE,FALSE,-2.06249699991755,-0.195214746855967,FALSE
"Glutamatergic","Slit2",TRUE,FALSE,FALSE,-0.112603057395724,0.990438997394294,FALSE
"Glutamatergic","Slit3",TRUE,FALSE,FALSE,-1.85867001928701,0.139054261191583,FALSE
"Glutamatergic","Robo1",TRUE,FALSE,FALSE,-0.184646132048903,0.448015051385052,FALSE
"Glutamatergic","Robo2",TRUE,FALSE,FALSE,-0.26659589595003,0.582937103470376,FALSE
"Glutamatergic","Ntng1",TRUE,TRUE,FALSE,-0.651932740577853,-0.0802636444346386,FALSE
"Glutamatergic","Ntng2",TRUE,FALSE,FALSE,-1.6026775865619,0.554834607340502,FALSE
"Glutamatergic","Lrrc4c",TRUE,FALSE,FALSE,-0.901211021190261,0.452872208548152,FALSE
"Glutamatergic","Lrrc4",TRUE,TRUE,FALSE,-2.50994258659165,-0.0390239624199935,FALSE
"Glutamatergic","Adgrb3",TRUE,FALSE,FALSE,-0.574952956679039,0.417318236262028,FALSE
"Glutamatergic","Igsf21",TRUE,TRUE,FALSE,-0.771937606356299,-0.025189430564753,FALSE
"Glutamatergic","Nrxn2",TRUE,TRUE,FALSE,0.195727687754537,0.427217630694384,FALSE
"Glutamatergic","Cntn4",TRUE,TRUE,TRUE,-1.52603957994016,-0.267240533275821,FALSE
"Glutamatergic","Cntn6",TRUE,FALSE,FALSE,-0.480067260318404,0.423722806348933,FALSE
"Glutamatergic","Ptprg",TRUE,FALSE,FALSE,-0.190971176850727,0.766689784797979,FALSE
"Glutamatergic","Plxna1",TRUE,TRUE,FALSE,0.0272455684779765,2.1315959312382,FALSE
"Glutamatergic","Plxna3",TRUE,TRUE,TRUE,0.765099289161531,1.98020886792212,FALSE
"Immature_neuron","Mef2c",TRUE,TRUE,FALSE,0.220351340988839,0.537651952086966,FALSE
"Immature_neuron","Mef2a",TRUE,FALSE,FALSE,-0.147041499624523,0.247458699815099,FALSE
"Immature_neuron","Mef2d",TRUE,TRUE,TRUE,-0.841671871327838,-0.443716169378045,FALSE
"Immature_neuron","Arc",TRUE,FALSE,FALSE,-2.12380836886921,2.24075886381301,FALSE
"Immature_neuron","Homer1",TRUE,FALSE,FALSE,-0.222421571172098,0.540594546075314,FALSE
"Immature_neuron","Nr4a1",TRUE,TRUE,FALSE,-0.794462031991821,-0.439558814717374,FALSE
"Immature_neuron","Bdnf",TRUE,TRUE,FALSE,0.272374330020792,1.23774741638071,FALSE
"Immature_neuron","Pcdh10",TRUE,TRUE,TRUE,0.843345882483798,1.38501606053544,FALSE
"Immature_neuron","Npas4",TRUE,FALSE,FALSE,-0.31998887750894,1.51811395155088,FALSE
"Immature_neuron","Fos",TRUE,FALSE,FALSE,-2.11284475563311,4.19533349900985,FALSE
"Immature_neuron","Egr1",TRUE,FALSE,FALSE,-0.510216836905885,3.64041789397502,FALSE
"Immature_neuron","Ncam1",TRUE,TRUE,TRUE,0.710597639242703,0.829199957847139,FALSE
"Immature_neuron","Sema6d",TRUE,FALSE,FALSE,-0.110050991828779,0.619123561760054,FALSE
"Immature_neuron","Cadm2",TRUE,FALSE,FALSE,-0.094953648527393,0.332312941276991,FALSE
"Immature_neuron","Pcdh7",TRUE,FALSE,FALSE,-0.0894871372294175,0.858370810875941,FALSE
"Immature_neuron","Grip1",TRUE,FALSE,FALSE,-0.175179437465422,0.915617634663357,FALSE
"Immature_neuron","C1qa",TRUE,FALSE,FALSE,-1.07620187298074,5.20850536496683,TRUE
"Immature_neuron","C1qb",TRUE,FALSE,FALSE,-1.40220711285103,5.41909325208115,TRUE
"Immature_neuron","C1qc",TRUE,FALSE,FALSE,-2.27952151737961,3.37489990865024,FALSE
"Immature_neuron","C3",TRUE,FALSE,FALSE,0,0.313275921676248,FALSE
"Immature_neuron","C4b",TRUE,FALSE,FALSE,-1.08744642024579,0.80191405855419,FALSE
"Immature_neuron","Itgam",TRUE,FALSE,FALSE,-0.445990039027648,3.29709596098501,FALSE
"Immature_neuron","Trem2",TRUE,TRUE,FALSE,0.45527255294535,2.41909723582252,FALSE
"Immature_neuron","Tyrobp",TRUE,TRUE,FALSE,0.45527255294535,4.80045613391798,FALSE
"Immature_neuron","Cd68",TRUE,FALSE,FALSE,-2.11833697683312,2.00871314665339,FALSE
"Immature_neuron","Cx3cr1",TRUE,TRUE,FALSE,0.0698092825431333,0.756270177847144,TRUE
"Immature_neuron","P2ry12",TRUE,TRUE,FALSE,-2.22158102778493,-0.0688848942189408,TRUE
"Immature_neuron","Csf1r",TRUE,TRUE,TRUE,1.12670645026742,4.97032935562399,TRUE
"Immature_neuron","Mertk",TRUE,FALSE,FALSE,-1.61316339836844,3.98986665652552,FALSE
"Immature_neuron","Megf10",TRUE,FALSE,FALSE,-0.318342591105111,0.888497044562553,FALSE
"Immature_neuron","Axl",TRUE,TRUE,TRUE,0.629002717360135,3.05599013426266,FALSE
"Immature_neuron","Gas6",TRUE,TRUE,TRUE,0.497378562668619,1.14487701551792,FALSE
"Immature_neuron","Sema3e",TRUE,FALSE,FALSE,-0.0463459062772236,1.25127001367505,FALSE
"Immature_neuron","Plxnd1",TRUE,TRUE,FALSE,0.18212298004962,1.04772758078513,FALSE
"Immature_neuron","Nrp1",TRUE,FALSE,FALSE,-0.105662888372747,0.800546137083125,FALSE
"Immature_neuron","Nrp2",TRUE,FALSE,FALSE,-0.463383355410727,0.0777752455006704,FALSE
"Immature_neuron","Kirrel3",TRUE,TRUE,FALSE,-1.14246026384942,-0.101692832294593,FALSE
"Immature_neuron","Sdk2",TRUE,TRUE,TRUE,-1.19115463190758,-0.429490809075129,FALSE
"Immature_neuron","Sema5b",TRUE,TRUE,FALSE,-1.09000363869885,-0.300997914126448,FALSE
"Immature_neuron","Cdh8",TRUE,FALSE,FALSE,-0.472848717931721,0.839416846092231,FALSE
"Immature_neuron","Cdh9",TRUE,FALSE,FALSE,-0.318358166124042,1.15963356555675,FALSE
"Immature_neuron","Cdh13",TRUE,TRUE,FALSE,-0.989450539248614,-0.119229773283665,FALSE
"Immature_neuron","Cdh18",TRUE,TRUE,TRUE,-0.842003153452001,-0.644799725541616,FALSE
"Immature_neuron","C1ql3",TRUE,TRUE,FALSE,0.086047690004685,1.21534973133968,FALSE
"Immature_neuron","Slit1",TRUE,FALSE,FALSE,-1.6250806902779,0.00340498800785098,FALSE
"Immature_neuron","Slit2",TRUE,TRUE,FALSE,0.008391890434114,1.15167276307854,FALSE
"Immature_neuron","Slit3",TRUE,FALSE,FALSE,-1.42324039570753,0.469306419975013,FALSE
"Immature_neuron","Robo1",TRUE,TRUE,TRUE,-0.830462633292663,-0.0503965796106813,FALSE
"Immature_neuron","Robo2",TRUE,FALSE,FALSE,-0.310271796489574,0.614161915013424,FALSE
"Immature_neuron","Ntng1",TRUE,FALSE,FALSE,-0.612978720365462,0.331035698830634,FALSE
"Immature_neuron","Ntng2",TRUE,TRUE,FALSE,-1.60275981601227,-0.0257394137934823,FALSE
"Immature_neuron","Lrrc4c",TRUE,FALSE,FALSE,-0.369574066482636,0.935189352627805,FALSE
"Immature_neuron","Lrrc4",TRUE,FALSE,FALSE,-2.0910850909462,0.17022963164628,FALSE
"Immature_neuron","Adgrb3",TRUE,FALSE,FALSE,-0.469686202507257,0.400482159733262,FALSE
"Immature_neuron","Igsf21",TRUE,FALSE,FALSE,-0.674077009597178,0.159709469748243,FALSE
"Immature_neuron","Nrxn2",TRUE,TRUE,FALSE,0.300513976446686,0.455775527867398,FALSE
"Immature_neuron","Cntn4",TRUE,FALSE,FALSE,-0.995040716296029,0.190062060100869,FALSE
"Immature_neuron","Cntn6",TRUE,FALSE,FALSE,-0.0765571670858006,0.972221183099806,FALSE
"Immature_neuron","Ptprg",TRUE,FALSE,FALSE,-0.374097509758076,0.568397521014811,FALSE
"Immature_neuron","Plxna1",TRUE,FALSE,FALSE,-0.162167215607403,2.38389417361193,FALSE
"Immature_neuron","Plxna3",TRUE,TRUE,FALSE,0.28495979731651,1.35598776819028,FALSE
"Microglia","Mef2c",TRUE,TRUE,TRUE,-0.672743171140663,-0.398473194344978,FALSE
"Microglia","Mef2a",TRUE,TRUE,TRUE,-1.70006859076436,-1.32726280954588,FALSE
"Microglia","Mef2d",TRUE,TRUE,TRUE,-1.82443546048803,-1.32863021359132,FALSE
"Microglia","Arc",TRUE,FALSE,FALSE,-2.67593973370832,0.715886709560633,FALSE
"Microglia","Homer1",TRUE,TRUE,FALSE,0.546862848440471,0.845058003905388,FALSE
"Microglia","Nr4a1",TRUE,FALSE,FALSE,-1.24031295659165,0.0149567183538455,FALSE
"Microglia","Bdnf",TRUE,FALSE,FALSE,-0.210698641274213,1.29665469340303,FALSE
"Microglia","Pcdh10",TRUE,TRUE,TRUE,1.52324761571814,1.94810621432067,FALSE
"Microglia","Npas4",TRUE,FALSE,FALSE,-4.0927602533312,2.28105354625689,FALSE
"Microglia","Fos",TRUE,FALSE,FALSE,-1.22561102642234,7.03443109833885,FALSE
"Microglia","Egr1",TRUE,FALSE,FALSE,-0.988550194020562,5.36291872797982,FALSE
"Microglia","Ncam1",TRUE,TRUE,TRUE,1.15862719626079,1.79818122557664,FALSE
"Microglia","Sema6d",TRUE,TRUE,FALSE,0.430351310505068,1.64251183583673,FALSE
"Microglia","Cadm2",TRUE,TRUE,FALSE,0.367427778391961,1.49599980943997,FALSE
"Microglia","Pcdh7",TRUE,FALSE,FALSE,-0.171154832036216,1.54165064791132,FALSE
"Microglia","Grip1",TRUE,TRUE,FALSE,0.366997498435176,2.21800850143746,FALSE
"Microglia","C1qa",TRUE,FALSE,FALSE,-3.12888316587131,2.36985532591886,TRUE
"Microglia","C1qb",TRUE,FALSE,FALSE,-1.99488430003725,2.17078157417546,TRUE
"Microglia","C1qc",TRUE,FALSE,FALSE,-2.98571535733002,2.7440558927473,FALSE
"Microglia","C3",TRUE,FALSE,FALSE,0,1.71109746348951,FALSE
"Microglia","C4b",TRUE,TRUE,FALSE,1.00572341257244,1.94528054270816,FALSE
"Microglia","Itgam",TRUE,TRUE,TRUE,-2.37007553934257,-0.624476977711013,FALSE
"Microglia","Trem2",TRUE,FALSE,FALSE,-1.6365926113627,1.682219452599,FALSE
"Microglia","Tyrobp",TRUE,FALSE,FALSE,-3.20137126323675,3.96667412172392,FALSE
"Microglia","Cd68",TRUE,FALSE,FALSE,-5.76887821542722,2.2759419834484,FALSE
"Microglia","Cx3cr1",TRUE,FALSE,FALSE,-1.21964001032279,0.408262275167333,TRUE
"Microglia","P2ry12",TRUE,FALSE,FALSE,-0.378419306870484,0.41166988896855,TRUE
"Microglia","Csf1r",TRUE,FALSE,FALSE,-1.43343582982755,0.286239218278857,TRUE
"Microglia","Mertk",TRUE,TRUE,TRUE,-2.53340796695095,-1.91632491461902,FALSE
"Microglia","Megf10",TRUE,TRUE,FALSE,0.592648017439076,2.83334509957616,FALSE
"Microglia","Axl",TRUE,FALSE,FALSE,-2.67593973370832,1.51153596133422,FALSE
"Microglia","Gas6",TRUE,TRUE,TRUE,0.477080196283488,1.57423951799041,FALSE
"Microglia","Sema3e",TRUE,TRUE,FALSE,0.332620052732546,1.19790184265674,FALSE
"Microglia","Plxnd1",TRUE,FALSE,FALSE,-0.404922446547186,1.63312091640132,FALSE
"Microglia","Nrp1",TRUE,FALSE,FALSE,-0.354820651417895,0.494771743212939,FALSE
"Microglia","Nrp2",TRUE,FALSE,FALSE,-0.600690509557155,0.363629751677604,FALSE
"Microglia","Kirrel3",TRUE,FALSE,FALSE,-0.808011824209475,1.50096892776321,FALSE
"Microglia","Sdk2",TRUE,FALSE,FALSE,-0.234680205270974,1.37126565783555,FALSE
"Microglia","Sema5b",TRUE,FALSE,FALSE,-0.411268501487786,1.40070335174968,FALSE
"Microglia","Cdh8",TRUE,TRUE,FALSE,0.569126299331328,2.47508983164143,FALSE
"Microglia","Cdh9",TRUE,TRUE,FALSE,0.737090128993688,1.39206711490257,FALSE
"Microglia","Cdh13",TRUE,FALSE,FALSE,-0.66085477693557,1.30760842669471,FALSE
"Microglia","Cdh18",TRUE,FALSE,FALSE,-0.360173796434542,1.33623200032886,FALSE
"Microglia","C1ql3",TRUE,TRUE,TRUE,0.369303562072291,1.65831201220475,FALSE
"Microglia","Slit1",TRUE,FALSE,FALSE,-1.20516646968196,0.884946779664181,FALSE
"Microglia","Slit2",TRUE,FALSE,FALSE,-0.333661980905751,1.48314804807899,FALSE
"Microglia","Slit3",TRUE,FALSE,FALSE,-1.03612851876352,1.38781394883902,FALSE
"Microglia","Robo1",TRUE,FALSE,FALSE,-0.223844321650469,1.73489872931867,FALSE
"Microglia","Robo2",TRUE,TRUE,FALSE,0.288150916783273,1.59845025903725,FALSE
"Microglia","Ntng1",TRUE,FALSE,FALSE,-0.814185810350427,0.978021593624781,FALSE
"Microglia","Ntng2",TRUE,FALSE,FALSE,-0.883953205542329,2.12426085746844,FALSE
"Microglia","Lrrc4c",TRUE,FALSE,FALSE,-0.297217472305412,1.49321654053291,FALSE
"Microglia","Lrrc4",TRUE,TRUE,TRUE,-2.20943067129486,-0.260998082753707,FALSE
"Microglia","Adgrb3",TRUE,FALSE,FALSE,-0.149619376580212,1.67311920933646,FALSE
"Microglia","Igsf21",TRUE,TRUE,FALSE,0.0171491797728529,1.63596070488317,FALSE
"Microglia","Nrxn2",TRUE,TRUE,FALSE,0.20740599955599,1.44337804353289,FALSE
"Microglia","Cntn4",TRUE,FALSE,FALSE,-0.675980852890218,1.2809756874445,FALSE
"Microglia","Cntn6",TRUE,FALSE,FALSE,-0.264878067586627,1.49138873885223,FALSE
"Microglia","Ptprg",TRUE,TRUE,FALSE,0.094911487612387,1.60154633399581,FALSE
"Microglia","Plxna1",TRUE,TRUE,TRUE,0.723952287557755,2.22657102845806,FALSE
"Microglia","Plxna3",TRUE,FALSE,FALSE,-0.374595963953364,0.514319373415145,FALSE
"OPC","Mef2c",TRUE,TRUE,TRUE,0.538675675898726,0.875985848423175,FALSE
"OPC","Mef2a",TRUE,FALSE,FALSE,-0.0769672248462594,0.00464965273974239,FALSE
"OPC","Mef2d",TRUE,FALSE,FALSE,-0.484711729870719,0.122315878043194,FALSE
"OPC","Arc",TRUE,TRUE,TRUE,1.29552156506274,1.89236559874942,FALSE
"OPC","Homer1",TRUE,TRUE,TRUE,0.266108051129465,0.769852880354746,FALSE
"OPC","Nr4a1",TRUE,TRUE,FALSE,0.079495473549394,0.670081003534837,FALSE
"OPC","Bdnf",TRUE,TRUE,TRUE,2.09239977757912,3.92684944277434,FALSE
"OPC","Pcdh10",TRUE,TRUE,TRUE,0.172819673339794,0.878975849624149,FALSE
"OPC","Npas4",TRUE,TRUE,TRUE,0.70774197694834,1.21878461282224,FALSE
"OPC","Fos",TRUE,FALSE,FALSE,-1.19752801722441,4.28317530554097,FALSE
"OPC","Egr1",TRUE,TRUE,TRUE,0.513652127019842,4.44881576738836,FALSE
"OPC","Ncam1",TRUE,FALSE,FALSE,-0.0809161671203154,0.0663812226777394,FALSE
"OPC","Sema6d",TRUE,FALSE,FALSE,-0.693647930684872,0.630224841178289,FALSE
"OPC","Cadm2",TRUE,FALSE,FALSE,-0.256913059294931,0.439378010589196,FALSE
"OPC","Pcdh7",TRUE,FALSE,FALSE,-0.249956154238472,0.353918389333973,FALSE
"OPC","Grip1",TRUE,FALSE,FALSE,-0.0339434474516496,1.0615063353007,FALSE
"OPC","C1qa",TRUE,FALSE,FALSE,-2.7963416973428,2.64166159939246,TRUE
"OPC","C1qb",TRUE,FALSE,FALSE,-2.95282197137007,2.37916720911718,TRUE
"OPC","C1qc",TRUE,TRUE,FALSE,0.324795311248673,2.53847638725166,FALSE
"OPC","C3",TRUE,FALSE,FALSE,0,0.530100632726146,FALSE
"OPC","C4b",TRUE,TRUE,FALSE,-1.81263163702474,-0.337357139569028,FALSE
"OPC","Itgam",TRUE,TRUE,FALSE,0.93265717390183,3.75933408694411,FALSE
"OPC","Trem2",TRUE,FALSE,FALSE,-1.84274847360355,1.46211543036611,FALSE
"OPC","Tyrobp",TRUE,FALSE,FALSE,-3.08160466961887,2.49432613382885,FALSE
"OPC","Cd68",TRUE,FALSE,FALSE,-1.19752801722441,1.82963165604744,FALSE
"OPC","Cx3cr1",TRUE,FALSE,FALSE,-0.589038195039183,0.871168395592121,TRUE
"OPC","P2ry12",TRUE,TRUE,TRUE,-1.88416771987964,-0.347722324001027,TRUE
"OPC","Csf1r",TRUE,FALSE,FALSE,-2.0697468271895,0.678330531924352,TRUE
"OPC","Mertk",TRUE,TRUE,TRUE,-1.87090032306172,-0.387023799521688,FALSE
"OPC","Megf10",TRUE,TRUE,TRUE,-5.17136997063685,-1.10535838517415,FALSE
"OPC","Axl",TRUE,FALSE,FALSE,-1.33746487962139,0.0565274008447721,FALSE
"OPC","Gas6",TRUE,TRUE,TRUE,-1.06156842475992,-0.667137637295347,FALSE
"OPC","Sema3e",TRUE,TRUE,FALSE,-1.21447257614393,-0.618259492319189,FALSE
"OPC","Plxnd1",TRUE,FALSE,FALSE,-3.76970928481171,1.15291663152873,FALSE
"OPC","Nrp1",TRUE,TRUE,TRUE,1.32497901415833,2.20281095305655,FALSE
"OPC","Nrp2",TRUE,TRUE,FALSE,0.101815639196297,0.831447606659021,FALSE
"OPC","Kirrel3",TRUE,FALSE,FALSE,-0.552472701411134,0.675116938231101,FALSE
"OPC","Sdk2",TRUE,FALSE,FALSE,-0.698175909562945,0.37523321041719,FALSE
"OPC","Sema5b",TRUE,TRUE,TRUE,-1.76643808160347,-0.407522779117734,FALSE
"OPC","Cdh8",TRUE,TRUE,TRUE,1.4430288786703,2.10178043918619,FALSE
"OPC","Cdh9",TRUE,TRUE,FALSE,1.15594558448427,1.82731889362309,FALSE
"OPC","Cdh13",TRUE,FALSE,FALSE,-1.17492757851981,0.0608144518123525,FALSE
"OPC","Cdh18",TRUE,FALSE,FALSE,-0.428091282351669,0.414097752552249,FALSE
"OPC","C1ql3",TRUE,FALSE,FALSE,-0.308050413057138,1.80826474926812,FALSE
"OPC","Slit1",TRUE,FALSE,FALSE,-1.49139181283164,0.224704564382079,FALSE
"OPC","Slit2",TRUE,TRUE,TRUE,0.921596364242833,1.75388166888557,FALSE
"OPC","Slit3",TRUE,FALSE,FALSE,-0.259152862294646,1.23796852810418,FALSE
"OPC","Robo1",TRUE,FALSE,FALSE,-0.310652625982607,0.412043793981573,FALSE
"OPC","Robo2",TRUE,TRUE,TRUE,0.647910806349809,1.74289145897908,FALSE
"OPC","Ntng1",TRUE,TRUE,FALSE,0.528480267873477,0.960371362418333,FALSE
"OPC","Ntng2",TRUE,TRUE,FALSE,-1.17206106492132,-0.308258298567821,FALSE
"OPC","Lrrc4c",TRUE,TRUE,TRUE,-1.06172737207046,-0.1510107115508,FALSE
"OPC","Lrrc4",TRUE,FALSE,FALSE,-1.47853535058526,0.192259956939609,FALSE
"OPC","Adgrb3",TRUE,FALSE,FALSE,-0.188832529910269,0.628664240996422,FALSE
"OPC","Igsf21",TRUE,TRUE,TRUE,-1.53122288942333,-0.490195089943627,FALSE
"OPC","Nrxn2",TRUE,TRUE,TRUE,-1.14887145559925,-0.884377495412782,FALSE
"OPC","Cntn4",TRUE,TRUE,TRUE,-0.966645818553688,-0.218036261833861,FALSE
"OPC","Cntn6",TRUE,FALSE,FALSE,-0.504171031156871,0.437901210958328,FALSE
"OPC","Ptprg",TRUE,FALSE,FALSE,-0.70558786664823,0.240571867347968,FALSE
"OPC","Plxna1",TRUE,TRUE,TRUE,0.247850912071664,2.25683358968414,FALSE
"OPC","Plxna3",TRUE,FALSE,FALSE,-1.12980331543471,0.0530058807904288,FALSE
"Oligodendrocyte","Mef2c",TRUE,FALSE,FALSE,-0.000807181320028417,0.774494732396892,FALSE
"Oligodendrocyte","Mef2a",TRUE,FALSE,FALSE,-0.132160681043843,0.0459286628488626,FALSE
"Oligodendrocyte","Mef2d",TRUE,FALSE,FALSE,-0.93998409284926,0.591338843868972,FALSE
"Oligodendrocyte","Arc",TRUE,TRUE,FALSE,-3.46811575151979,-0.468145727346754,FALSE
"Oligodendrocyte","Homer1",TRUE,TRUE,FALSE,0.016527833326666,0.441223073544807,FALSE
"Oligodendrocyte","Nr4a1",TRUE,FALSE,FALSE,-4.99325175906026,0.85094331089625,FALSE
"Oligodendrocyte","Bdnf",TRUE,TRUE,TRUE,1.25505854171163,2.84477290398898,FALSE
"Oligodendrocyte","Pcdh10",TRUE,TRUE,TRUE,1.04005179979885,1.25940623832543,FALSE
"Oligodendrocyte","Npas4",TRUE,TRUE,FALSE,-4.17097335190448,-1.00849137734162,FALSE
"Oligodendrocyte","Fos",TRUE,FALSE,FALSE,-2.88440961022044,1.56029123353803,FALSE
"Oligodendrocyte","Egr1",TRUE,FALSE,FALSE,-4.21274333597946,2.4888503437902,FALSE
"Oligodendrocyte","Ncam1",TRUE,TRUE,FALSE,0.235828474559707,0.525112863996115,FALSE
"Oligodendrocyte","Sema6d",TRUE,TRUE,TRUE,0.389070218275728,1.67416178032044,FALSE
"Oligodendrocyte","Cadm2",TRUE,TRUE,TRUE,0.587443470244432,1.29689911487777,FALSE
"Oligodendrocyte","Pcdh7",TRUE,TRUE,FALSE,0.0926082156525712,0.740764276664987,FALSE
"Oligodendrocyte","Grip1",TRUE,TRUE,FALSE,0.334624790429317,1.77475399986813,FALSE
"Oligodendrocyte","C1qa",TRUE,TRUE,TRUE,0.472754479392481,1.85005809962204,TRUE
"Oligodendrocyte","C1qb",TRUE,FALSE,FALSE,-3.65176941787163,1.98456323939558,TRUE
"Oligodendrocyte","C1qc",TRUE,FALSE,FALSE,-3.46811575151979,3.31804158979534,FALSE
"Oligodendrocyte","C3",TRUE,FALSE,FALSE,0,2.23035350960482,FALSE
"Oligodendrocyte","C4b",TRUE,TRUE,TRUE,-2.6430678881227,-2.47631560103296,FALSE
"Oligodendrocyte","Itgam",TRUE,FALSE,FALSE,-0.0882324993697444,1.72367210221176,FALSE
"Oligodendrocyte","Trem2",TRUE,TRUE,TRUE,2.36902837292992,3.00233538745241,FALSE
"Oligodendrocyte","Tyrobp",TRUE,FALSE,FALSE,-2.43866445734624,4.24790425564268,FALSE
"Oligodendrocyte","Cd68",TRUE,FALSE,FALSE,-2.6430678881227,1.69385938191956,FALSE
"Oligodendrocyte","Cx3cr1",TRUE,TRUE,TRUE,-6.33160522058713,-0.636249043382515,TRUE
"Oligodendrocyte","P2ry12",TRUE,FALSE,FALSE,-1.50947199439713,0.674609507854666,TRUE
"Oligodendrocyte","Csf1r",TRUE,FALSE,FALSE,-0.427270564441889,0.758031335354901,TRUE
"Oligodendrocyte","Mertk",TRUE,TRUE,TRUE,-2.18059503119775,-1.29945607861631,FALSE
"Oligodendrocyte","Megf10",TRUE,TRUE,TRUE,-5.56621562444922,-0.960876760282359,FALSE
"Oligodendrocyte","Axl",TRUE,FALSE,FALSE,-2.24471329899664,0.98616530151299,FALSE
"Oligodendrocyte","Gas6",TRUE,TRUE,TRUE,0.797775280426672,1.65795711628623,FALSE
"Oligodendrocyte","Sema3e",TRUE,FALSE,FALSE,-0.518142080347353,0.854820266206569,FALSE
"Oligodendrocyte","Plxnd1",TRUE,TRUE,FALSE,0.40526857472086,1.39595395410997,FALSE
"Oligodendrocyte","Nrp1",TRUE,TRUE,FALSE,0.200327538675865,0.829832653491322,FALSE
"Oligodendrocyte","Nrp2",TRUE,FALSE,FALSE,-0.814210711899708,0.718125054108934,FALSE
"Oligodendrocyte","Kirrel3",TRUE,TRUE,FALSE,-1.7473394721033,-0.124784181477503,FALSE
"Oligodendrocyte","Sdk2",TRUE,FALSE,FALSE,-0.255489886768235,0.462548789382102,FALSE
"Oligodendrocyte","Sema5b",TRUE,TRUE,TRUE,0.438584315648309,1.84877823022866,FALSE
"Oligodendrocyte","Cdh8",TRUE,TRUE,FALSE,0.129883415752784,1.27733961280037,FALSE
"Oligodendrocyte","Cdh9",TRUE,TRUE,FALSE,0.0961477439327988,1.24355262697635,FALSE
"Oligodendrocyte","Cdh13",TRUE,TRUE,TRUE,0.517914503785415,1.57860938939807,FALSE
"Oligodendrocyte","Cdh18",TRUE,TRUE,FALSE,-0.813266779878748,-0.217468049236014,FALSE
"Oligodendrocyte","C1ql3",TRUE,FALSE,FALSE,-0.980806081517105,1.4390431328383,FALSE
"Oligodendrocyte","Slit1",TRUE,TRUE,FALSE,-1.78164703481004,-0.0615207353357644,FALSE
"Oligodendrocyte","Slit2",TRUE,FALSE,FALSE,-0.0581830540148061,1.82350163332672,FALSE
"Oligodendrocyte","Slit3",TRUE,FALSE,FALSE,-1.91045138480055,0.299794802414621,FALSE
"Oligodendrocyte","Robo1",TRUE,FALSE,FALSE,-0.571459897711849,0.589317377459648,FALSE
"Oligodendrocyte","Robo2",TRUE,TRUE,FALSE,0.160088664477391,1.3396795600577,FALSE
"Oligodendrocyte","Ntng1",TRUE,FALSE,FALSE,-0.499409459377533,0.224081502127882,FALSE
"Oligodendrocyte","Ntng2",TRUE,TRUE,TRUE,-2.86220489473573,-1.45915852816494,FALSE
"Oligodendrocyte","Lrrc4c",TRUE,FALSE,FALSE,-0.173411093568607,0.987271527694719,FALSE
"Oligodendrocyte","Lrrc4",TRUE,FALSE,FALSE,-1.34841501045439,0.126316307495033,FALSE
"Oligodendrocyte","Adgrb3",TRUE,FALSE,FALSE,-0.143950775161534,0.920716032539281,FALSE
"Oligodendrocyte","Igsf21",TRUE,TRUE,FALSE,-1.01115555958787,-0.199569195363225,FALSE
"Oligodendrocyte","Nrxn2",TRUE,TRUE,FALSE,0.0425452683406192,0.355954114410191,FALSE
"Oligodendrocyte","Cntn4",TRUE,FALSE,FALSE,-1.26098286065658,0.429667395606141,FALSE
"Oligodendrocyte","Cntn6",TRUE,TRUE,TRUE,0.506441286576206,1.10503462414645,FALSE
"Oligodendrocyte","Ptprg",TRUE,TRUE,FALSE,0.248818731347756,1.38058781368499,FALSE
"Oligodendrocyte","Plxna1",TRUE,FALSE,FALSE,-4.06520673444282,2.24108020026729,FALSE
"Oligodendrocyte","Plxna3",TRUE,FALSE,FALSE,-0.161776392618293,1.59503992592952,FALSE
"ITC-like GABA (provisional)","Mef2c",TRUE,TRUE,FALSE,0.00716155393211524,0.548132622454865,FALSE
"ITC-like GABA (provisional)","Mef2a",TRUE,TRUE,FALSE,0.0257289435224359,0.421317958317664,FALSE
"ITC-like GABA (provisional)","Mef2d",TRUE,TRUE,TRUE,-0.748962762467686,-0.361614358933467,FALSE
"ITC-like GABA (provisional)","Arc",TRUE,FALSE,FALSE,-4.42150595201799,0.151573395077801,FALSE
"ITC-like GABA (provisional)","Homer1",TRUE,FALSE,FALSE,-0.312260243213158,0.405687436348383,FALSE
"ITC-like GABA (provisional)","Nr4a1",TRUE,FALSE,FALSE,-0.279681397897463,1.10243121760253,FALSE
"ITC-like GABA (provisional)","Bdnf",TRUE,FALSE,FALSE,-2.33132711023114,2.53184878085938,FALSE
"ITC-like GABA (provisional)","Pcdh10",TRUE,TRUE,TRUE,0.345746538020198,1.69690316680862,FALSE
"ITC-like GABA (provisional)","Npas4",TRUE,TRUE,FALSE,0.755668885913548,1.91457092048205,FALSE
"ITC-like GABA (provisional)","Fos",TRUE,TRUE,TRUE,0.757578743422815,3.10476237859635,FALSE
"ITC-like GABA (provisional)","Egr1",TRUE,FALSE,FALSE,-0.00567658112177527,2.86910378280846,FALSE
"ITC-like GABA (provisional)","Ncam1",TRUE,TRUE,TRUE,0.214780500389076,0.482807775198389,FALSE
"ITC-like GABA (provisional)","Sema6d",TRUE,TRUE,FALSE,0.192343343939606,0.426723052138777,FALSE
"ITC-like GABA (provisional)","Cadm2",TRUE,TRUE,TRUE,0.528673160813708,0.790123542148782,FALSE
"ITC-like GABA (provisional)","Pcdh7",TRUE,TRUE,FALSE,0.258841546997963,0.989433046632156,FALSE
"ITC-like GABA (provisional)","Grip1",TRUE,FALSE,FALSE,-0.0913383407398926,0.515067286659611,FALSE
"ITC-like GABA (provisional)","C1qa",TRUE,FALSE,FALSE,-3.00980713799163,2.25530011156319,TRUE
"ITC-like GABA (provisional)","C1qb",TRUE,FALSE,FALSE,-0.480108229545569,2.70753024420013,TRUE
"ITC-like GABA (provisional)","C1qc",TRUE,FALSE,FALSE,-1.22911224623667,4.11313857175535,FALSE
"ITC-like GABA (provisional)","C3",TRUE,FALSE,FALSE,0,1.14739349869502,FALSE
"ITC-like GABA (provisional)","C4b",TRUE,FALSE,FALSE,-1.46095816135748,1.14739349869502,FALSE
"ITC-like GABA (provisional)","Itgam",TRUE,FALSE,FALSE,-3.16344044447207,0.332786565252996,FALSE
"ITC-like GABA (provisional)","Trem2",TRUE,FALSE,FALSE,-2.18546851153458,3.73043252927326,FALSE
"ITC-like GABA (provisional)","Tyrobp",TRUE,TRUE,TRUE,0.650975820875008,4.30002009386943,FALSE
"ITC-like GABA (provisional)","Cd68",TRUE,FALSE,FALSE,-1.46843668778795,1.48481385352903,FALSE
"ITC-like GABA (provisional)","Cx3cr1",TRUE,TRUE,FALSE,-0.314126097701006,-0.124704753922816,TRUE
"ITC-like GABA (provisional)","P2ry12",TRUE,FALSE,FALSE,-1.22061923814494,0.445597607339659,TRUE
"ITC-like GABA (provisional)","Csf1r",TRUE,FALSE,FALSE,-1.2138875863654,1.9168983789454,TRUE
"ITC-like GABA (provisional)","Mertk",TRUE,FALSE,FALSE,-1.91968032826969,1.7986964424235,FALSE
"ITC-like GABA (provisional)","Megf10",TRUE,FALSE,FALSE,-0.0741613508982468,1.79657581103688,FALSE
"ITC-like GABA (provisional)","Axl",TRUE,FALSE,FALSE,-1.86539405349707,3.25146567132196,FALSE
"ITC-like GABA (provisional)","Gas6",TRUE,FALSE,FALSE,-0.229083550429836,1.39259311542269,FALSE
"ITC-like GABA (provisional)","Sema3e",TRUE,TRUE,TRUE,-1.13391547150847,-0.2991043773429,FALSE
"ITC-like GABA (provisional)","Plxnd1",TRUE,TRUE,TRUE,1.70430662581069,2.79366389126359,FALSE
"ITC-like GABA (provisional)","Nrp1",TRUE,FALSE,FALSE,-0.100140995173146,0.202091089413791,FALSE
"ITC-like GABA (provisional)","Nrp2",TRUE,TRUE,FALSE,0.0223142444356381,0.592687678251437,FALSE
"ITC-like GABA (provisional)","Kirrel3",TRUE,FALSE,FALSE,-0.495558082096599,0.43028087461577,FALSE
"ITC-like GABA (provisional)","Sdk2",TRUE,TRUE,TRUE,-0.813009315141584,-0.0857136874715441,FALSE
"ITC-like GABA (provisional)","Sema5b",TRUE,FALSE,FALSE,-0.71913480226305,0.0391151448422141,FALSE
"ITC-like GABA (provisional)","Cdh8",TRUE,TRUE,FALSE,0.269298364554337,0.448188747458863,FALSE
"ITC-like GABA (provisional)","Cdh9",TRUE,TRUE,FALSE,0.255875811534668,0.930291080536427,FALSE
"ITC-like GABA (provisional)","Cdh13",TRUE,FALSE,FALSE,-0.516728330756863,0.0548636863514546,FALSE
"ITC-like GABA (provisional)","Cdh18",TRUE,TRUE,FALSE,-0.486763346500705,-0.052072656168847,FALSE
"ITC-like GABA (provisional)","C1ql3",TRUE,TRUE,TRUE,0.490941978235781,3.23828047541178,FALSE
"ITC-like GABA (provisional)","Slit1",TRUE,FALSE,FALSE,-0.990739598417085,0.182981089954791,FALSE
"ITC-like GABA (provisional)","Slit2",TRUE,FALSE,FALSE,-0.565237330324349,0.173725407541017,FALSE
"ITC-like GABA (provisional)","Slit3",TRUE,FALSE,FALSE,-0.361017158633618,0.586039412812336,FALSE
"ITC-like GABA (provisional)","Robo1",TRUE,FALSE,FALSE,-0.33994351670354,0.0457751204642177,FALSE
"ITC-like GABA (provisional)","Robo2",TRUE,TRUE,FALSE,0.333845611983111,0.773222226116552,FALSE
"ITC-like GABA (provisional)","Ntng1",TRUE,FALSE,FALSE,-0.263045446949606,0.186027096261074,FALSE
"ITC-like GABA (provisional)","Ntng2",TRUE,FALSE,FALSE,-0.362696749695234,1.69605221965218,FALSE
"ITC-like GABA (provisional)","Lrrc4c",TRUE,FALSE,FALSE,-0.236650410687416,0.186173853641851,FALSE
"ITC-like GABA (provisional)","Lrrc4",TRUE,FALSE,FALSE,-1.66662477654934,0.245122280776752,FALSE
"ITC-like GABA (provisional)","Adgrb3",TRUE,FALSE,FALSE,-0.240358376284031,0.140375875745542,FALSE
"ITC-like GABA (provisional)","Igsf21",TRUE,FALSE,FALSE,-0.398484556024683,0.294735201684055,FALSE
"ITC-like GABA (provisional)","Nrxn2",TRUE,TRUE,FALSE,0.13751208189519,0.27606639173931,FALSE
"ITC-like GABA (provisional)","Cntn4",TRUE,FALSE,FALSE,-0.11728457327984,0.750682172226019,FALSE
"ITC-like GABA (provisional)","Cntn6",TRUE,TRUE,TRUE,0.761864960022928,1.962377911425,FALSE
"ITC-like GABA (provisional)","Ptprg",TRUE,FALSE,FALSE,-0.42853960726858,0.233338613390061,FALSE
"ITC-like GABA (provisional)","Plxna1",TRUE,FALSE,FALSE,-0.0108797019127545,1.09142241335744,FALSE
"ITC-like GABA (provisional)","Plxna3",TRUE,FALSE,FALSE,-0.669102923560131,0.326961883770752,FALSE
"Rspo2-positive glut","Mef2c",FALSE,FALSE,FALSE,0.0277535561428303,0.783526995660853,FALSE
"Rspo2-positive glut","Mef2a",FALSE,FALSE,FALSE,-0.197251304502646,0.796285476214925,FALSE
"Rspo2-positive glut","Mef2d",FALSE,FALSE,FALSE,-0.914463301648765,0.0125102201226802,FALSE
"Rspo2-positive glut","Arc",FALSE,FALSE,FALSE,-2.332382798358,2.25896962427601,FALSE
"Rspo2-positive glut","Homer1",FALSE,FALSE,FALSE,-0.703454273321794,-0.556499851648089,FALSE
"Rspo2-positive glut","Nr4a1",FALSE,FALSE,FALSE,-1.97544490137419,0.139486867783917,FALSE
"Rspo2-positive glut","Bdnf",FALSE,FALSE,FALSE,-0.0916924300752238,0.671337814497188,FALSE
"Rspo2-positive glut","Pcdh10",FALSE,FALSE,FALSE,0.714390987312293,0.959235820748301,FALSE
"Rspo2-positive glut","Npas4",FALSE,FALSE,FALSE,-3.78850401564253,0.0645514173680414,FALSE
"Rspo2-positive glut","Fos",FALSE,FALSE,FALSE,-1.48974147801468,1.97414076108198,FALSE
"Rspo2-positive glut","Egr1",FALSE,FALSE,FALSE,-2.86083236881837,4.65582797817657,FALSE
"Rspo2-positive glut","Ncam1",FALSE,FALSE,FALSE,0.644280695376231,1.185013554283,FALSE
"Rspo2-positive glut","Sema6d",FALSE,FALSE,FALSE,0.768820461008866,1.57393693295941,FALSE
"Rspo2-positive glut","Cadm2",FALSE,FALSE,FALSE,-0.191671945874285,0.480687551881641,FALSE
"Rspo2-positive glut","Pcdh7",FALSE,FALSE,FALSE,-0.147224733098303,0.644760476117138,FALSE
"Rspo2-positive glut","Grip1",FALSE,FALSE,FALSE,0.752013540700591,1.55094471934471,FALSE
"Rspo2-positive glut","C1qa",FALSE,FALSE,FALSE,-2.2469527412753,1.51620774755336,TRUE
"Rspo2-positive glut","C1qb",FALSE,FALSE,FALSE,0.784405706771759,3.62413161559584,TRUE
"Rspo2-positive glut","C1qc",FALSE,FALSE,FALSE,-0.505476269745064,3.88460362387782,FALSE
"Rspo2-positive glut","C3",FALSE,FALSE,FALSE,0,1.24195241406911,FALSE
"Rspo2-positive glut","C4b",FALSE,FALSE,FALSE,-0.977611562432925,2.73901464941351,FALSE
"Rspo2-positive glut","Itgam",FALSE,FALSE,FALSE,-2.83477682762441,-2.40267931371639,FALSE
"Rspo2-positive glut","Trem2",FALSE,FALSE,FALSE,-1.86693578534055,2.52438641447464,FALSE
"Rspo2-positive glut","Tyrobp",FALSE,FALSE,FALSE,-0.977611562432925,3.29510992321877,FALSE
"Rspo2-positive glut","Cd68",FALSE,FALSE,FALSE,-1.17554105748667,0.0664113565824494,FALSE
"Rspo2-positive glut","Cx3cr1",FALSE,FALSE,FALSE,-0.97125792698864,0.175008463253633,TRUE
"Rspo2-positive glut","P2ry12",FALSE,FALSE,FALSE,-2.83390601017268,-0.495523732806229,TRUE
"Rspo2-positive glut","Csf1r",FALSE,FALSE,FALSE,0.0064070226412309,1.13432519744752,TRUE
"Rspo2-positive glut","Mertk",FALSE,FALSE,FALSE,-1.46587574962712,0.421231278224994,FALSE
"Rspo2-positive glut","Megf10",FALSE,FALSE,FALSE,0.784371920073341,3.7835667997118,FALSE
"Rspo2-positive glut","Axl",FALSE,FALSE,FALSE,0,2.73901464941351,FALSE
"Rspo2-positive glut","Gas6",FALSE,FALSE,FALSE,0.812192105256451,1.1933594989366,FALSE
"Rspo2-positive glut","Sema3e",FALSE,FALSE,FALSE,-1.21232745754493,0.793887081473705,FALSE
"Rspo2-positive glut","Plxnd1",FALSE,FALSE,FALSE,0.377301264414068,1.20329642001322,FALSE
"Rspo2-positive glut","Nrp1",FALSE,FALSE,FALSE,-0.683057009941943,0.335808503039963,FALSE
"Rspo2-positive glut","Nrp2",FALSE,FALSE,FALSE,-0.0568252703852867,0.332779939023441,FALSE
"Rspo2-positive glut","Kirrel3",FALSE,FALSE,FALSE,-0.429898703636619,-0.00184736974259171,FALSE
"Rspo2-positive glut","Sdk2",FALSE,FALSE,FALSE,-0.663928007269317,-0.275696929342289,FALSE
"Rspo2-positive glut","Sema5b",FALSE,FALSE,FALSE,-0.701840580220484,2.48303981960049,FALSE
"Rspo2-positive glut","Cdh8",FALSE,FALSE,FALSE,-0.244600035215644,0.933229202050898,FALSE
"Rspo2-positive glut","Cdh9",FALSE,FALSE,FALSE,-0.58591686327133,0.62836191382116,FALSE
"Rspo2-positive glut","Cdh13",FALSE,FALSE,FALSE,-0.278886140331096,1.1389122366696,FALSE
"Rspo2-positive glut","Cdh18",FALSE,FALSE,FALSE,-0.862660985852133,0.109078685885023,FALSE
"Rspo2-positive glut","C1ql3",FALSE,FALSE,FALSE,-0.401568807374289,1.32086570269859,FALSE
"Rspo2-positive glut","Slit1",FALSE,FALSE,FALSE,-1.5875579932745,-0.00397460840537838,FALSE
"Rspo2-positive glut","Slit2",FALSE,FALSE,FALSE,-0.170301321510309,0.889222074929439,FALSE
"Rspo2-positive glut","Slit3",FALSE,FALSE,FALSE,-1.39221450455725,0.245018623398004,FALSE
"Rspo2-positive glut","Robo1",FALSE,FALSE,FALSE,0.169587589082335,0.778873022905148,FALSE
"Rspo2-positive glut","Robo2",FALSE,FALSE,FALSE,-0.14647910245885,0.567649188345333,FALSE
"Rspo2-positive glut","Ntng1",FALSE,FALSE,FALSE,-0.201062570555353,-0.117686523677951,FALSE
"Rspo2-positive glut","Ntng2",FALSE,FALSE,FALSE,-1.6909369963113,0.238286288504112,FALSE
"Rspo2-positive glut","Lrrc4c",FALSE,FALSE,FALSE,-0.868147885590757,0.36775578661233,FALSE
"Rspo2-positive glut","Lrrc4",FALSE,FALSE,FALSE,-2.79348512393568,-0.264560089634441,FALSE
"Rspo2-positive glut","Adgrb3",FALSE,FALSE,FALSE,-0.487495223984819,0.327554827597724,FALSE
"Rspo2-positive glut","Igsf21",FALSE,FALSE,FALSE,-0.58241060744371,0.0433940895203457,FALSE
"Rspo2-positive glut","Nrxn2",FALSE,FALSE,FALSE,0.515915143220904,0.57119078552861,FALSE
"Rspo2-positive glut","Cntn4",FALSE,FALSE,FALSE,-1.52446266176578,-0.485519696607899,FALSE
"Rspo2-positive glut","Cntn6",FALSE,FALSE,FALSE,-0.0839474718621578,0.31993026096708,FALSE
"Rspo2-positive glut","Ptprg",FALSE,FALSE,FALSE,-0.242402254548362,0.651190485922069,FALSE
"Rspo2-positive glut","Plxna1",FALSE,FALSE,FALSE,-0.342952825057294,1.34637504032866,FALSE
"Rspo2-positive glut","Plxna3",FALSE,FALSE,FALSE,1.18690874573664,1.9281656231946,FALSE
