"N","k","analytical","monte_carlo","se","agreement"
1000,0,0,0,0,TRUE
2000,0,0,0,0,TRUE
10000,0,0,0,0,TRUE
1000,1,1,1,0,TRUE
2000,1,0.499999999999973,0.49585,0.00353553390593274,TRUE
10000,1,0.099999999999791,0.0998,0.00212132034355767,TRUE
1000,5,1,1,0,TRUE
2000,5,0.968906210741823,0.967,0.00122733380805193,TRUE
10000,5,0.409575627136609,0.4117,0.00347723620704909,TRUE
1000,50,1,1,0,TRUE
2000,50,1,1,1.49011611938477e-10,TRUE
10000,50,0.994916140149282,0.99485,0.000502892345325322,TRUE
1000,500,1,1,0,TRUE
2000,500,1,1,0,TRUE
10000,500,1,1,0,TRUE
