"sample","qc_barcodes","predicted_doublets","predicted_doublet_pct","singlets","dbr_prior","dbr_sd"
"E18_1",3779,447,11.8285260650966,3332,0.08,1
"E18_2",4018,414,10.3036336485814,3604,0.08,1
"P0_1",7784,841,10.8042137718397,6943,0.08,1
"P0_2",4888,592,12.1112929623568,4296,0.08,1
"P0_3",4604,644,13.9878366637706,3960,0.08,1
"P10_1",33548,2531,7.54441397400739,31017,0.08,1
"P10_2",17171,5517,32.1297536544173,11654,0.08,1
"P10s1",6546,1460,22.303696914146,5086,0.08,1
"P21s1",2824,537,19.0155807365439,2287,0.08,1
"P21s2",5443,1176,21.6057321330149,4267,0.08,1
