"gene","measured_shared"
"Mef2c",TRUE
"Mef2a",TRUE
"Mef2d",TRUE
"Arc",TRUE
"Homer1",TRUE
"Nr4a1",TRUE
"Bdnf",TRUE
"Pcdh10",TRUE
"Npas4",TRUE
"Fos",TRUE
"Egr1",TRUE
"Ncam1",TRUE
"Sema6d",TRUE
"Cadm2",TRUE
"Pcdh7",TRUE
"Grip1",TRUE
"C1qa",TRUE
"C1qb",TRUE
"C1qc",TRUE
"C3",TRUE
"C4b",TRUE
"Itgam",TRUE
"Trem2",TRUE
"Tyrobp",TRUE
"Cd68",TRUE
"Cx3cr1",TRUE
"P2ry12",TRUE
"Csf1r",TRUE
"Mertk",TRUE
"Megf10",TRUE
"Axl",TRUE
"Gas6",TRUE
"Sema3e",TRUE
"Plxnd1",TRUE
"Nrp1",TRUE
"Nrp2",TRUE
"Kirrel3",TRUE
"Sdk2",TRUE
"Sema5b",TRUE
"Cdh8",TRUE
"Cdh9",TRUE
"Cdh13",TRUE
"Cdh18",TRUE
"C1ql3",TRUE
"Slit1",TRUE
"Slit2",TRUE
"Slit3",TRUE
"Robo1",TRUE
"Robo2",TRUE
"Ntng1",TRUE
"Ntng2",TRUE
"Lrrc4c",TRUE
"Lrrc4",TRUE
"Adgrb3",TRUE
"Igsf21",TRUE
"Nrxn2",TRUE
"Cntn4",TRUE
"Cntn6",TRUE
"Ptprg",TRUE
"Plxna1",TRUE
"Plxna3",TRUE
"Zfp474",TRUE
"Foxj1",TRUE
"Myrf",TRUE
"Erg",TRUE
"Sox17",TRUE
"Sox18",TRUE
"Myb",TRUE
"Gata2",TRUE
"Sim2",TRUE
"Nupr1",TRUE
"Mecom",TRUE
"Irx3",TRUE
"Lef1",TRUE
"Tfec",TRUE
"Msx1",TRUE
"Irx5",TRUE
"Prdm12",TRUE
"Foxq1",TRUE
"Gbx2",FALSE
"Sox7",TRUE
"Klf4",TRUE
"Trp63",TRUE
"Nfil3",TRUE
"Tbx1",TRUE
"Foxl2",TRUE
"Egr2",TRUE
"Tfap2b",FALSE
"Myt1",TRUE
"Zfp469",TRUE
"Eomes",TRUE
"Klf2",TRUE
"Twist1",FALSE
"Dach2",TRUE
"Tead4",TRUE
"Lyl1",TRUE
"Rel",TRUE
"Nkx2-2",TRUE
"Creb3l1",TRUE
"Alx3",TRUE
"Dbp",TRUE
"Irx1",TRUE
"Rbpj",TRUE
"Esr2",TRUE
"Atf3",TRUE
"Nkx6-1",TRUE
"Sall1",TRUE
"Alx1",TRUE
"Mlxipl",TRUE
"Tcf7",TRUE
"Irf5",TRUE
"Foxb2",FALSE
"Nr4a2",TRUE
"Hlx",TRUE
"Hey2",TRUE
"Six4",TRUE
"Sox3",TRUE
"Pou3f4",TRUE
"Zfp992",TRUE
"Npas1",TRUE
"Msc",TRUE
"Dlx4",TRUE
"Prrx2",TRUE
"Otx2",TRUE
"Casz1",TRUE
"Olig2",TRUE
"Etv4",TRUE
"Zfp217",TRUE
"Prdm13",FALSE
"Gsx2",FALSE
"Tbx18",TRUE
"Tgif2",TRUE
"Tfap2d",TRUE
"Zfp945",TRUE
"Pax5",TRUE
"Foxf1",TRUE
"Zfp976",TRUE
"Nhlh2",TRUE
"Gli1",TRUE
"Zbtb1",TRUE
"Ebf2",TRUE
"Zbtb34",TRUE
"Meis3",TRUE
"Zfp280b",TRUE
"Sox13",TRUE
"Ikzf1",TRUE
"Snai1",TRUE
"Hes1",TRUE
"Pparg",TRUE
"Fezf1",TRUE
"Zic2",TRUE
"Ets1",TRUE
"Irf4",TRUE
"Rbpjl",TRUE
"Spic",FALSE
"Foxd2",FALSE
"Zfp229",TRUE
"Tead3",TRUE
"Emx1",TRUE
"Zfp467",TRUE
"Gsc2",FALSE
"Zbtb12",TRUE
"Arntl2",TRUE
"Zfp65",TRUE
"Nr4a3",TRUE
"Zfp991",TRUE
"Rfx5",TRUE
"Creb3",TRUE
"Cebpd",TRUE
"Irf7",TRUE
"Sp140",TRUE
"Sox12",TRUE
"Erf",TRUE
"Zmat1",TRUE
"Prdm16",TRUE
"Fosl2",TRUE
"Hes6",TRUE
"Smad2",TRUE
"Zfp516",TRUE
"Lbx1",FALSE
"Lhx8",TRUE
"Atoh8",TRUE
"Tcf3",TRUE
"Foxc1",TRUE
"Mybl2",TRUE
"Scx",TRUE
"Zfp488",TRUE
"Foxf2",TRUE
"Esr1",TRUE
"Foxo1",TRUE
"Isl1",TRUE
"Tfap2a",TRUE
"Zfp984",TRUE
"Zfp92",TRUE
"Rest",TRUE
"Zfp503",TRUE
"Shox2",FALSE
"Zfp358",TRUE
"Zfp219",TRUE
"Srebf1",TRUE
"Foxd1",TRUE
"Klf11",TRUE
"Emx2",TRUE
"Hic1",TRUE
"Mypop",TRUE
"Zfp426",TRUE
"Helt",TRUE
"Irx2",TRUE
"Tbx3",TRUE
"Smad3",TRUE
"Sox8",TRUE
"Thap1",TRUE
"Zfp566",TRUE
"Sp100",TRUE
"Junb",TRUE
"Bcl6",TRUE
"Pou3f2",TRUE
"Arntl",TRUE
"Egr4",TRUE
"Zfp711",TRUE
"Zfp518b",TRUE
"Zfp521",TRUE
"Tfeb",TRUE
"Rara",TRUE
"Zfp114",TRUE
"Esrra",TRUE
"Zfp691",TRUE
"Zfp697",TRUE
"Creb5",TRUE
"Myod1",FALSE
"Tbx15",TRUE
"Zfp719",TRUE
"Lhx5",TRUE
"Etv3",TRUE
"Bcl6b",TRUE
"Myc",TRUE
"Hif1a",TRUE
"Tcf23",FALSE
"St18",TRUE
"En2",TRUE
"Irf1",TRUE
"Nr2f6",TRUE
"Zfp78",TRUE
"Zfp574",TRUE
"Zfp69",TRUE
"Zfp24",TRUE
"Sall4",TRUE
"Zfp715",TRUE
"Alx4",TRUE
"Sall3",TRUE
"Cux2",TRUE
"Zfp64",TRUE
"Zbtb33",TRUE
"Elk3",TRUE
"Jdp2",TRUE
"Creb3l2",TRUE
"Ikzf3",TRUE
"Pou2f3",TRUE
"Plag1",TRUE
"Stat6",TRUE
"Sebox",TRUE
"Elf1",TRUE
"Zfp808",TRUE
"Nfyb",TRUE
"Zfp414",TRUE
"Jrk",TRUE
"Zfp617",TRUE
"Tbx21",TRUE
"Tigd3",TRUE
"Zfp316",TRUE
"Bend7",TRUE
"Zfp420",TRUE
"Zfp746",TRUE
"Hes5",TRUE
"Zic5",TRUE
"Lhx9",TRUE
"Zfp276",TRUE
"Nr1i2",TRUE
"Mafk",TRUE
"Csrnp2",TRUE
"Atoh7",TRUE
"Zfp979",TRUE
"Sp8",TRUE
"Elf4",TRUE
"Zfp131",TRUE
"Repin1",TRUE
"Ikzf2",TRUE
"Zfp74",TRUE
"Mxd1",TRUE
"Sp110",TRUE
"Mnt",TRUE
"Zfpm1",TRUE
"Zfp90",TRUE
"Zfp944",TRUE
"Zfp955b",TRUE
"Wiz",TRUE
"Prrx1",TRUE
"Zfp791",TRUE
"Zbtb21",TRUE
"Meox1",TRUE
"Zfp850",TRUE
"Tead2",TRUE
"Zfp395",TRUE
"Dbx2",TRUE
"Ebf4",TRUE
"Zfp874a",TRUE
"Rfx2",TRUE
"Ahr",TRUE
"Zfp53",TRUE
"Dlx3",FALSE
"Fezf2",TRUE
"Zfp35",TRUE
"Zfp775",TRUE
"Thap8",TRUE
"Zfp9",TRUE
"Hdx",TRUE
"Zfp174",TRUE
"Zbtb7b",TRUE
"Tox3",TRUE
"Rfx1",TRUE
"Tigd4",TRUE
"Ascl1",TRUE
"Sp6",TRUE
"Zfp418",TRUE
"Zfp747",TRUE
"Smad5",TRUE
"Gzf1",TRUE
"Foxb1",TRUE
"Zfp287",TRUE
"Bhlhe40",TRUE
"Pou3f1",TRUE
"Nr1h3",TRUE
"Onecut2",TRUE
"Zfp513",TRUE
"Lhx2",TRUE
"Scrt1",TRUE
"Tbx4",TRUE
"Snai2",TRUE
"Zfp422",TRUE
"Zfp319",TRUE
"Sox21",TRUE
"Lhx1",FALSE
"Zbtb37",TRUE
"Spdef",TRUE
"Zfp277",TRUE
"Batf3",TRUE
"Zfp46",TRUE
"Zfp553",TRUE
"Nkx2-1",TRUE
"Klf8",TRUE
"Hsf1",TRUE
"Glis3",TRUE
"Zfp668",TRUE
"Zfp606",TRUE
"Zfp251",TRUE
"Zfp442",TRUE
"Mxd4",TRUE
"Zfp105",TRUE
"Zfp579",TRUE
"Pou6f2",TRUE
"Zfp628",TRUE
"Zfp786",TRUE
"Rorc",TRUE
"Prdm8",TRUE
"Zfp790",TRUE
"Zfp60",TRUE
"Vdr",TRUE
"Glis1",TRUE
"Osr1",TRUE
"Zfp597",TRUE
"Sp3",TRUE
"Dmrta2",TRUE
"Dmrtb1",TRUE
"Mesp2",FALSE
"Zkscan17",TRUE
"Pax9",TRUE
"Gli3",TRUE
"Zfp868",TRUE
"Zfp407",TRUE
"Zfp954",TRUE
"Sp2",TRUE
"Zfp189",TRUE
"Trp73",TRUE
"Atf7",TRUE
"Sp7",TRUE
"Rlf",TRUE
"Otx1",TRUE
"Fosb",TRUE
"Zfp825",TRUE
"Zkscan16",TRUE
"Foxg1",TRUE
"Ascl4",TRUE
"Zfp810",TRUE
"Zfp934",TRUE
"Zfp523",TRUE
"Zfp384",TRUE
"Irf8",TRUE
"E2f3",TRUE
"Sox11",TRUE
"Rxra",TRUE
"Maff",TRUE
"Thap3",TRUE
"Esrrb",TRUE
"Zfp993",TRUE
"Nfatc4",TRUE
"Zbtb14",TRUE
"Plagl1",TRUE
"Pou5f1",TRUE
"Insm2",TRUE
"Zfp280c",TRUE
"Zfp3",TRUE
"Thap4",TRUE
"Zxdc",TRUE
"Zfp932",TRUE
"Zfp760",TRUE
"Bhlhe22",TRUE
"Zfp382",TRUE
"Tfdp1",TRUE
"Thap11",TRUE
"Usf3",TRUE
"Batf2",TRUE
"Zfp957",TRUE
"Nr1h2",TRUE
"Tfe3",TRUE
"Nfkb1",TRUE
"Ikzf4",TRUE
"Hey1",TRUE
"Gsx1",TRUE
"Zfat",TRUE
"Zfp948",TRUE
"Mlx",TRUE
"Sp1",TRUE
"Zfp142",TRUE
"Zfp512b",TRUE
"Mkx",TRUE
"Meis1",TRUE
"Stat4",TRUE
"Zfp618",TRUE
"Zfp7",TRUE
"Zfp202",TRUE
"Zfp518a",TRUE
"Zfp455",TRUE
"Skil",TRUE
"Sohlh1",FALSE
"Zfp763",TRUE
"Tbpl1",TRUE
"Zkscan2",TRUE
"Srf",TRUE
"Zfp12",TRUE
"Terf1",TRUE
"Zfp839",TRUE
"Zfp949",TRUE
"Onecut3",TRUE
"Zfp57",TRUE
"Bnc2",TRUE
"Bend5",TRUE
"Zfp938",TRUE
"Zkscan1",TRUE
"Ppara",TRUE
"Zfp831",TRUE
"Foxo4",TRUE
"Mafa",TRUE
"Zfp1",TRUE
"Zfp946",TRUE
"Zfp180",TRUE
"Zbtb8b",TRUE
"Heyl",TRUE
"Zfp947",TRUE
"Sox9",TRUE
"Cic",TRUE
"Zfp654",TRUE
"Zfp318",TRUE
"Mlxip",TRUE
"Six3",TRUE
"Zfp677",TRUE
"Zfp157",TRUE
"Zfp39",TRUE
"Zfp599",TRUE
"Zfp40",TRUE
"Foxc2",FALSE
"Sox1",TRUE
"Zfp623",TRUE
"Zfp120",TRUE
"Ovol2",TRUE
"Zfp672",TRUE
"Zfp729a",TRUE
"Zfp267",TRUE
"Zfp592",TRUE
"Zfp317",TRUE
"Barx2",TRUE
"Zfp143",TRUE
"Zfp109",TRUE
"Prrxl1",TRUE
"Zfp282",TRUE
"E2f4",TRUE
"Runx2",TRUE
"Zfp87",TRUE
"Nr2e1",TRUE
"Tgif1",TRUE
"Prdm15",TRUE
"Creb3l3",TRUE
"Tead1",TRUE
"Hhex",TRUE
"Foxr2",TRUE
"Zfp423",TRUE
"Zfp799",TRUE
"Nfya",TRUE
"Tox4",TRUE
"Zfp873",TRUE
"Zfp524",TRUE
"Nacc2",TRUE
"Zfp354b",TRUE
"Zfhx2",TRUE
"Rarg",TRUE
"Bend3",TRUE
"Nr6a1",TRUE
"Zscan21",TRUE
"Zfp687",TRUE
"Uncx",TRUE
"Nkx2-9",FALSE
"Zfp768",TRUE
"Tal1",TRUE
"Zhx2",TRUE
"Tbx2",TRUE
"Zfp869",TRUE
"Klf3",TRUE
"Cebpg",TRUE
"Zfp788",TRUE
"Zic4",TRUE
"Hivep1",TRUE
"Zfp128",TRUE
"Zfp568",TRUE
"Crem",TRUE
"Zbtb45",TRUE
"Zfp551",TRUE
"Mybl1",TRUE
"Zfp764",TRUE
"Sall2",TRUE
"Hinfp",TRUE
"Zfp971",TRUE
"Pax2",TRUE
"Zfp772",TRUE
"Atf5",TRUE
"Zfp707",TRUE
"Arid5b",TRUE
"Zfp827",TRUE
"Zfp512",TRUE
"Lbx2",FALSE
"Cenpb",TRUE
"Mycl",TRUE
"Zfp770",TRUE
"Zic3",TRUE
"Nfic",TRUE
"Tcf15",TRUE
"Zfp846",TRUE
"Max",TRUE
"Zfp961",TRUE
"Zfp81",TRUE
"Hic2",TRUE
"Glis2",TRUE
"Zfp641",TRUE
"Zfp61",TRUE
"Zfp667",TRUE
"Zfp658",TRUE
"Atf6",TRUE
"Zfp951",TRUE
"Tfcp2l1",TRUE
"Zglp1",TRUE
"Zfp169",TRUE
"Nkx6-2",TRUE
"Nhlh1",FALSE
"Nfe2l3",TRUE
"Dlx5",TRUE
"Zbtb2",TRUE
"Cggbp1",TRUE
"Zfp459",TRUE
"Zfp710",TRUE
"Zkscan4",TRUE
"Zbtb24",TRUE
"Insm1",TRUE
"Smad4",TRUE
"Zfp784",TRUE
"Zfp607b",TRUE
"Zfp688",TRUE
"Cebpb",TRUE
"Zmym1",TRUE
"Zfp758",TRUE
"Hsf4",TRUE
"Zfp956",TRUE
"Zfp777",TRUE
"Ybx2",TRUE
"Zscan26",TRUE
"Neurod2",TRUE
"Zscan12",TRUE
"Zfp94",TRUE
"Nrf1",TRUE
"Zbtb46",TRUE
"Zfp729b",TRUE
"Prdm1",TRUE
"Klf16",TRUE
"Nr5a2",TRUE
"Atf1",TRUE
"Zbtb16",TRUE
"Homez",TRUE
"Smad9",TRUE
"Stat2",TRUE
"Irx6",FALSE
"Tbx6",TRUE
"Rxrb",TRUE
"Zscan22",TRUE
"Zfp661",TRUE
"Zfp651",TRUE
"Elf2",TRUE
"Dlx1",TRUE
"Zfp580",TRUE
"Vsx2",TRUE
"Zfp438",TRUE
"Tfap4",TRUE
"Zfp93",TRUE
"Dmrta1",TRUE
"Hes3",FALSE
"Zfp444",TRUE
"Zbtb5",TRUE
"Zkscan3",TRUE
"Arid3c",TRUE
"Bhlha15",TRUE
"Zfp879",TRUE
"Pbx2",TRUE
"Zfp82",TRUE
"Zfp30",TRUE
"Zfp101",TRUE
"Zhx1",TRUE
"Zfp97",TRUE
"En1",FALSE
"Bach2",TRUE
"Foxn2",TRUE
"Tfdp2",TRUE
"Gtf2ird1",TRUE
"Zbtb49",TRUE
"Grhl1",TRUE
"Zfp429",TRUE
"Fiz1",TRUE
"Foxk1",TRUE
"Maz",TRUE
"Vezf1",TRUE
"Zfp629",TRUE
"Klf10",TRUE
"Zfp354c",TRUE
"Irf9",TRUE
"Zbtb43",TRUE
"Zscan20",TRUE
"Zfp692",TRUE
"Prdm5",TRUE
"Pgr",TRUE
"Zfp26",TRUE
"Zbtb8a",TRUE
"Foxo3",TRUE
"Zfp146",TRUE
"Prox1",TRUE
"Zfp354a",TRUE
"Zkscan8",TRUE
"Six5",TRUE
"Foxk2",TRUE
"Zfp972",TRUE
"Barhl1",TRUE
"Zfp266",TRUE
"Zfp626",TRUE
"Vax1",TRUE
"Nfatc2",TRUE
"Plagl2",TRUE
"Tox2",TRUE
"Tfcp2",TRUE
"Klf5",TRUE
"Sox30",TRUE
"Zfp410",TRUE
"Zfp41",TRUE
"Sp5",FALSE
"Spi1",TRUE
"Zfp575",TRUE
"Elk1",TRUE
"Zfp759",TRUE
"Neurog2",TRUE
"Zbtb17",TRUE
"Zbtb40",TRUE
"Bach1",TRUE
"Foxp4",TRUE
"Zfp27",TRUE
"Cebpa",TRUE
"Zfp385c",TRUE
"Nr1h4",TRUE
"Zfp985",TRUE
"Zfp958",TRUE
"Twist2",TRUE
"Zfp397",TRUE
"Zfp709",TRUE
"E2f2",TRUE
"Zfp386",TRUE
"Trp53",TRUE
"Zfp141",TRUE
"Zfp433",TRUE
"Foxi1",FALSE
"Zbtb25",TRUE
"Zfp119a",TRUE
"Sp9",TRUE
"Sox10",TRUE
"Stat3",TRUE
"Zfp296",TRUE
"Zfp959",TRUE
"Zfp326",TRUE
"Yy1",TRUE
"Nrl",TRUE
"Nkx6-3",TRUE
"Zfp14",TRUE
"Zfp653",TRUE
"Dlx2",TRUE
"Zmym2",TRUE
"Olig3",TRUE
"Stat5a",TRUE
"Pknox2",TRUE
"Zfx",TRUE
"Dmrt1",TRUE
"Sox4",TRUE
"Zfp493",TRUE
"Hmx3",FALSE
"Etv5",TRUE
"Zfp458",TRUE
"Gmeb2",TRUE
"Bend4",TRUE
"Zfp275",TRUE
"Zfp526",TRUE
"Usf2",TRUE
"Hmbox1",TRUE
"Ybx1",TRUE
"Zfp787",TRUE
"Elk4",TRUE
"Zfp449",TRUE
"Neurod1",TRUE
"Zfp408",TRUE
"Zbtb18",TRUE
"Pou2f2",TRUE
"Zbtb42",FALSE
"Zfp11",TRUE
"Runx1",TRUE
"Zfp345",FALSE
"Adnp",TRUE
"Sox2",TRUE
"Ski",TRUE
"E2f6",TRUE
"Thap7",TRUE
"Dach1",TRUE
"Pitx1",TRUE
"Zscan29",TRUE
"Zbtb6",TRUE
"Zfp966",TRUE
"Hnf4g",TRUE
"Meox2",TRUE
"Snai3",TRUE
"Zfp963",TRUE
"Ybx3",TRUE
"Olig1",TRUE
"Patz1",TRUE
"Zfp72",TRUE
"Zfp981",TRUE
"Zfp619",TRUE
"Nfatc1",TRUE
"Nr1d2",TRUE
"Zfp943",TRUE
"Zfp874b",TRUE
"Arid3a",TRUE
"Zkscan5",TRUE
"Hnf1b",TRUE
"Satb1",TRUE
"Hoxb1",FALSE
"Zfp936",TRUE
"Irf2",TRUE
"Zfp941",TRUE
"Zfp600",TRUE
"Tigd5",TRUE
"Klf1",TRUE
"Zfp560",TRUE
"Prdm6",TRUE
"Hsf2",TRUE
"Ppard",TRUE
"Zkscan6",TRUE
"Zscan10",TRUE
"Zmym5",TRUE
"Sohlh2",FALSE
"Zfp558",TRUE
"Tcf7l1",TRUE
"Zfp365",TRUE
"Zfp42",FALSE
"Zfp955a",TRUE
"Zbtb41",TRUE
"E2f8",TRUE
"Zfp882",TRUE
"Zfp967",TRUE
"Zfp982",TRUE
"Nanog",TRUE
"Mesp1",TRUE
"Gabpa",TRUE
"Ovol1",TRUE
"Zfp184",TRUE
"Rax",TRUE
"Zfp820",TRUE
"Zfp804b",TRUE
"Zfp933",TRUE
"Zfp931",TRUE
"Npas2",TRUE
"Zfp160",TRUE
"Nfe2l2",TRUE
"Zfp712",TRUE
"Prdm2",TRUE
"Zfp583",TRUE
"Zbtb22",TRUE
"Zbtb3",TRUE
"Hes7",TRUE
"Hlf",TRUE
"Mycn",TRUE
"Zfp865",TRUE
"Terf2",TRUE
"Zfp605",TRUE
"Zfp968",TRUE
"Pou1f1",TRUE
"Spib",FALSE
"Hoxb4",TRUE
"Rxrg",TRUE
"Zfp511",TRUE
"Zfp507",TRUE
"Six2",FALSE
"Six1",TRUE
"Epas1",TRUE
"Tcf7l2",TRUE
"Zfp703",TRUE
"Ebf3",TRUE
"Pax6",TRUE
"Zfp110",TRUE
"Irf6",TRUE
"Zfp974",TRUE
"Zfp646",TRUE
"Barhl2",TRUE
"Gli2",TRUE
"Prdm11",TRUE
"Zfp607a",TRUE
"Neurod6",TRUE
"Zxdb",TRUE
"Tbx10",TRUE
"Arx",TRUE
"Zbtb11",TRUE
"Zbtb26",TRUE
"Zfp780b",TRUE
"Zfp867",TRUE
"Pou4f1",TRUE
"Pax4",FALSE
"Zfp639",TRUE
"Zbtb9",TRUE
"Nr1d1",TRUE
"Nr2c2",TRUE
"Zfp62",TRUE
"Trps1",TRUE
"Zfp637",TRUE
"Zfp644",TRUE
"Zfp335",TRUE
"Zfp454",TRUE
"Crebzf",TRUE
"Csrnp1",TRUE
"Tcfl5",TRUE
"Zfp52",TRUE
"Zfp108",TRUE
"Bbx",TRUE
"Zbtb10",TRUE
"Vax2",TRUE
"Lhx6",TRUE
"Irf3",TRUE
"Klf14",FALSE
"Zfp871",TRUE
"Tshz3",TRUE
"Mafb",TRUE
"Pitx3",TRUE
"Obox3",TRUE
"Nfe2l1",TRUE
"Zfp58",TRUE
"Zfp300",TRUE
"Elf3",FALSE
"Clock",TRUE
"Srebf2",TRUE
"Zfp334",TRUE
"Zfp51",TRUE
"Zscan2",TRUE
"Foxa3",TRUE
"Zim1",TRUE
"Zkscan14",TRUE
"Nr2f1",TRUE
"Rorb",TRUE
"Atf6b",TRUE
"Ctcfl",TRUE
"Zfp456",TRUE
"Tbp",TRUE
"Rhox5",FALSE
"Zfp532",TRUE
"Nkx3-1",FALSE
"Zfp609",TRUE
"Pknox1",TRUE
"Zfp239",TRUE
"Dmrt2",TRUE
"Tef",TRUE
"Elf5",TRUE
"Pou6f1",TRUE
"Zfp866",TRUE
"Klf6",TRUE
"Zfp987",TRUE
"Tox",TRUE
"Hoxa7",FALSE
"Tal2",TRUE
"Foxl1",TRUE
"Creb3l4",TRUE
"Zfp965",TRUE
"Lmx1a",TRUE
"Hsf3",TRUE
"Zkscan7",TRUE
"Zfp937",TRUE
"Jun",TRUE
"Zfp322a",TRUE
"Zfp541",TRUE
"Foxn3",TRUE
"Zfp59",TRUE
"Hnf1a",TRUE
"Foxs1",TRUE
"Obox1",TRUE
"Nr2c1",TRUE
"Ubp1",TRUE
"Zfp212",TRUE
"Zfp872",TRUE
"Zfp811",TRUE
"Neurod4",TRUE
"Zfp111",TRUE
"Zbtb32",TRUE
"Banp",TRUE
"Zfp385a",TRUE
"Stat1",TRUE
"Scrt2",TRUE
"Tbpl2",FALSE
"Zfp383",TRUE
"Foxj2",TRUE
"Zfp595",TRUE
"Zfp280d",TRUE
"Pou5f2",TRUE
"Zfp263",TRUE
"Zfp781",TRUE
"Nfyc",TRUE
"Nkx2-3",FALSE
"Nfatc3",TRUE
"Onecut1",TRUE
"Prdm10",TRUE
"Gcm1",TRUE
"Mxd3",TRUE
"Zfp13",TRUE
"Klf7",TRUE
"Hsf5",TRUE
"Jrkl",TRUE
"Zfp994",TRUE
"Zfp964",TRUE
"Zfp977",TRUE
"Ar",TRUE
"Zmym4",TRUE
"Zbed5",TRUE
"Zfp2",TRUE
"Zfp952",TRUE
"E2f7",TRUE
"Ikzf5",TRUE
"Zfp819",TRUE
"Zfp809",TRUE
"Hivep3",TRUE
"Lhx4",TRUE
"Usf1",TRUE
"Wt1",TRUE
"Xbp1",TRUE
"Dmbx1",TRUE
"Rreb1",TRUE
"Zfp563",TRUE
"Prox2",TRUE
"Foxp2",TRUE
"Zfp445",TRUE
"Prdm4",TRUE
"Zfp738",TRUE
"Etv1",TRUE
"Rhox1",FALSE
"Foxd4",FALSE
"Nr3c2",TRUE
"Pou3f3",TRUE
"Gbx1",TRUE
"Gtf2i",TRUE
"Zfp324",TRUE
"Rarb",TRUE
"Zfp398",TRUE
"Six6",FALSE
"Ctcf",TRUE
"Foxm1",TRUE
"Fli1",TRUE
"Fosl1",TRUE
"Zfp970",TRUE
"Nr1i3",TRUE
"Bhlhe23",TRUE
"Zfp28",TRUE
"Ebf1",TRUE
"Pbx4",TRUE
"Zfp664",TRUE
"Rela",TRUE
"Hoxd1",FALSE
"Zbtb48",TRUE
"Zfp148",TRUE
"Zfp975",TRUE
"Mafg",TRUE
"Duxbl3",TRUE
"Tbx5",TRUE
"Zbtb7c",TRUE
"Zfp472",TRUE
"Zfp462",TRUE
"Rhox9",FALSE
"Cdx4",FALSE
"Esrrg",TRUE
"Ovol3",TRUE
"Gata4",TRUE
"Nr2e3",TRUE
"Zfp612",TRUE
"Ehf",TRUE
"Gmeb1",TRUE
"Zfp260",TRUE
"Zfp292",TRUE
"Zfp37",TRUE
"Bhlhe41",TRUE
"Hoxa1",FALSE
"Klf17",FALSE
"Zfp870",TRUE
"Thap12",TRUE
"Zfp84",TRUE
"Myrfl",TRUE
"Zbtb44",TRUE
"Hoxc4",FALSE
"Msx3",FALSE
"Zfp113",TRUE
"Nfkb2",TRUE
"Zmym3",TRUE
"Zfp986",TRUE
"Zfp112",TRUE
"Zfp119b",TRUE
"Zfp960",TRUE
"Neurog3",FALSE
"Myf6",FALSE
"Neurog1",TRUE
"Tshz1",TRUE
"Dlx6",TRUE
"E4f1",TRUE
"Deaf1",TRUE
"Mef2b",TRUE
"Lmx1b",TRUE
"Hoxa3",FALSE
"Batf",TRUE
"Zfp995",TRUE
"Zfp273",TRUE
"Zfp68",TRUE
"Nr0b2",TRUE
"Etv6",TRUE
"Prdm14",TRUE
"Gfi1b",FALSE
"Pogz",TRUE
"Zfp652",TRUE
"Obox6",FALSE
"Snapc4",TRUE
"Sox15",FALSE
"Spz1",FALSE
"Creb1",TRUE
"Smad1",TRUE
"Zic1",TRUE
"Ascl2",TRUE
"Zhx3",TRUE
"Hoxb9",FALSE
"Zbtb4",TRUE
"Arid5a",TRUE
"Zbtb7a",TRUE
"Arnt2",TRUE
"Foxh1",FALSE
"Zfp473",TRUE
"Hoxc8",FALSE
"Zfp978",TRUE
"Hoxb7",FALSE
"Zfp182",TRUE
"Isl2",FALSE
"Mxi1",TRUE
"Tlx3",FALSE
"Tigd2",TRUE
"Zfp248",TRUE
"Mtf1",TRUE
"Mga",TRUE
"Atoh1",FALSE
"Klf13",TRUE
"Zfp930",TRUE
"Cdx1",FALSE
"Cux1",TRUE
"Otp",TRUE
"Zfp648",TRUE
"Zfp367",TRUE
"Zfp683",FALSE
"Ascl5",FALSE
"Hoxd4",FALSE
"Arnt",TRUE
"Pax7",TRUE
"Zfp740",TRUE
"Noto",FALSE
"Gata6",FALSE
"Zfp54",TRUE
"Zfp773",TRUE
"Zfp800",TRUE
"Mzf1",TRUE
"Rfx7",TRUE
"Tfap2c",TRUE
"Tfap2e",TRUE
"Zfp771",TRUE
"Zfp750",TRUE
"Sp4",TRUE
"Sox5",TRUE
"Figla",TRUE
"Zfp235",TRUE
"Aebp2",TRUE
"Zbed4",TRUE
"E2f5",TRUE
"E2f1",TRUE
"Hoxd8",FALSE
"Zfp950",TRUE
"Hoxc5",FALSE
"Zfp980",TRUE
"Zfp428",TRUE
"Zfp213",TRUE
"Zfp236",TRUE
"Tbx22",TRUE
"Rhox8",TRUE
"Zfp281",TRUE
"Nfe2",TRUE
"Tcf12",TRUE
"Hbp1",TRUE
"Bcl11a",TRUE
"Lhx3",TRUE
"Trerf1",TRUE
"Zfp853",TRUE
"Rfx6",TRUE
"Zfp821",TRUE
"Rhox12",TRUE
"Grhl3",TRUE
"Nr0b1",FALSE
"Bnc1",FALSE
"Bhlha9",TRUE
"Rfx8",TRUE
"Ets2",TRUE
"Egr3",TRUE
"Zfp748",TRUE
"Zfp647",TRUE
"Pou4f3",FALSE
"Zfp352",TRUE
"Zfp329",TRUE
"Pax3",TRUE
"Pax8",TRUE
"Zfp988",TRUE
"Zfy2",FALSE
"Zscan18",TRUE
"Zscan25",TRUE
"Zmat4",TRUE
"Evx2",FALSE
"Stat5b",TRUE
"Aire",TRUE
"Zfp616",FALSE
"Zmym6",TRUE
"Ahrr",TRUE
"Zfp990",FALSE
"Zfy1",TRUE
"Zfp989",FALSE
"Hoxb3",FALSE
"Pitx2",FALSE
"Zfp689",TRUE
"Zfp704",TRUE
"Grhl2",TRUE
"Zfp534",FALSE
"Prdm9",TRUE
"Prop1",FALSE
"Pou2f1",TRUE
"Gcm2",TRUE
"Gfi1",FALSE
"Etv2",FALSE
"Zfp341",TRUE
"Nr1h5",TRUE
"Osr2",FALSE
"Zfp663",TRUE
"Nobox",FALSE
"Foxn4",TRUE
"Nr5a1",TRUE
"Pou4f2",FALSE
"Zfp608",TRUE
"Nr3c1",TRUE
"Ferd3l",FALSE
"Nacc1",TRUE
"Foxp3",TRUE
"Tbr1",TRUE
"Tbx19",TRUE
"Tbx20",TRUE
"Arid3b",TRUE
"Hoxc9",FALSE
"Dmrt3",TRUE
"Zik1",TRUE
"Adnp2",TRUE
"Zfp940",TRUE
"Klf15",TRUE
"Bsx",FALSE
"Zfp942",TRUE
"Crxos",TRUE
"Foxa2",FALSE
"Hoxa10",FALSE
"Isx",FALSE
"Dbx1",FALSE
"Hnf4a",TRUE
"Hif3a",TRUE
"Hoxa9",FALSE
"Lcor",TRUE
"Maf",TRUE
"Msx2",TRUE
"Zfp85",TRUE
"Relb",TRUE
"Rfx4",TRUE
"Thap2",TRUE
"Tlx2",FALSE
"Nfia",TRUE
"Myf5",FALSE
"Nkx1-2",FALSE
"Nkx1-1",FALSE
"Nkx2-6",FALSE
"Zfp385b",TRUE
"Nkx2-4",FALSE
"Zbtb39",TRUE
"Atf4",TRUE
"Atf2",TRUE
"Zscan5b",FALSE
"Zscan4f",FALSE
"Zfp536",TRUE
"Gsc",FALSE
"Npas3",TRUE
"Zfp735",FALSE
"Gata1",TRUE
"Zfp708",FALSE
"Bcl11b",TRUE
"Bend6",TRUE
"Pdx1",FALSE
"Nr2f2",TRUE
"Foxn1",TRUE
"Gata5",FALSE
"Phox2a",FALSE
"Peg3",TRUE
"Phox2b",FALSE
"Zscan4b",FALSE
"Gata3",FALSE
"Zscan4c",FALSE
"Zscan4d",FALSE
"Zscan4e",FALSE
"Hoxd3",FALSE
"Hoxb2",FALSE
"Zfpm2",TRUE
"Pax1",TRUE
"Obox5",FALSE
"Pbx1",TRUE
"Pbx3",TRUE
"Obox2",FALSE
"Esx1",TRUE
"Tcf4",TRUE
"Tcf21",FALSE
"Evx1",FALSE
"Zeb1",TRUE
"Zeb2",TRUE
"Zfhx3",TRUE
"Zfhx4",TRUE
"Zbtb38",TRUE
"Foxp1",TRUE
"Rhox13",FALSE
"Zfp804a",TRUE
"Nfib",TRUE
"Myt1l",TRUE
"Hes2",FALSE
"Hand2",FALSE
"Mtf2",TRUE
"Hand1",FALSE
"Foxr1",TRUE
"Rfx3",TRUE
"Meis2",TRUE
"Foxo6",TRUE
"Cebpe",FALSE
"Cdx2",FALSE
"Rhox6",FALSE
"Rora",TRUE
"Nfix",TRUE
"Myog",TRUE
"Nfat5",TRUE
"Nkx3-2",FALSE
"Nkx2-5",FALSE
"Ptf1a",FALSE
"Foxa1",FALSE
"Fev",FALSE
"Sry",FALSE
"Sox6",TRUE
"Hoxa6",FALSE
"Hoxa5",FALSE
"Hoxa4",FALSE
"Klf9",TRUE
"Hivep2",TRUE
"Hmx1",FALSE
"Hmx2",FALSE
"Barx1",FALSE
"Mitf",TRUE
"Mnx1",FALSE
"Hesx1",TRUE
"Tshz2",TRUE
"Thra",TRUE
"Thrb",TRUE
"Sox14",FALSE
"Crx",FALSE
"Foxj3",TRUE
"Foxi3",FALSE
"Foxi2",FALSE
"Duxbl1",TRUE
"Csrnp3",TRUE
"Runx3",TRUE
"Jund",TRUE
"Yy2",FALSE
"Vsx1",TRUE
"Duxbl2",FALSE
"Foxd3",FALSE
"Rhox11",FALSE
"Rhox10",FALSE
"Hoxb13",FALSE
"Klf12",TRUE
"Hoxa2",FALSE
"Hoxa13",FALSE
"Hoxa11",FALSE
"Tlx1",FALSE
"Ddit3",TRUE
"Zfp983",TRUE
"Hoxd9",FALSE
"Irx4",FALSE
"Hoxc12",FALSE
"Hoxc11",FALSE
"Hoxc13",FALSE
"Hoxb5",FALSE
"Hoxb8",FALSE
"Hoxc10",FALSE
"Zfp969",FALSE
"Zfp973",TRUE
"Satb2",TRUE
"Ascl3",TRUE
"Hoxb6",FALSE
"Sim1",TRUE
"Zfp446",TRUE
"Zfp457",TRUE
"Foxe3",FALSE
"Foxe1",FALSE
"Hoxd10",FALSE
"Hoxc6",FALSE
"Zbtb20",TRUE
"Hoxd11",FALSE
"Zbed6",FALSE
"Dmrtc2",TRUE
"Hoxd12",FALSE
"Hoxd13",FALSE
"Dux",FALSE
"Etv3l",FALSE
"Etv7",FALSE
"Thap5",FALSE
"Thap6",FALSE
"Zbed1",FALSE
"Zbtb47",FALSE
"Zfp286a",FALSE
"Zscan4a",FALSE
"Slc17a7",TRUE
"Slc17a6",TRUE
"Gad1",TRUE
"Gad2",TRUE
"Slc32a1",TRUE
"Aldh1l1",TRUE
"Slc1a3",TRUE
"Aqp4",TRUE
"Gja1",TRUE
"Aldoc",TRUE
"Pdgfra",TRUE
"Cspg4",TRUE
"Mbp",TRUE
"Mog",TRUE
"Plp1",TRUE
"Mag",TRUE
"Opalin",TRUE
"Aif1",TRUE
"Cldn5",TRUE
"Pecam1",TRUE
"Flt1",TRUE
"Kdr",TRUE
"Esam",TRUE
"Pdgfrb",TRUE
"Rgs5",TRUE
"Abcc9",TRUE
"Kcnj8",TRUE
"Vtn",TRUE
"Dcn",TRUE
"Col1a1",TRUE
"Col1a2",TRUE
"Lum",TRUE
"Tmem212",TRUE
"Ccdc153",TRUE
"Pifo",TRUE
"Ttr",TRUE
"Folr1",TRUE
"Kcnj13",TRUE
"Nes",TRUE
"Fabp7",TRUE
"Hba-a1",TRUE
"Hba-a2",TRUE
"Hbb-bs",TRUE
"Hbb-bt",TRUE
"Alas2",TRUE
"Rspo2",TRUE
"Dcx",TRUE
"Igfbpl1",TRUE
"Snap25",TRUE
"Syt1",TRUE
"Elavl3",TRUE
"Stmn2",TRUE
