"population","n_cells","sample","age","source","selection","denominator","percent"
"Ambiguous",4017,"P0_1","P0","new_2026","primary_singlets",6943,57.8568342215181
"Astrocyte",138,"P0_1","P0","new_2026","primary_singlets",6943,1.98761342359211
"Choroid",0,"P0_1","P0","new_2026","primary_singlets",6943,0
"Endothelial",133,"P0_1","P0","new_2026","primary_singlets",6943,1.91559844447645
"Ependymal",22,"P0_1","P0","new_2026","primary_singlets",6943,0.316865908108887
"Erythroid",54,"P0_1","P0","new_2026","primary_singlets",6943,0.777761774449085
"Fibroblast",12,"P0_1","P0","new_2026","primary_singlets",6943,0.172835949877575
"GABAergic",545,"P0_1","P0","new_2026","primary_singlets",6943,7.84963272360651
"Glutamatergic",273,"P0_1","P0","new_2026","primary_singlets",6943,3.93201785971482
"Immature_neuron",830,"P0_1","P0","new_2026","primary_singlets",6943,11.9544865331989
"Microglia",147,"P0_1","P0","new_2026","primary_singlets",6943,2.11724038600029
"OPC",166,"P0_1","P0","new_2026","primary_singlets",6943,2.39089730663978
"Oligodendrocyte",13,"P0_1","P0","new_2026","primary_singlets",6943,0.187238945700706
"Pericyte",46,"P0_1","P0","new_2026","primary_singlets",6943,0.662537807864036
"Progenitor",547,"P0_1","P0","new_2026","primary_singlets",6943,7.87843871525277
"Ambiguous",1973,"P0_2","P0","new_2026","primary_singlets",4296,45.9264432029795
"Astrocyte",123,"P0_2","P0","new_2026","primary_singlets",4296,2.86312849162011
"Choroid",0,"P0_2","P0","new_2026","primary_singlets",4296,0
"Endothelial",58,"P0_2","P0","new_2026","primary_singlets",4296,1.35009310986965
"Ependymal",18,"P0_2","P0","new_2026","primary_singlets",4296,0.418994413407821
"Erythroid",99,"P0_2","P0","new_2026","primary_singlets",4296,2.30446927374302
"Fibroblast",0,"P0_2","P0","new_2026","primary_singlets",4296,0
"GABAergic",734,"P0_2","P0","new_2026","primary_singlets",4296,17.0856610800745
"Glutamatergic",98,"P0_2","P0","new_2026","primary_singlets",4296,2.28119180633147
"Immature_neuron",485,"P0_2","P0","new_2026","primary_singlets",4296,11.2895716945996
"Microglia",109,"P0_2","P0","new_2026","primary_singlets",4296,2.53724394785847
"OPC",120,"P0_2","P0","new_2026","primary_singlets",4296,2.79329608938547
"Oligodendrocyte",12,"P0_2","P0","new_2026","primary_singlets",4296,0.279329608938547
"Pericyte",29,"P0_2","P0","new_2026","primary_singlets",4296,0.675046554934823
"Progenitor",438,"P0_2","P0","new_2026","primary_singlets",4296,10.195530726257
"Ambiguous",14665,"P10_1","P10","new_2026","primary_singlets",31017,47.2805235838411
"Astrocyte",3866,"P10_1","P10","new_2026","primary_singlets",31017,12.4641325724603
"Choroid",3,"P10_1","P10","new_2026","primary_singlets",31017,0.00967211529161428
"Endothelial",731,"P10_1","P10","new_2026","primary_singlets",31017,2.35677209272335
"Ependymal",79,"P10_1","P10","new_2026","primary_singlets",31017,0.254699036012509
"Erythroid",264,"P10_1","P10","new_2026","primary_singlets",31017,0.851146145662056
"Fibroblast",8,"P10_1","P10","new_2026","primary_singlets",31017,0.0257923074443047
"GABAergic",3897,"P10_1","P10","new_2026","primary_singlets",31017,12.5640777638069
"Glutamatergic",1126,"P10_1","P10","new_2026","primary_singlets",31017,3.63026727278589
"Immature_neuron",632,"P10_1","P10","new_2026","primary_singlets",31017,2.03759228810007
"Microglia",1251,"P10_1","P10","new_2026","primary_singlets",31017,4.03327207660315
"OPC",1618,"P10_1","P10","new_2026","primary_singlets",31017,5.21649418061063
"Oligodendrocyte",257,"P10_1","P10","new_2026","primary_singlets",31017,0.82857787664829
"Pericyte",225,"P10_1","P10","new_2026","primary_singlets",31017,0.725408646871071
"Progenitor",2395,"P10_1","P10","new_2026","primary_singlets",31017,7.72157204113873
"Ambiguous",5324,"P10_2","P10","new_2026","primary_singlets",11654,45.6838853612494
"Astrocyte",1428,"P10_2","P10","new_2026","primary_singlets",11654,12.2533035867513
"Choroid",0,"P10_2","P10","new_2026","primary_singlets",11654,0
"Endothelial",376,"P10_2","P10","new_2026","primary_singlets",11654,3.22636004805217
"Ependymal",6,"P10_2","P10","new_2026","primary_singlets",11654,0.0514844688518963
"Erythroid",6,"P10_2","P10","new_2026","primary_singlets",11654,0.0514844688518963
"Fibroblast",6,"P10_2","P10","new_2026","primary_singlets",11654,0.0514844688518963
"GABAergic",1736,"P10_2","P10","new_2026","primary_singlets",11654,14.8961729878153
"Glutamatergic",912,"P10_2","P10","new_2026","primary_singlets",11654,7.82563926548824
"Immature_neuron",481,"P10_2","P10","new_2026","primary_singlets",11654,4.12733825296036
"Microglia",256,"P10_2","P10","new_2026","primary_singlets",11654,2.19667067101424
"OPC",590,"P10_2","P10","new_2026","primary_singlets",11654,5.06263943710314
"Oligodendrocyte",119,"P10_2","P10","new_2026","primary_singlets",11654,1.02110863222928
"Pericyte",125,"P10_2","P10","new_2026","primary_singlets",11654,1.07259310108117
"Progenitor",289,"P10_2","P10","new_2026","primary_singlets",11654,2.47983524969967
"Ambiguous",508,"P0_3","P0","new_2026","primary_singlets",3960,12.8282828282828
"Astrocyte",322,"P0_3","P0","new_2026","primary_singlets",3960,8.13131313131313
"Choroid",0,"P0_3","P0","new_2026","primary_singlets",3960,0
"Endothelial",29,"P0_3","P0","new_2026","primary_singlets",3960,0.732323232323232
"Ependymal",50,"P0_3","P0","new_2026","primary_singlets",3960,1.26262626262626
"Erythroid",6,"P0_3","P0","new_2026","primary_singlets",3960,0.151515151515152
"Fibroblast",5,"P0_3","P0","new_2026","primary_singlets",3960,0.126262626262626
"GABAergic",891,"P0_3","P0","new_2026","primary_singlets",3960,22.5
"Glutamatergic",381,"P0_3","P0","new_2026","primary_singlets",3960,9.62121212121212
"Immature_neuron",244,"P0_3","P0","new_2026","primary_singlets",3960,6.16161616161616
"Microglia",117,"P0_3","P0","new_2026","primary_singlets",3960,2.95454545454545
"OPC",397,"P0_3","P0","new_2026","primary_singlets",3960,10.0252525252525
"Oligodendrocyte",3,"P0_3","P0","new_2026","primary_singlets",3960,0.0757575757575758
"Pericyte",5,"P0_3","P0","new_2026","primary_singlets",3960,0.126262626262626
"Progenitor",1002,"P0_3","P0","new_2026","primary_singlets",3960,25.3030303030303
"Ambiguous",104,"E18_1","E18","new_2026","primary_singlets",3332,3.12124849939976
"Astrocyte",67,"E18_1","E18","new_2026","primary_singlets",3332,2.01080432172869
"Choroid",0,"E18_1","E18","new_2026","primary_singlets",3332,0
"Endothelial",14,"E18_1","E18","new_2026","primary_singlets",3332,0.420168067226891
"Ependymal",2,"E18_1","E18","new_2026","primary_singlets",3332,0.0600240096038415
"Erythroid",6,"E18_1","E18","new_2026","primary_singlets",3332,0.180072028811525
"Fibroblast",0,"E18_1","E18","new_2026","primary_singlets",3332,0
"GABAergic",1873,"E18_1","E18","new_2026","primary_singlets",3332,56.2124849939976
"Glutamatergic",603,"E18_1","E18","new_2026","primary_singlets",3332,18.0972388955582
"Immature_neuron",187,"E18_1","E18","new_2026","primary_singlets",3332,5.61224489795918
"Microglia",38,"E18_1","E18","new_2026","primary_singlets",3332,1.14045618247299
"OPC",97,"E18_1","E18","new_2026","primary_singlets",3332,2.91116446578631
"Oligodendrocyte",0,"E18_1","E18","new_2026","primary_singlets",3332,0
"Pericyte",8,"E18_1","E18","new_2026","primary_singlets",3332,0.240096038415366
"Progenitor",333,"E18_1","E18","new_2026","primary_singlets",3332,9.99399759903962
"Ambiguous",102,"E18_2","E18","new_2026","primary_singlets",3604,2.83018867924528
"Astrocyte",25,"E18_2","E18","new_2026","primary_singlets",3604,0.693673695893452
"Choroid",0,"E18_2","E18","new_2026","primary_singlets",3604,0
"Endothelial",11,"E18_2","E18","new_2026","primary_singlets",3604,0.305216426193119
"Ependymal",0,"E18_2","E18","new_2026","primary_singlets",3604,0
"Erythroid",28,"E18_2","E18","new_2026","primary_singlets",3604,0.776914539400666
"Fibroblast",0,"E18_2","E18","new_2026","primary_singlets",3604,0
"GABAergic",1691,"E18_2","E18","new_2026","primary_singlets",3604,46.9200887902331
"Glutamatergic",833,"E18_2","E18","new_2026","primary_singlets",3604,23.1132075471698
"Immature_neuron",328,"E18_2","E18","new_2026","primary_singlets",3604,9.10099889012209
"Microglia",24,"E18_2","E18","new_2026","primary_singlets",3604,0.665926748057714
"OPC",80,"E18_2","E18","new_2026","primary_singlets",3604,2.21975582685905
"Oligodendrocyte",0,"E18_2","E18","new_2026","primary_singlets",3604,0
"Pericyte",6,"E18_2","E18","new_2026","primary_singlets",3604,0.166481687014428
"Progenitor",476,"E18_2","E18","new_2026","primary_singlets",3604,13.2075471698113
"Ambiguous",1838,"P21s2","P21","old_2023","primary_singlets",4267,43.0747597843918
"Astrocyte",625,"P21s2","P21","old_2023","primary_singlets",4267,14.6472931802203
"Choroid",0,"P21s2","P21","old_2023","primary_singlets",4267,0
"Endothelial",52,"P21s2","P21","old_2023","primary_singlets",4267,1.21865479259433
"Ependymal",32,"P21s2","P21","old_2023","primary_singlets",4267,0.749941410827279
"Erythroid",18,"P21s2","P21","old_2023","primary_singlets",4267,0.421842043590344
"Fibroblast",2,"P21s2","P21","old_2023","primary_singlets",4267,0.0468713381767049
"GABAergic",361,"P21s2","P21","old_2023","primary_singlets",4267,8.46027654089524
"Glutamatergic",285,"P21s2","P21","old_2023","primary_singlets",4267,6.67916569018045
"Immature_neuron",65,"P21s2","P21","old_2023","primary_singlets",4267,1.52331849074291
"Microglia",335,"P21s2","P21","old_2023","primary_singlets",4267,7.85094914459808
"OPC",352,"P21s2","P21","old_2023","primary_singlets",4267,8.24935551910007
"Oligodendrocyte",263,"P21s2","P21","old_2023","primary_singlets",4267,6.1635809702367
"Pericyte",28,"P21s2","P21","old_2023","primary_singlets",4267,0.656198734473869
"Progenitor",11,"P21s2","P21","old_2023","primary_singlets",4267,0.257792359971877
"Ambiguous",739,"P21s1","P21","old_2023","primary_singlets",2287,32.3130738959335
"Astrocyte",237,"P21s1","P21","old_2023","primary_singlets",2287,10.3629208570179
"Choroid",1,"P21s1","P21","old_2023","primary_singlets",2287,0.0437254044599913
"Endothelial",19,"P21s1","P21","old_2023","primary_singlets",2287,0.830782684739834
"Ependymal",15,"P21s1","P21","old_2023","primary_singlets",2287,0.655881066899869
"Erythroid",0,"P21s1","P21","old_2023","primary_singlets",2287,0
"Fibroblast",0,"P21s1","P21","old_2023","primary_singlets",2287,0
"GABAergic",304,"P21s1","P21","old_2023","primary_singlets",2287,13.2925229558373
"Glutamatergic",290,"P21s1","P21","old_2023","primary_singlets",2287,12.6803672933975
"Immature_neuron",40,"P21s1","P21","old_2023","primary_singlets",2287,1.74901617839965
"Microglia",273,"P21s1","P21","old_2023","primary_singlets",2287,11.9370354175776
"OPC",210,"P21s1","P21","old_2023","primary_singlets",2287,9.18233493659816
"Oligodendrocyte",153,"P21s1","P21","old_2023","primary_singlets",2287,6.68998688237866
"Pericyte",5,"P21s1","P21","old_2023","primary_singlets",2287,0.218627022299956
"Progenitor",1,"P21s1","P21","old_2023","primary_singlets",2287,0.0437254044599913
"Ambiguous",3573,"P10s1","P10","old_2023","primary_singlets",5086,70.2516712544239
"Astrocyte",269,"P10s1","P10","old_2023","primary_singlets",5086,5.28902870625246
"Choroid",4,"P10s1","P10","old_2023","primary_singlets",5086,0.0786472670074715
"Endothelial",48,"P10s1","P10","old_2023","primary_singlets",5086,0.943767204089658
"Ependymal",19,"P10s1","P10","old_2023","primary_singlets",5086,0.37357451828549
"Erythroid",2,"P10s1","P10","old_2023","primary_singlets",5086,0.0393236335037357
"Fibroblast",3,"P10s1","P10","old_2023","primary_singlets",5086,0.0589854502556036
"GABAergic",556,"P10s1","P10","old_2023","primary_singlets",5086,10.9319701140385
"Glutamatergic",164,"P10s1","P10","old_2023","primary_singlets",5086,3.22453794730633
"Immature_neuron",115,"P10s1","P10","old_2023","primary_singlets",5086,2.26110892646481
"Microglia",85,"P10s1","P10","old_2023","primary_singlets",5086,1.67125442390877
"OPC",136,"P10s1","P10","old_2023","primary_singlets",5086,2.67400707825403
"Oligodendrocyte",59,"P10s1","P10","old_2023","primary_singlets",5086,1.1600471883602
"Pericyte",19,"P10s1","P10","old_2023","primary_singlets",5086,0.37357451828549
"Progenitor",34,"P10s1","P10","old_2023","primary_singlets",5086,0.668501769563508
"Ambiguous",3928,"P0_1","P0","new_2026","strict_mt15_singlets",6818,57.6122029920798
"Astrocyte",138,"P0_1","P0","new_2026","strict_mt15_singlets",6818,2.02405397477266
"Choroid",0,"P0_1","P0","new_2026","strict_mt15_singlets",6818,0
"Endothelial",133,"P0_1","P0","new_2026","strict_mt15_singlets",6818,1.95071868583162
"Ependymal",22,"P0_1","P0","new_2026","strict_mt15_singlets",6818,0.322675271340569
"Erythroid",54,"P0_1","P0","new_2026","strict_mt15_singlets",6818,0.792021120563215
"Fibroblast",12,"P0_1","P0","new_2026","strict_mt15_singlets",6818,0.176004693458492
"GABAergic",540,"P0_1","P0","new_2026","strict_mt15_singlets",6818,7.92021120563215
"Glutamatergic",266,"P0_1","P0","new_2026","strict_mt15_singlets",6818,3.90143737166324
"Immature_neuron",816,"P0_1","P0","new_2026","strict_mt15_singlets",6818,11.9683191551775
"Microglia",147,"P0_1","P0","new_2026","strict_mt15_singlets",6818,2.15605749486653
"OPC",166,"P0_1","P0","new_2026","strict_mt15_singlets",6818,2.43473159284248
"Oligodendrocyte",12,"P0_1","P0","new_2026","strict_mt15_singlets",6818,0.176004693458492
"Pericyte",46,"P0_1","P0","new_2026","strict_mt15_singlets",6818,0.674684658257554
"Progenitor",538,"P0_1","P0","new_2026","strict_mt15_singlets",6818,7.89087709005574
"Ambiguous",1886,"P0_2","P0","new_2026","strict_mt15_singlets",4143,45.5225681873039
"Astrocyte",122,"P0_2","P0","new_2026","strict_mt15_singlets",4143,2.94472604392952
"Choroid",0,"P0_2","P0","new_2026","strict_mt15_singlets",4143,0
"Endothelial",58,"P0_2","P0","new_2026","strict_mt15_singlets",4143,1.39995172580256
"Ependymal",18,"P0_2","P0","new_2026","strict_mt15_singlets",4143,0.434467776973208
"Erythroid",95,"P0_2","P0","new_2026","strict_mt15_singlets",4143,2.29302437846971
"Fibroblast",0,"P0_2","P0","new_2026","strict_mt15_singlets",4143,0
"GABAergic",724,"P0_2","P0","new_2026","strict_mt15_singlets",4143,17.4752594738112
"Glutamatergic",98,"P0_2","P0","new_2026","strict_mt15_singlets",4143,2.36543567463191
"Immature_neuron",459,"P0_2","P0","new_2026","strict_mt15_singlets",4143,11.0789283128168
"Microglia",107,"P0_2","P0","new_2026","strict_mt15_singlets",4143,2.58266956311851
"OPC",118,"P0_2","P0","new_2026","strict_mt15_singlets",4143,2.84817764904658
"Oligodendrocyte",11,"P0_2","P0","new_2026","strict_mt15_singlets",4143,0.265508085928071
"Pericyte",29,"P0_2","P0","new_2026","strict_mt15_singlets",4143,0.699975862901279
"Progenitor",418,"P0_2","P0","new_2026","strict_mt15_singlets",4143,10.0893072652667
"Ambiguous",8018,"P10_1","P10","new_2026","strict_mt15_singlets",18784,42.6852640545145
"Astrocyte",2357,"P10_1","P10","new_2026","strict_mt15_singlets",18784,12.5479131175468
"Choroid",3,"P10_1","P10","new_2026","strict_mt15_singlets",18784,0.0159710391822828
"Endothelial",596,"P10_1","P10","new_2026","strict_mt15_singlets",18784,3.17291311754685
"Ependymal",69,"P10_1","P10","new_2026","strict_mt15_singlets",18784,0.367333901192504
"Erythroid",211,"P10_1","P10","new_2026","strict_mt15_singlets",18784,1.12329642248722
"Fibroblast",6,"P10_1","P10","new_2026","strict_mt15_singlets",18784,0.0319420783645656
"GABAergic",2338,"P10_1","P10","new_2026","strict_mt15_singlets",18784,12.4467632027257
"Glutamatergic",631,"P10_1","P10","new_2026","strict_mt15_singlets",18784,3.35924190800681
"Immature_neuron",395,"P10_1","P10","new_2026","strict_mt15_singlets",18784,2.1028534923339
"Microglia",1033,"P10_1","P10","new_2026","strict_mt15_singlets",18784,5.49936115843271
"OPC",1401,"P10_1","P10","new_2026","strict_mt15_singlets",18784,7.45847529812607
"Oligodendrocyte",172,"P10_1","P10","new_2026","strict_mt15_singlets",18784,0.915672913117547
"Pericyte",162,"P10_1","P10","new_2026","strict_mt15_singlets",18784,0.862436115843271
"Progenitor",1392,"P10_1","P10","new_2026","strict_mt15_singlets",18784,7.41056218057922
"Ambiguous",3953,"P10_2","P10","new_2026","strict_mt15_singlets",9075,43.5592286501377
"Astrocyte",1091,"P10_2","P10","new_2026","strict_mt15_singlets",9075,12.0220385674931
"Choroid",0,"P10_2","P10","new_2026","strict_mt15_singlets",9075,0
"Endothelial",324,"P10_2","P10","new_2026","strict_mt15_singlets",9075,3.5702479338843
"Ependymal",6,"P10_2","P10","new_2026","strict_mt15_singlets",9075,0.0661157024793388
"Erythroid",5,"P10_2","P10","new_2026","strict_mt15_singlets",9075,0.0550964187327824
"Fibroblast",5,"P10_2","P10","new_2026","strict_mt15_singlets",9075,0.0550964187327824
"GABAergic",1430,"P10_2","P10","new_2026","strict_mt15_singlets",9075,15.7575757575758
"Glutamatergic",707,"P10_2","P10","new_2026","strict_mt15_singlets",9075,7.79063360881543
"Immature_neuron",395,"P10_2","P10","new_2026","strict_mt15_singlets",9075,4.35261707988981
"Microglia",214,"P10_2","P10","new_2026","strict_mt15_singlets",9075,2.35812672176309
"OPC",518,"P10_2","P10","new_2026","strict_mt15_singlets",9075,5.70798898071625
"Oligodendrocyte",101,"P10_2","P10","new_2026","strict_mt15_singlets",9075,1.1129476584022
"Pericyte",99,"P10_2","P10","new_2026","strict_mt15_singlets",9075,1.09090909090909
"Progenitor",227,"P10_2","P10","new_2026","strict_mt15_singlets",9075,2.50137741046832
"Ambiguous",505,"P0_3","P0","new_2026","strict_mt15_singlets",3956,12.7654196157735
"Astrocyte",322,"P0_3","P0","new_2026","strict_mt15_singlets",3956,8.13953488372093
"Choroid",0,"P0_3","P0","new_2026","strict_mt15_singlets",3956,0
"Endothelial",29,"P0_3","P0","new_2026","strict_mt15_singlets",3956,0.733063700707786
"Ependymal",50,"P0_3","P0","new_2026","strict_mt15_singlets",3956,1.2639029322548
"Erythroid",6,"P0_3","P0","new_2026","strict_mt15_singlets",3956,0.151668351870576
"Fibroblast",5,"P0_3","P0","new_2026","strict_mt15_singlets",3956,0.12639029322548
"GABAergic",891,"P0_3","P0","new_2026","strict_mt15_singlets",3956,22.5227502527806
"Glutamatergic",381,"P0_3","P0","new_2026","strict_mt15_singlets",3956,9.6309403437816
"Immature_neuron",243,"P0_3","P0","new_2026","strict_mt15_singlets",3956,6.14256825075834
"Microglia",117,"P0_3","P0","new_2026","strict_mt15_singlets",3956,2.95753286147624
"OPC",397,"P0_3","P0","new_2026","strict_mt15_singlets",3956,10.0353892821031
"Oligodendrocyte",3,"P0_3","P0","new_2026","strict_mt15_singlets",3956,0.0758341759352882
"Pericyte",5,"P0_3","P0","new_2026","strict_mt15_singlets",3956,0.12639029322548
"Progenitor",1002,"P0_3","P0","new_2026","strict_mt15_singlets",3956,25.3286147623862
"Ambiguous",98,"E18_1","E18","new_2026","strict_mt15_singlets",3303,2.96699969724493
"Astrocyte",66,"E18_1","E18","new_2026","strict_mt15_singlets",3303,1.99818346957312
"Choroid",0,"E18_1","E18","new_2026","strict_mt15_singlets",3303,0
"Endothelial",13,"E18_1","E18","new_2026","strict_mt15_singlets",3303,0.393581592491674
"Ependymal",2,"E18_1","E18","new_2026","strict_mt15_singlets",3303,0.0605510142294883
"Erythroid",4,"E18_1","E18","new_2026","strict_mt15_singlets",3303,0.121102028458977
"Fibroblast",0,"E18_1","E18","new_2026","strict_mt15_singlets",3303,0
"GABAergic",1866,"E18_1","E18","new_2026","strict_mt15_singlets",3303,56.4940962761126
"Glutamatergic",598,"E18_1","E18","new_2026","strict_mt15_singlets",3303,18.104753254617
"Immature_neuron",183,"E18_1","E18","new_2026","strict_mt15_singlets",3303,5.54041780199818
"Microglia",38,"E18_1","E18","new_2026","strict_mt15_singlets",3303,1.15046927036028
"OPC",95,"E18_1","E18","new_2026","strict_mt15_singlets",3303,2.8761731759007
"Oligodendrocyte",0,"E18_1","E18","new_2026","strict_mt15_singlets",3303,0
"Pericyte",8,"E18_1","E18","new_2026","strict_mt15_singlets",3303,0.242204056917953
"Progenitor",332,"E18_1","E18","new_2026","strict_mt15_singlets",3303,10.0514683620951
"Ambiguous",88,"E18_2","E18","new_2026","strict_mt15_singlets",3465,2.53968253968254
"Astrocyte",25,"E18_2","E18","new_2026","strict_mt15_singlets",3465,0.721500721500722
"Choroid",0,"E18_2","E18","new_2026","strict_mt15_singlets",3465,0
"Endothelial",11,"E18_2","E18","new_2026","strict_mt15_singlets",3465,0.317460317460317
"Ependymal",0,"E18_2","E18","new_2026","strict_mt15_singlets",3465,0
"Erythroid",23,"E18_2","E18","new_2026","strict_mt15_singlets",3465,0.663780663780664
"Fibroblast",0,"E18_2","E18","new_2026","strict_mt15_singlets",3465,0
"GABAergic",1648,"E18_2","E18","new_2026","strict_mt15_singlets",3465,47.5613275613276
"Glutamatergic",806,"E18_2","E18","new_2026","strict_mt15_singlets",3465,23.2611832611833
"Immature_neuron",294,"E18_2","E18","new_2026","strict_mt15_singlets",3465,8.48484848484848
"Microglia",24,"E18_2","E18","new_2026","strict_mt15_singlets",3465,0.692640692640693
"OPC",72,"E18_2","E18","new_2026","strict_mt15_singlets",3465,2.07792207792208
"Oligodendrocyte",0,"E18_2","E18","new_2026","strict_mt15_singlets",3465,0
"Pericyte",6,"E18_2","E18","new_2026","strict_mt15_singlets",3465,0.173160173160173
"Progenitor",468,"E18_2","E18","new_2026","strict_mt15_singlets",3465,13.5064935064935
"Ambiguous",1836,"P21s2","P21","old_2023","strict_mt15_singlets",4261,43.0884768833607
"Astrocyte",624,"P21s2","P21","old_2023","strict_mt15_singlets",4261,14.6444496597043
"Choroid",0,"P21s2","P21","old_2023","strict_mt15_singlets",4261,0
"Endothelial",52,"P21s2","P21","old_2023","strict_mt15_singlets",4261,1.22037080497536
"Ependymal",32,"P21s2","P21","old_2023","strict_mt15_singlets",4261,0.750997418446374
"Erythroid",18,"P21s2","P21","old_2023","strict_mt15_singlets",4261,0.422436047876085
"Fibroblast",2,"P21s2","P21","old_2023","strict_mt15_singlets",4261,0.0469373386528984
"GABAergic",361,"P21s2","P21","old_2023","strict_mt15_singlets",4261,8.47218962684816
"Glutamatergic",285,"P21s2","P21","old_2023","strict_mt15_singlets",4261,6.68857075803802
"Immature_neuron",65,"P21s2","P21","old_2023","strict_mt15_singlets",4261,1.5254635062192
"Microglia",335,"P21s2","P21","old_2023","strict_mt15_singlets",4261,7.86200422436048
"OPC",352,"P21s2","P21","old_2023","strict_mt15_singlets",4261,8.26097160291011
"Oligodendrocyte",260,"P21s2","P21","old_2023","strict_mt15_singlets",4261,6.10185402487679
"Pericyte",28,"P21s2","P21","old_2023","strict_mt15_singlets",4261,0.657122741140577
"Progenitor",11,"P21s2","P21","old_2023","strict_mt15_singlets",4261,0.258155362590941
"Ambiguous",738,"P21s1","P21","old_2023","strict_mt15_singlets",2282,32.3400525854514
"Astrocyte",235,"P21s1","P21","old_2023","strict_mt15_singlets",2282,10.2979842243646
"Choroid",1,"P21s1","P21","old_2023","strict_mt15_singlets",2282,0.0438212094653812
"Endothelial",19,"P21s1","P21","old_2023","strict_mt15_singlets",2282,0.832602979842244
"Ependymal",15,"P21s1","P21","old_2023","strict_mt15_singlets",2282,0.657318141980719
"Erythroid",0,"P21s1","P21","old_2023","strict_mt15_singlets",2282,0
"Fibroblast",0,"P21s1","P21","old_2023","strict_mt15_singlets",2282,0
"GABAergic",304,"P21s1","P21","old_2023","strict_mt15_singlets",2282,13.3216476774759
"Glutamatergic",290,"P21s1","P21","old_2023","strict_mt15_singlets",2282,12.7081507449606
"Immature_neuron",40,"P21s1","P21","old_2023","strict_mt15_singlets",2282,1.75284837861525
"Microglia",273,"P21s1","P21","old_2023","strict_mt15_singlets",2282,11.9631901840491
"OPC",210,"P21s1","P21","old_2023","strict_mt15_singlets",2282,9.20245398773006
"Oligodendrocyte",151,"P21s1","P21","old_2023","strict_mt15_singlets",2282,6.61700262927257
"Pericyte",5,"P21s1","P21","old_2023","strict_mt15_singlets",2282,0.219106047326906
"Progenitor",1,"P21s1","P21","old_2023","strict_mt15_singlets",2282,0.0438212094653812
"Ambiguous",3573,"P10s1","P10","old_2023","strict_mt15_singlets",5086,70.2516712544239
"Astrocyte",269,"P10s1","P10","old_2023","strict_mt15_singlets",5086,5.28902870625246
"Choroid",4,"P10s1","P10","old_2023","strict_mt15_singlets",5086,0.0786472670074715
"Endothelial",48,"P10s1","P10","old_2023","strict_mt15_singlets",5086,0.943767204089658
"Ependymal",19,"P10s1","P10","old_2023","strict_mt15_singlets",5086,0.37357451828549
"Erythroid",2,"P10s1","P10","old_2023","strict_mt15_singlets",5086,0.0393236335037357
"Fibroblast",3,"P10s1","P10","old_2023","strict_mt15_singlets",5086,0.0589854502556036
"GABAergic",556,"P10s1","P10","old_2023","strict_mt15_singlets",5086,10.9319701140385
"Glutamatergic",164,"P10s1","P10","old_2023","strict_mt15_singlets",5086,3.22453794730633
"Immature_neuron",115,"P10s1","P10","old_2023","strict_mt15_singlets",5086,2.26110892646481
"Microglia",85,"P10s1","P10","old_2023","strict_mt15_singlets",5086,1.67125442390877
"OPC",136,"P10s1","P10","old_2023","strict_mt15_singlets",5086,2.67400707825403
"Oligodendrocyte",59,"P10s1","P10","old_2023","strict_mt15_singlets",5086,1.1600471883602
"Pericyte",19,"P10s1","P10","old_2023","strict_mt15_singlets",5086,0.37357451828549
"Progenitor",34,"P10s1","P10","old_2023","strict_mt15_singlets",5086,0.668501769563508
"Ambiguous",4281,"P0_1","P0","new_2026","include_putative_doublets",7784,54.997430626927
"Astrocyte",151,"P0_1","P0","new_2026","include_putative_doublets",7784,1.9398766700925
"Choroid",0,"P0_1","P0","new_2026","include_putative_doublets",7784,0
"Endothelial",142,"P0_1","P0","new_2026","include_putative_doublets",7784,1.82425488180884
"Ependymal",31,"P0_1","P0","new_2026","include_putative_doublets",7784,0.39825282631038
"Erythroid",56,"P0_1","P0","new_2026","include_putative_doublets",7784,0.719424460431655
"Fibroblast",16,"P0_1","P0","new_2026","include_putative_doublets",7784,0.205549845837616
"GABAergic",690,"P0_1","P0","new_2026","include_putative_doublets",7784,8.86433710174717
"Glutamatergic",335,"P0_1","P0","new_2026","include_putative_doublets",7784,4.30369989722508
"Immature_neuron",1009,"P0_1","P0","new_2026","include_putative_doublets",7784,12.9624871531346
"Microglia",163,"P0_1","P0","new_2026","include_putative_doublets",7784,2.09403905447071
"OPC",203,"P0_1","P0","new_2026","include_putative_doublets",7784,2.60791366906475
"Oligodendrocyte",20,"P0_1","P0","new_2026","include_putative_doublets",7784,0.25693730729702
"Pericyte",49,"P0_1","P0","new_2026","include_putative_doublets",7784,0.629496402877698
"Progenitor",638,"P0_1","P0","new_2026","include_putative_doublets",7784,8.19630010277492
"Ambiguous",2149,"P0_2","P0","new_2026","include_putative_doublets",4888,43.9648117839607
"Astrocyte",132,"P0_2","P0","new_2026","include_putative_doublets",4888,2.70049099836334
"Choroid",0,"P0_2","P0","new_2026","include_putative_doublets",4888,0
"Endothelial",64,"P0_2","P0","new_2026","include_putative_doublets",4888,1.30932896890344
"Ependymal",19,"P0_2","P0","new_2026","include_putative_doublets",4888,0.388707037643208
"Erythroid",107,"P0_2","P0","new_2026","include_putative_doublets",4888,2.18903436988543
"Fibroblast",0,"P0_2","P0","new_2026","include_putative_doublets",4888,0
"GABAergic",854,"P0_2","P0","new_2026","include_putative_doublets",4888,17.4713584288052
"Glutamatergic",131,"P0_2","P0","new_2026","include_putative_doublets",4888,2.68003273322422
"Immature_neuron",574,"P0_2","P0","new_2026","include_putative_doublets",4888,11.7430441898527
"Microglia",127,"P0_2","P0","new_2026","include_putative_doublets",4888,2.59819967266776
"OPC",164,"P0_2","P0","new_2026","include_putative_doublets",4888,3.35515548281506
"Oligodendrocyte",19,"P0_2","P0","new_2026","include_putative_doublets",4888,0.388707037643208
"Pericyte",32,"P0_2","P0","new_2026","include_putative_doublets",4888,0.654664484451719
"Progenitor",516,"P0_2","P0","new_2026","include_putative_doublets",4888,10.556464811784
"Ambiguous",15125,"P10_1","P10","new_2026","include_putative_doublets",33548,45.0846548229403
"Astrocyte",4236,"P10_1","P10","new_2026","include_putative_doublets",33548,12.6266841540479
"Choroid",3,"P10_1","P10","new_2026","include_putative_doublets",33548,0.00894241087397162
"Endothelial",804,"P10_1","P10","new_2026","include_putative_doublets",33548,2.39656611422439
"Ependymal",115,"P10_1","P10","new_2026","include_putative_doublets",33548,0.342792416835579
"Erythroid",282,"P10_1","P10","new_2026","include_putative_doublets",33548,0.840586622153333
"Fibroblast",12,"P10_1","P10","new_2026","include_putative_doublets",33548,0.0357696434958865
"GABAergic",4431,"P10_1","P10","new_2026","include_putative_doublets",33548,13.2079408608561
"Glutamatergic",1213,"P10_1","P10","new_2026","include_putative_doublets",33548,3.61571479670919
"Immature_neuron",722,"P10_1","P10","new_2026","include_putative_doublets",33548,2.1521402170025
"Microglia",1388,"P10_1","P10","new_2026","include_putative_doublets",33548,4.1373554310242
"OPC",2054,"P10_1","P10","new_2026","include_putative_doublets",33548,6.1225706450459
"Oligodendrocyte",324,"P10_1","P10","new_2026","include_putative_doublets",33548,0.965780374388935
"Pericyte",262,"P10_1","P10","new_2026","include_putative_doublets",33548,0.780970549660188
"Progenitor",2577,"P10_1","P10","new_2026","include_putative_doublets",33548,7.68153094074162
"Ambiguous",6777,"P10_2","P10","new_2026","include_putative_doublets",17171,39.4677071807117
"Astrocyte",2315,"P10_2","P10","new_2026","include_putative_doublets",17171,13.4820336614059
"Choroid",0,"P10_2","P10","new_2026","include_putative_doublets",17171,0
"Endothelial",560,"P10_2","P10","new_2026","include_putative_doublets",17171,3.26131267835304
"Ependymal",10,"P10_2","P10","new_2026","include_putative_doublets",17171,0.0582377263991614
"Erythroid",7,"P10_2","P10","new_2026","include_putative_doublets",17171,0.040766408479413
"Fibroblast",12,"P10_2","P10","new_2026","include_putative_doublets",17171,0.0698852716789937
"GABAergic",3153,"P10_2","P10","new_2026","include_putative_doublets",17171,18.3623551336556
"Glutamatergic",1497,"P10_2","P10","new_2026","include_putative_doublets",17171,8.71818764195446
"Immature_neuron",896,"P10_2","P10","new_2026","include_putative_doublets",17171,5.21810028536486
"Microglia",339,"P10_2","P10","new_2026","include_putative_doublets",17171,1.97425892493157
"OPC",855,"P10_2","P10","new_2026","include_putative_doublets",17171,4.9793256071283
"Oligodendrocyte",169,"P10_2","P10","new_2026","include_putative_doublets",17171,0.984217576145827
"Pericyte",185,"P10_2","P10","new_2026","include_putative_doublets",17171,1.07739793838449
"Progenitor",396,"P10_2","P10","new_2026","include_putative_doublets",17171,2.30621396540679
"Ambiguous",547,"P0_3","P0","new_2026","include_putative_doublets",4604,11.8809730668983
"Astrocyte",363,"P0_3","P0","new_2026","include_putative_doublets",4604,7.88444830582103
"Choroid",0,"P0_3","P0","new_2026","include_putative_doublets",4604,0
"Endothelial",32,"P0_3","P0","new_2026","include_putative_doublets",4604,0.695047784535187
"Ependymal",67,"P0_3","P0","new_2026","include_putative_doublets",4604,1.45525629887055
"Erythroid",6,"P0_3","P0","new_2026","include_putative_doublets",4604,0.130321459600348
"Fibroblast",5,"P0_3","P0","new_2026","include_putative_doublets",4604,0.108601216333623
"GABAergic",949,"P0_3","P0","new_2026","include_putative_doublets",4604,20.6125108601216
"Glutamatergic",391,"P0_3","P0","new_2026","include_putative_doublets",4604,8.49261511728931
"Immature_neuron",270,"P0_3","P0","new_2026","include_putative_doublets",4604,5.86446568201564
"Microglia",124,"P0_3","P0","new_2026","include_putative_doublets",4604,2.69331016507385
"OPC",500,"P0_3","P0","new_2026","include_putative_doublets",4604,10.8601216333623
"Oligodendrocyte",15,"P0_3","P0","new_2026","include_putative_doublets",4604,0.325803649000869
"Pericyte",6,"P0_3","P0","new_2026","include_putative_doublets",4604,0.130321459600348
"Progenitor",1329,"P0_3","P0","new_2026","include_putative_doublets",4604,28.866203301477
"Ambiguous",105,"E18_1","E18","new_2026","include_putative_doublets",3779,2.77851283408309
"Astrocyte",69,"E18_1","E18","new_2026","include_putative_doublets",3779,1.82587986239746
"Choroid",0,"E18_1","E18","new_2026","include_putative_doublets",3779,0
"Endothelial",14,"E18_1","E18","new_2026","include_putative_doublets",3779,0.370468377877745
"Ependymal",4,"E18_1","E18","new_2026","include_putative_doublets",3779,0.10584810796507
"Erythroid",6,"E18_1","E18","new_2026","include_putative_doublets",3779,0.158772161947605
"Fibroblast",0,"E18_1","E18","new_2026","include_putative_doublets",3779,0
"GABAergic",2116,"E18_1","E18","new_2026","include_putative_doublets",3779,55.9936491135221
"Glutamatergic",673,"E18_1","E18","new_2026","include_putative_doublets",3779,17.808944165123
"Immature_neuron",225,"E18_1","E18","new_2026","include_putative_doublets",3779,5.95395607303519
"Microglia",38,"E18_1","E18","new_2026","include_putative_doublets",3779,1.00555702566817
"OPC",119,"E18_1","E18","new_2026","include_putative_doublets",3779,3.14898121196084
"Oligodendrocyte",1,"E18_1","E18","new_2026","include_putative_doublets",3779,0.0264620269912675
"Pericyte",9,"E18_1","E18","new_2026","include_putative_doublets",3779,0.238158242921408
"Progenitor",400,"E18_1","E18","new_2026","include_putative_doublets",3779,10.584810796507
"Ambiguous",102,"E18_2","E18","new_2026","include_putative_doublets",4018,2.53857640617223
"Astrocyte",25,"E18_2","E18","new_2026","include_putative_doublets",4018,0.622200099552016
"Choroid",0,"E18_2","E18","new_2026","include_putative_doublets",4018,0
"Endothelial",11,"E18_2","E18","new_2026","include_putative_doublets",4018,0.273768043802887
"Ependymal",0,"E18_2","E18","new_2026","include_putative_doublets",4018,0
"Erythroid",28,"E18_2","E18","new_2026","include_putative_doublets",4018,0.696864111498258
"Fibroblast",0,"E18_2","E18","new_2026","include_putative_doublets",4018,0
"GABAergic",1936,"E18_2","E18","new_2026","include_putative_doublets",4018,48.1831757093081
"Glutamatergic",912,"E18_2","E18","new_2026","include_putative_doublets",4018,22.6978596316575
"Immature_neuron",356,"E18_2","E18","new_2026","include_putative_doublets",4018,8.86012941762071
"Microglia",25,"E18_2","E18","new_2026","include_putative_doublets",4018,0.622200099552016
"OPC",100,"E18_2","E18","new_2026","include_putative_doublets",4018,2.48880039820806
"Oligodendrocyte",0,"E18_2","E18","new_2026","include_putative_doublets",4018,0
"Pericyte",7,"E18_2","E18","new_2026","include_putative_doublets",4018,0.174216027874564
"Progenitor",516,"E18_2","E18","new_2026","include_putative_doublets",4018,12.8422100547536
"Ambiguous",2215,"P21s2","P21","old_2023","include_putative_doublets",5443,40.6944699614183
"Astrocyte",766,"P21s2","P21","old_2023","include_putative_doublets",5443,14.0731214403821
"Choroid",1,"P21s2","P21","old_2023","include_putative_doublets",5443,0.0183722212015433
"Endothelial",56,"P21s2","P21","old_2023","include_putative_doublets",5443,1.02884438728642
"Ependymal",41,"P21s2","P21","old_2023","include_putative_doublets",5443,0.753261069263274
"Erythroid",19,"P21s2","P21","old_2023","include_putative_doublets",5443,0.349072202829322
"Fibroblast",2,"P21s2","P21","old_2023","include_putative_doublets",5443,0.0367444424030865
"GABAergic",647,"P21s2","P21","old_2023","include_putative_doublets",5443,11.8868271173985
"Glutamatergic",414,"P21s2","P21","old_2023","include_putative_doublets",5443,7.60609957743891
"Immature_neuron",98,"P21s2","P21","old_2023","include_putative_doublets",5443,1.80047767775124
"Microglia",360,"P21s2","P21","old_2023","include_putative_doublets",5443,6.61399963255558
"OPC",423,"P21s2","P21","old_2023","include_putative_doublets",5443,7.7714495682528
"Oligodendrocyte",358,"P21s2","P21","old_2023","include_putative_doublets",5443,6.57725519015249
"Pericyte",30,"P21s2","P21","old_2023","include_putative_doublets",5443,0.551166636046298
"Progenitor",13,"P21s2","P21","old_2023","include_putative_doublets",5443,0.238838875620062
"Ambiguous",848,"P21s1","P21","old_2023","include_putative_doublets",2824,30.028328611898
"Astrocyte",253,"P21s1","P21","old_2023","include_putative_doublets",2824,8.95892351274787
"Choroid",2,"P21s1","P21","old_2023","include_putative_doublets",2824,0.0708215297450425
"Endothelial",24,"P21s1","P21","old_2023","include_putative_doublets",2824,0.84985835694051
"Ependymal",16,"P21s1","P21","old_2023","include_putative_doublets",2824,0.56657223796034
"Erythroid",1,"P21s1","P21","old_2023","include_putative_doublets",2824,0.0354107648725212
"Fibroblast",0,"P21s1","P21","old_2023","include_putative_doublets",2824,0
"GABAergic",412,"P21s1","P21","old_2023","include_putative_doublets",2824,14.5892351274788
"Glutamatergic",475,"P21s1","P21","old_2023","include_putative_doublets",2824,16.8201133144476
"Immature_neuron",71,"P21s1","P21","old_2023","include_putative_doublets",2824,2.51416430594901
"Microglia",300,"P21s1","P21","old_2023","include_putative_doublets",2824,10.6232294617564
"OPC",235,"P21s1","P21","old_2023","include_putative_doublets",2824,8.32152974504249
"Oligodendrocyte",181,"P21s1","P21","old_2023","include_putative_doublets",2824,6.40934844192635
"Pericyte",5,"P21s1","P21","old_2023","include_putative_doublets",2824,0.177053824362606
"Progenitor",1,"P21s1","P21","old_2023","include_putative_doublets",2824,0.0354107648725212
"Ambiguous",4394,"P10s1","P10","old_2023","include_putative_doublets",6546,67.1249618087382
"Astrocyte",351,"P10s1","P10","old_2023","include_putative_doublets",6546,5.36205316223648
"Choroid",5,"P10s1","P10","old_2023","include_putative_doublets",6546,0.0763825236785823
"Endothelial",54,"P10s1","P10","old_2023","include_putative_doublets",6546,0.824931255728689
"Ependymal",26,"P10s1","P10","old_2023","include_putative_doublets",6546,0.397189123128628
"Erythroid",3,"P10s1","P10","old_2023","include_putative_doublets",6546,0.0458295142071494
"Fibroblast",6,"P10s1","P10","old_2023","include_putative_doublets",6546,0.0916590284142988
"GABAergic",795,"P10s1","P10","old_2023","include_putative_doublets",6546,12.1448212648946
"Glutamatergic",262,"P10s1","P10","old_2023","include_putative_doublets",6546,4.00244424075771
"Immature_neuron",208,"P10s1","P10","old_2023","include_putative_doublets",6546,3.17751298502903
"Microglia",106,"P10s1","P10","old_2023","include_putative_doublets",6546,1.61930950198595
"OPC",197,"P10s1","P10","old_2023","include_putative_doublets",6546,3.00947143293614
"Oligodendrocyte",75,"P10s1","P10","old_2023","include_putative_doublets",6546,1.14573785517874
"Pericyte",22,"P10s1","P10","old_2023","include_putative_doublets",6546,0.336083104185762
"Progenitor",42,"P10s1","P10","old_2023","include_putative_doublets",6546,0.641613198900092
