"selection","sample","age","source","population","n_cells","n_depth1000_eligible","total_umi","adequate_cells30","grouping_note"
"primary_singlets","P0_1","P0","new_2026","Ambiguous",4017,4017,5399402,TRUE,"Broad class"
"primary_singlets","P0_1","P0","new_2026","Astrocyte",138,138,242520,TRUE,"Broad class"
"primary_singlets","P0_1","P0","new_2026","Endothelial",133,133,378289,TRUE,"Broad class"
"primary_singlets","P0_1","P0","new_2026","Ependymal",22,22,105704,FALSE,"Broad class"
"primary_singlets","P0_1","P0","new_2026","Erythroid",54,54,124269,TRUE,"Broad class"
"primary_singlets","P0_1","P0","new_2026","Fibroblast",12,12,23587,FALSE,"Broad class"
"primary_singlets","P0_1","P0","new_2026","GABAergic",545,545,882961,TRUE,"Broad class"
"primary_singlets","P0_1","P0","new_2026","Glutamatergic",273,273,799592,TRUE,"Broad class"
"primary_singlets","P0_1","P0","new_2026","Immature_neuron",830,830,1316070,TRUE,"Broad class"
"primary_singlets","P0_1","P0","new_2026","Microglia",147,147,341797,TRUE,"Broad class"
"primary_singlets","P0_1","P0","new_2026","OPC",166,166,333550,TRUE,"Broad class"
"primary_singlets","P0_1","P0","new_2026","Oligodendrocyte",13,13,34121,FALSE,"Broad class"
"primary_singlets","P0_1","P0","new_2026","Pericyte",46,46,95036,TRUE,"Broad class"
"primary_singlets","P0_1","P0","new_2026","Progenitor",547,547,930094,TRUE,"Broad class"
"primary_singlets","P0_1","P0","new_2026","ITC-like GABA (provisional)",83,83,125270,TRUE,"Marker/reference-supported candidate; spatial ITC identity unverified"
"primary_singlets","P0_1","P0","new_2026","Rspo2-positive glut",6,6,42736,FALSE,"Selected on Rspo2 detection; Rspo2 expression is an anchor, not an independent discovery"
"primary_singlets","P0_2","P0","new_2026","Ambiguous",1973,1973,2675498,TRUE,"Broad class"
"primary_singlets","P0_2","P0","new_2026","Astrocyte",123,123,220243,TRUE,"Broad class"
"primary_singlets","P0_2","P0","new_2026","Endothelial",58,58,133904,TRUE,"Broad class"
"primary_singlets","P0_2","P0","new_2026","Ependymal",18,18,69217,FALSE,"Broad class"
"primary_singlets","P0_2","P0","new_2026","Erythroid",99,99,177158,TRUE,"Broad class"
"primary_singlets","P0_2","P0","new_2026","GABAergic",734,734,1280462,TRUE,"Broad class"
"primary_singlets","P0_2","P0","new_2026","Glutamatergic",98,98,154681,TRUE,"Broad class"
"primary_singlets","P0_2","P0","new_2026","Immature_neuron",485,485,724067,TRUE,"Broad class"
"primary_singlets","P0_2","P0","new_2026","Microglia",109,109,233169,TRUE,"Broad class"
"primary_singlets","P0_2","P0","new_2026","OPC",120,120,220194,TRUE,"Broad class"
"primary_singlets","P0_2","P0","new_2026","Oligodendrocyte",12,12,31829,FALSE,"Broad class"
"primary_singlets","P0_2","P0","new_2026","Pericyte",29,29,52260,FALSE,"Broad class"
"primary_singlets","P0_2","P0","new_2026","Progenitor",438,438,804446,TRUE,"Broad class"
"primary_singlets","P0_2","P0","new_2026","ITC-like GABA (provisional)",71,71,106084,TRUE,"Marker/reference-supported candidate; spatial ITC identity unverified"
"primary_singlets","P0_2","P0","new_2026","Rspo2-positive glut",1,1,1853,FALSE,"Selected on Rspo2 detection; Rspo2 expression is an anchor, not an independent discovery"
"primary_singlets","P10_1","P10","new_2026","Ambiguous",14665,14665,22525245,TRUE,"Broad class"
"primary_singlets","P10_1","P10","new_2026","Astrocyte",3866,3866,7824597,TRUE,"Broad class"
"primary_singlets","P10_1","P10","new_2026","Choroid",3,3,8948,FALSE,"Broad class"
"primary_singlets","P10_1","P10","new_2026","Endothelial",731,731,2904293,TRUE,"Broad class"
"primary_singlets","P10_1","P10","new_2026","Ependymal",79,79,536166,TRUE,"Broad class"
"primary_singlets","P10_1","P10","new_2026","Erythroid",264,264,695068,TRUE,"Broad class"
"primary_singlets","P10_1","P10","new_2026","Fibroblast",8,8,26660,FALSE,"Broad class"
"primary_singlets","P10_1","P10","new_2026","GABAergic",3897,3897,7583337,TRUE,"Broad class"
"primary_singlets","P10_1","P10","new_2026","Glutamatergic",1126,1126,2284315,TRUE,"Broad class"
"primary_singlets","P10_1","P10","new_2026","Immature_neuron",632,632,1345148,TRUE,"Broad class"
"primary_singlets","P10_1","P10","new_2026","Microglia",1251,1251,3265065,TRUE,"Broad class"
"primary_singlets","P10_1","P10","new_2026","OPC",1618,1618,4853830,TRUE,"Broad class"
"primary_singlets","P10_1","P10","new_2026","Oligodendrocyte",257,257,748169,TRUE,"Broad class"
"primary_singlets","P10_1","P10","new_2026","Pericyte",225,225,598063,TRUE,"Broad class"
"primary_singlets","P10_1","P10","new_2026","Progenitor",2395,2395,4440745,TRUE,"Broad class"
"primary_singlets","P10_1","P10","new_2026","ITC-like GABA (provisional)",304,304,865209,TRUE,"Marker/reference-supported candidate; spatial ITC identity unverified"
"primary_singlets","P10_1","P10","new_2026","Rspo2-positive glut",40,40,278473,TRUE,"Selected on Rspo2 detection; Rspo2 expression is an anchor, not an independent discovery"
"primary_singlets","P10_2","P10","new_2026","Ambiguous",5324,5324,10995736,TRUE,"Broad class"
"primary_singlets","P10_2","P10","new_2026","Astrocyte",1428,1428,3860776,TRUE,"Broad class"
"primary_singlets","P10_2","P10","new_2026","Endothelial",376,376,956696,TRUE,"Broad class"
"primary_singlets","P10_2","P10","new_2026","Ependymal",6,6,12305,FALSE,"Broad class"
"primary_singlets","P10_2","P10","new_2026","Erythroid",6,6,16111,FALSE,"Broad class"
"primary_singlets","P10_2","P10","new_2026","Fibroblast",6,6,14001,FALSE,"Broad class"
"primary_singlets","P10_2","P10","new_2026","GABAergic",1736,1736,5932300,TRUE,"Broad class"
"primary_singlets","P10_2","P10","new_2026","Glutamatergic",912,912,2730747,TRUE,"Broad class"
"primary_singlets","P10_2","P10","new_2026","Immature_neuron",481,481,1666891,TRUE,"Broad class"
"primary_singlets","P10_2","P10","new_2026","Microglia",256,256,607917,TRUE,"Broad class"
"primary_singlets","P10_2","P10","new_2026","OPC",590,590,1730639,TRUE,"Broad class"
"primary_singlets","P10_2","P10","new_2026","Oligodendrocyte",119,119,309439,TRUE,"Broad class"
"primary_singlets","P10_2","P10","new_2026","Pericyte",125,125,320963,TRUE,"Broad class"
"primary_singlets","P10_2","P10","new_2026","Progenitor",289,289,708568,TRUE,"Broad class"
"primary_singlets","P10_2","P10","new_2026","ITC-like GABA (provisional)",202,202,843273,TRUE,"Marker/reference-supported candidate; spatial ITC identity unverified"
"primary_singlets","P10_2","P10","new_2026","Rspo2-positive glut",62,62,217864,TRUE,"Selected on Rspo2 detection; Rspo2 expression is an anchor, not an independent discovery"
"primary_singlets","P0_3","P0","new_2026","Ambiguous",508,508,2408924,TRUE,"Broad class"
"primary_singlets","P0_3","P0","new_2026","Astrocyte",322,322,2276978,TRUE,"Broad class"
"primary_singlets","P0_3","P0","new_2026","Endothelial",29,29,213336,FALSE,"Broad class"
"primary_singlets","P0_3","P0","new_2026","Ependymal",50,50,700461,TRUE,"Broad class"
"primary_singlets","P0_3","P0","new_2026","Erythroid",6,6,41065,FALSE,"Broad class"
"primary_singlets","P0_3","P0","new_2026","Fibroblast",5,5,29576,FALSE,"Broad class"
"primary_singlets","P0_3","P0","new_2026","GABAergic",891,891,4107987,TRUE,"Broad class"
"primary_singlets","P0_3","P0","new_2026","Glutamatergic",381,381,1756142,TRUE,"Broad class"
"primary_singlets","P0_3","P0","new_2026","Immature_neuron",244,244,967436,TRUE,"Broad class"
"primary_singlets","P0_3","P0","new_2026","Microglia",117,117,1022057,TRUE,"Broad class"
"primary_singlets","P0_3","P0","new_2026","OPC",397,397,2571382,TRUE,"Broad class"
"primary_singlets","P0_3","P0","new_2026","Oligodendrocyte",3,3,38425,FALSE,"Broad class"
"primary_singlets","P0_3","P0","new_2026","Pericyte",5,5,28016,FALSE,"Broad class"
"primary_singlets","P0_3","P0","new_2026","Progenitor",1002,1002,8504246,TRUE,"Broad class"
"primary_singlets","P0_3","P0","new_2026","ITC-like GABA (provisional)",201,201,745081,TRUE,"Marker/reference-supported candidate; spatial ITC identity unverified"
"primary_singlets","E18_1","E18","new_2026","Ambiguous",104,104,1976323,TRUE,"Broad class"
"primary_singlets","E18_1","E18","new_2026","Astrocyte",67,67,1336988,TRUE,"Broad class"
"primary_singlets","E18_1","E18","new_2026","Endothelial",14,14,248523,FALSE,"Broad class"
"primary_singlets","E18_1","E18","new_2026","Ependymal",2,2,44899,FALSE,"Broad class"
"primary_singlets","E18_1","E18","new_2026","Erythroid",6,6,65939,FALSE,"Broad class"
"primary_singlets","E18_1","E18","new_2026","GABAergic",1873,1873,27047061,TRUE,"Broad class"
"primary_singlets","E18_1","E18","new_2026","Glutamatergic",603,603,7766920,TRUE,"Broad class"
"primary_singlets","E18_1","E18","new_2026","Immature_neuron",187,187,1876880,TRUE,"Broad class"
"primary_singlets","E18_1","E18","new_2026","Microglia",38,38,900685,TRUE,"Broad class"
"primary_singlets","E18_1","E18","new_2026","OPC",97,97,2014969,TRUE,"Broad class"
"primary_singlets","E18_1","E18","new_2026","Pericyte",8,8,133305,FALSE,"Broad class"
"primary_singlets","E18_1","E18","new_2026","Progenitor",333,333,7421488,TRUE,"Broad class"
"primary_singlets","E18_1","E18","new_2026","ITC-like GABA (provisional)",232,232,2447477,TRUE,"Marker/reference-supported candidate; spatial ITC identity unverified"
"primary_singlets","E18_2","E18","new_2026","Ambiguous",102,102,669318,TRUE,"Broad class"
"primary_singlets","E18_2","E18","new_2026","Astrocyte",25,25,214244,FALSE,"Broad class"
"primary_singlets","E18_2","E18","new_2026","Endothelial",11,11,129835,FALSE,"Broad class"
"primary_singlets","E18_2","E18","new_2026","Erythroid",28,28,314965,FALSE,"Broad class"
"primary_singlets","E18_2","E18","new_2026","GABAergic",1691,1691,15458260,TRUE,"Broad class"
"primary_singlets","E18_2","E18","new_2026","Glutamatergic",833,833,7955898,TRUE,"Broad class"
"primary_singlets","E18_2","E18","new_2026","Immature_neuron",328,328,1892368,TRUE,"Broad class"
"primary_singlets","E18_2","E18","new_2026","Microglia",24,24,395949,FALSE,"Broad class"
"primary_singlets","E18_2","E18","new_2026","OPC",80,80,1201681,TRUE,"Broad class"
"primary_singlets","E18_2","E18","new_2026","Pericyte",6,6,69042,FALSE,"Broad class"
"primary_singlets","E18_2","E18","new_2026","Progenitor",476,476,8536058,TRUE,"Broad class"
"primary_singlets","E18_2","E18","new_2026","ITC-like GABA (provisional)",161,161,1001985,TRUE,"Marker/reference-supported candidate; spatial ITC identity unverified"
"primary_singlets","P21s2","P21","old_2023","Ambiguous",1838,1838,6623745,TRUE,"Broad class"
"primary_singlets","P21s2","P21","old_2023","Astrocyte",625,625,1373778,TRUE,"Broad class"
"primary_singlets","P21s2","P21","old_2023","Endothelial",52,52,164605,TRUE,"Broad class"
"primary_singlets","P21s2","P21","old_2023","Ependymal",32,32,97451,TRUE,"Broad class"
"primary_singlets","P21s2","P21","old_2023","Erythroid",18,18,82219,FALSE,"Broad class"
"primary_singlets","P21s2","P21","old_2023","Fibroblast",2,2,7188,FALSE,"Broad class"
"primary_singlets","P21s2","P21","old_2023","GABAergic",361,361,1751790,TRUE,"Broad class"
"primary_singlets","P21s2","P21","old_2023","Glutamatergic",285,285,2642557,TRUE,"Broad class"
"primary_singlets","P21s2","P21","old_2023","Immature_neuron",65,65,485621,TRUE,"Broad class"
"primary_singlets","P21s2","P21","old_2023","Microglia",335,335,598649,TRUE,"Broad class"
"primary_singlets","P21s2","P21","old_2023","OPC",352,352,773118,TRUE,"Broad class"
"primary_singlets","P21s2","P21","old_2023","Oligodendrocyte",263,263,899378,TRUE,"Broad class"
"primary_singlets","P21s2","P21","old_2023","Pericyte",28,28,46823,FALSE,"Broad class"
"primary_singlets","P21s2","P21","old_2023","Progenitor",11,11,23174,FALSE,"Broad class"
"primary_singlets","P21s2","P21","old_2023","ITC-like GABA (provisional)",144,144,697922,TRUE,"Marker/reference-supported candidate; spatial ITC identity unverified"
"primary_singlets","P21s2","P21","old_2023","Rspo2-positive glut",36,36,466435,TRUE,"Selected on Rspo2 detection; Rspo2 expression is an anchor, not an independent discovery"
"primary_singlets","P21s1","P21","old_2023","Ambiguous",739,739,3502710,TRUE,"Broad class"
"primary_singlets","P21s1","P21","old_2023","Astrocyte",237,237,696382,TRUE,"Broad class"
"primary_singlets","P21s1","P21","old_2023","Choroid",1,1,7002,FALSE,"Broad class"
"primary_singlets","P21s1","P21","old_2023","Endothelial",19,19,48192,FALSE,"Broad class"
"primary_singlets","P21s1","P21","old_2023","Ependymal",15,15,77640,FALSE,"Broad class"
"primary_singlets","P21s1","P21","old_2023","GABAergic",304,304,2022233,TRUE,"Broad class"
"primary_singlets","P21s1","P21","old_2023","Glutamatergic",290,290,3146861,TRUE,"Broad class"
"primary_singlets","P21s1","P21","old_2023","Immature_neuron",40,40,259392,TRUE,"Broad class"
"primary_singlets","P21s1","P21","old_2023","Microglia",273,273,537617,TRUE,"Broad class"
"primary_singlets","P21s1","P21","old_2023","OPC",210,210,614927,TRUE,"Broad class"
"primary_singlets","P21s1","P21","old_2023","Oligodendrocyte",153,153,665629,TRUE,"Broad class"
"primary_singlets","P21s1","P21","old_2023","Pericyte",5,5,7849,FALSE,"Broad class"
"primary_singlets","P21s1","P21","old_2023","Progenitor",1,1,2828,FALSE,"Broad class"
"primary_singlets","P21s1","P21","old_2023","ITC-like GABA (provisional)",118,118,743922,TRUE,"Marker/reference-supported candidate; spatial ITC identity unverified"
"primary_singlets","P21s1","P21","old_2023","Rspo2-positive glut",58,58,810623,TRUE,"Selected on Rspo2 detection; Rspo2 expression is an anchor, not an independent discovery"
"primary_singlets","P10s1","P10","old_2023","Ambiguous",3573,3573,9423900,TRUE,"Broad class"
"primary_singlets","P10s1","P10","old_2023","Astrocyte",269,269,462518,TRUE,"Broad class"
"primary_singlets","P10s1","P10","old_2023","Choroid",4,4,7904,FALSE,"Broad class"
"primary_singlets","P10s1","P10","old_2023","Endothelial",48,48,117533,TRUE,"Broad class"
"primary_singlets","P10s1","P10","old_2023","Ependymal",19,19,61068,FALSE,"Broad class"
"primary_singlets","P10s1","P10","old_2023","Erythroid",2,2,4409,FALSE,"Broad class"
"primary_singlets","P10s1","P10","old_2023","Fibroblast",3,3,7366,FALSE,"Broad class"
"primary_singlets","P10s1","P10","old_2023","GABAergic",556,556,1573005,TRUE,"Broad class"
"primary_singlets","P10s1","P10","old_2023","Glutamatergic",164,164,709595,TRUE,"Broad class"
"primary_singlets","P10s1","P10","old_2023","Immature_neuron",115,115,421066,TRUE,"Broad class"
"primary_singlets","P10s1","P10","old_2023","Microglia",85,85,221818,TRUE,"Broad class"
"primary_singlets","P10s1","P10","old_2023","OPC",136,136,266158,TRUE,"Broad class"
"primary_singlets","P10s1","P10","old_2023","Oligodendrocyte",59,59,122631,TRUE,"Broad class"
"primary_singlets","P10s1","P10","old_2023","Pericyte",19,19,43791,FALSE,"Broad class"
"primary_singlets","P10s1","P10","old_2023","Progenitor",34,34,61476,TRUE,"Broad class"
"primary_singlets","P10s1","P10","old_2023","ITC-like GABA (provisional)",123,123,307796,TRUE,"Marker/reference-supported candidate; spatial ITC identity unverified"
"primary_singlets","P10s1","P10","old_2023","Rspo2-positive glut",26,26,135417,FALSE,"Selected on Rspo2 detection; Rspo2 expression is an anchor, not an independent discovery"
