"gene","split"
"Gm9885","training"
"Slc15a3","held_out"
"Nek7","training"
"Gm49171","held_out"
"Gm17484","training"
"Ctsc","held_out"
"Tfap2d","training"
"Ubn2","held_out"
"Gm13561","training"
"Gm47710","held_out"
"Gpr20","training"
"Slc16a7","held_out"
"Pdzd2","training"
"Kcne1l","held_out"
"Unc5a","training"
"Ndufb10","held_out"
"Filip1l","training"
"Tmed3","held_out"
"Serinc2","training"
"Snx3","held_out"
"Safb2","training"
"Ebf4","held_out"
"Sox5","training"
"Rab34","held_out"
"Tmem68","training"
"Diaph2","held_out"
"Myl4","training"
"Tenm3","held_out"
"Tarsl2","training"
"Kcna2","held_out"
"Dusp14","training"
"Oprd1","held_out"
"Xylt1","training"
"Mmp15","held_out"
"Gad1os","training"
"Ica1l","held_out"
"Ndufa4l2","training"
"Cdc7","held_out"
"Tox2","training"
"Mdm4","held_out"
"BC052040","training"
"Trim8","held_out"
"Chil1","training"
"Tbxa2r","held_out"
"Vat1l","training"
"Zadh2","held_out"
"Camk2n2","training"
"Galnt3","held_out"
"Tet1","training"
"Gm5087","held_out"
"Taf7","training"
"Rassf8","held_out"
"Arhgap32","training"
"Whrn","held_out"
"Ak9","training"
"Gm28501","held_out"
"Tmem119","training"
"A830009L08Rik","held_out"
"Uqcrc2","training"
"Ylpm1","held_out"
"Samd12","training"
"Map3k7","held_out"
"Rskr","training"
"Gm10714","held_out"
"Banf2","training"
"Col11a1","held_out"
"Lmnb2","training"
"Tusc3","held_out"
"Svbp","training"
"Prss35","held_out"
"Nefm","training"
"Sumo3","held_out"
"Nudt16","training"
"Caprin2","held_out"
"Sntn","training"
"4930509J09Rik","held_out"
"Nts","training"
"Zfp976","held_out"
"Ugt8a","training"
"Ndst4","held_out"
"Itfg1","training"
"Ngb","held_out"
"Pde4c","training"
"Syt4","held_out"
"Myrf","training"
"Ilvbl","held_out"
"Nat9","training"
"Xist","held_out"
"Atp2b4","training"
"Abi3","held_out"
"Tmem229b","training"
"Scaper","held_out"
"Ccdc146","training"
"Gm28258","held_out"
"Barx2","training"
"Gm9856","held_out"
"Sacm1l","training"
"Hook3","held_out"
"Gm2990","training"
"Folh1","held_out"
"Cep135","training"
"Mgat4b","held_out"
"Dgcr2","training"
"Itm2a","held_out"
"Gm35552","training"
"Cntnap3","held_out"
"Klhl13","training"
"Gm11418","held_out"
"Cbln4","training"
"Igfbp2","held_out"
"Col8a1","training"
"Entpd3","held_out"
"Tmem125","training"
"Usp40","held_out"
"Cd163","training"
"Cacna1c","held_out"
"Dab1","training"
"Pglyrp1","held_out"
"Fyttd1","training"
"Bend6","held_out"
"Ly6c1","training"
"Tbc1d19","held_out"
"Rras2","training"
"Pcsk2os2","held_out"
"Gm34567","training"
"Fibin","held_out"
"Rprm","training"
"Zfp704","held_out"
"5530401A14Rik","training"
"Mirg","held_out"
"Cartpt","training"
"Cwh43","held_out"
"Gm44812","training"
"Myh10","held_out"
"Dnm3","training"
"Sox6","held_out"
"Ildr2","training"
"Antxr2","held_out"
"Cers6","training"
"Ccnyl1","held_out"
"Far2os1","training"
"Bptf","held_out"
"Rgs13","training"
"Negr1","held_out"
"Gm31508","training"
"Slitrk3","held_out"
"Ngf","training"
"Vipr2","held_out"
"Tek","training"
"Adamts8","held_out"
"Tmed10","training"
"Klhl32","held_out"
"Dennd2a","training"
"Scrn1","held_out"
"Pmm2","training"
"4930547E14Rik","held_out"
"Pcdh19","training"
"Ak7","held_out"
"4833427G06Rik","training"
"Fxyd2","held_out"
"Sidt1","training"
"Zmym1","held_out"
"Qrfprl","training"
"Gpr165","held_out"
"Gm2a","training"
"Ebf3","held_out"
"Smpd3","training"
"Slc1a6","held_out"
"Fkbp2","training"
"D130058E05Rik","held_out"
"Atp13a5","training"
"Clec4n","held_out"
"Scg3","training"
"Mab21l1","held_out"
"4930567K20Rik","training"
"Zcchc14","held_out"
"Nbea","training"
"Mylk","held_out"
"Msh3","training"
"Emc9","held_out"
"Msr1","training"
"Arhgap19","held_out"
"3300002A11Rik","training"
"Krt9","held_out"
"Gpank1","training"
"Gfod2","held_out"
"Unc5cl","training"
"Hp1bp3","held_out"
"Kcnj4","training"
"Zfp92","held_out"
"Cyp11a1","training"
"Pnma3","held_out"
"Rbm19","training"
"Syt17","held_out"
"Rbm43","training"
"Tmem241","held_out"
"Chrna5","training"
"Gm16062","held_out"
"Epha10","training"
"Gm29771","held_out"
"Peg10","training"
"Edaradd","held_out"
"Zdhhc2","training"
"Adgrg6","held_out"
"Gm27151","training"
"Ik","held_out"
"Rmst","training"
"P2ry14","held_out"
"Cenps","training"
"Rxra","held_out"
"Kcnd3","training"
"Stard10","held_out"
"Ephb6","training"
"Ndfip1","held_out"
"A830036E02Rik","training"
"2600014E21Rik","held_out"
"Rwdd3","training"
"Scn8a","held_out"
"Gm49227","training"
"Cux1","held_out"
"Lxn","training"
"Gm48226","held_out"
"Gm40841","training"
"B3galt2","held_out"
"Adcy1","training"
"Hcn4","held_out"
"Dio2","training"
"Ampd3","held_out"
"Slc35d3","training"
"Isoc1","held_out"
"Wtip","training"
"Gm40663","held_out"
"Cnp","training"
"Lyve1","held_out"
"Cybb","training"
"Aldh1a1","held_out"
"Scly","training"
"Mroh1","held_out"
"Tspyl1","training"
"Sdad1","held_out"
"Acp1","training"
"E130311K13Rik","held_out"
"Hbegf","training"
"Slc9a3r1","held_out"
"Havcr2","training"
"Gm26902","held_out"
"Grpr","training"
"Lin28b","held_out"
"Arel1","training"
"Gm5532","held_out"
"Nol3","training"
"Syt2","held_out"
"Golga7b","training"
"Cit","held_out"
"Mapkbp1","training"
"Dhx40","held_out"
"Zfp503","training"
"4930415C11Rik","held_out"
"Calb1","training"
"Galnt16","held_out"
"Sod3","training"
"Crhr2","held_out"
"Ntn4","training"
"Vip","held_out"
"Fam124a","training"
"Atp2b2","held_out"
"Gm43111","training"
"Gm15594","held_out"
"Osbpl10","training"
"Rbfox1","held_out"
"Drd3","training"
"Pabpn1","held_out"
"Ranbp6","training"
"Mif","held_out"
"Nenf","training"
"2010315B03Rik","held_out"
"Cdip1","training"
"Gabrq","held_out"
"Fbxo2","training"
"Sgsm1","held_out"
"Maged1","training"
"Stmn2","held_out"
"Gm32926","training"
"Hapln2","held_out"
"Adra1a","training"
"Spef2","held_out"
"Fam8a1","training"
"Rundc3b","held_out"
"Prlr","training"
"Clec4a1","held_out"
"Htr4","training"
"Spata1","held_out"
"A330074K22Rik","training"
"Phyhipl","held_out"
"Drp2","training"
"Pld5","held_out"
"Serp2","training"
"Vegfd","held_out"
"Brs3","training"
"Tm2d3","held_out"
"Itga11","training"
"Epha4","held_out"
"Foxo1","training"
"Elmod1","held_out"
"Abcg2","training"
"Slk","held_out"
"Ap3b1","training"
"Clic5","held_out"
"Ypel5","training"
"St8sia3","held_out"
"Camk1g","training"
"Gm17750","held_out"
"Idnk","training"
"Mcm5","held_out"
"Ppp1cc","training"
"B020031H02Rik","held_out"
"Atxn7l1","training"
"Pdia5","held_out"
"Sept3","training"
"Rbm45","held_out"
"Sesn3","training"
"Lrp8","held_out"
"Gabra1","training"
"Stk17b","held_out"
"Gm28198","training"
"Plekha2","held_out"
"Cd248","training"
"Rcn3","held_out"
"Zfp267","training"
"Atp5a1","held_out"
"Gabarapl1","training"
"Inava","held_out"
"Arhgap26","training"
"Nsg2","held_out"
"BC030500","training"
"Kdm3a","held_out"
"4930419G24Rik","training"
"Knl1","held_out"
"Cidea","training"
"BC039966","held_out"
"Zfp335os","training"
"Sgcd","held_out"
"Cdkl1","training"
"Cirbp","held_out"
"Gng12","training"
"Tmem159","held_out"
"Gm12002","training"
"Bmp6","held_out"
"Smarcal1","training"
"Gm29683","held_out"
"Galnt17","training"
"Esr1","held_out"
"Lsr","training"
"Smarcd1","held_out"
"Tmem51","training"
"Dnajc21","held_out"
"Qrfpr","training"
"Pak1","held_out"
"Chn2","training"
"Trpc7","held_out"
"Grm7","training"
"Rsph1","held_out"
"A730060N03Rik","training"
"Peli2","held_out"
"Gm10754","training"
"Snca","held_out"
"Htr1d","training"
"Skor1","held_out"
"Slc22a3","training"
"Bhlhe40","held_out"
"Car10","training"
"Rab27b","held_out"
"Hectd4","training"
"Nkx2-2","held_out"
"Gm13974","training"
"Kcnh8","held_out"
"Pde1c","training"
"Fjx1","held_out"
"Drd2","training"
"Cds1","held_out"
"Bcas2","training"
"Lsp1","held_out"
"Cdc5l","training"
"Armc4","held_out"
"Clec16a","training"
"Ywhab","held_out"
"Ccdc12","training"
"Epha3","held_out"
"Slitrk6","training"
"Akap7","held_out"
"Spock1","training"
"Bcl11b","held_out"
"Hs3st2","training"
"Gm48321","held_out"
"Fuom","training"
"Gm32828","held_out"
"Fndc3a","training"
"Asb13","held_out"
"Gm11149","training"
"Lrpprc","held_out"
"Nacc2","training"
"Gm31087","held_out"
"Mbd5","training"
"Cwc27","held_out"
"Apbb1ip","training"
"Crot","held_out"
"9630002D21Rik","training"
"Klhdc1","held_out"
"Calb2","training"
"Usp27x","held_out"
"Aspa","training"
"Zfp975","held_out"
"Asb4","training"
"Plagl1","held_out"
"Rims2","training"
"Pik3cb","held_out"
"Gm28154","training"
"Ecpas","held_out"
"Dhx58os","training"
"Psmd2","held_out"
"Ralgapa2","training"
"Camk1d","held_out"
"Pla1a","training"
"Il1rl2","held_out"
"Edn1","training"
"Desi2","held_out"
"Synpr","training"
"Atg4a","held_out"
"Bbx","training"
"Prune2","held_out"
"Mfsd4a","training"
"Atp13a4","held_out"
"Trmu","training"
"Slc6a13","held_out"
"Rhoh","training"
"Lmnb1","held_out"
"Fam241b","training"
"Pold3","held_out"
"Airn","training"
"Akap9","held_out"
"Elfn1","training"
"Pgap1","held_out"
"Anks6","training"
"Hmcn1","held_out"
"Muc3a","training"
"Ptpro","held_out"
"Nbl1","training"
"Gm38413","held_out"
"Strn3","training"
"Aph1b","held_out"
"Pcdh17","training"
"Pak6","held_out"
"Gm9899","training"
"Ppp1r7","held_out"
"Steap3","training"
"Camk2d","held_out"
"Msi1","training"
"Bcl2a1b","held_out"
"Itprid1","training"
"Pln","held_out"
"Abcc10","training"
"Kctd12b","held_out"
"2010001K21Rik","training"
"Ccdc42","held_out"
"Inpp5f","training"
"Bok","held_out"
"Gm48893","training"
"1110032F04Rik","held_out"
"Nlrp1b","training"
"Klf9","held_out"
"Panx1","training"
"Hgsnat","held_out"
"Adamts17","training"
"Gm47033","held_out"
"Ascl1","training"
"Atp6ap1l","held_out"
"Nol11","training"
"Tpbg","held_out"
"Vmn1r208","training"
"Dkkl1","held_out"
"Lrrfip2","training"
"Gm46102","held_out"
"Gldn","training"
"Ing1","held_out"
"Fam135a","training"
"9630028H03Rik","held_out"
"Myocd","training"
"Barhl2","held_out"
"Cdh12","training"
"Gm15688","held_out"
"Pgm5","training"
"Rph3al","held_out"
"4930467D21Rik","training"
"Plvap","held_out"
"E430024P14Rik","training"
"Gngt2","held_out"
"Fbxl22","training"
"Serpinf1","held_out"
"AW047730","training"
"Psrc1","held_out"
"Gpr88","training"
"Unc5c","held_out"
"Mlycd","training"
"1700094D03Rik","held_out"
"Gm30003","training"
"Apba1","held_out"
"Gabrd","training"
"Nalcn","held_out"
"Ttc26","training"
"Gpr173","held_out"
"Gm16000","training"
"Tmie","held_out"
"Clk2","training"
"Carmil3","held_out"
"Met","training"
"Dpy19l3","held_out"
"Fbxo22","training"
"Slc35c2","held_out"
"Il31ra","training"
"Wrap73","held_out"
"Gm48159","training"
"Cacna2d3","held_out"
"Prkn","training"
"Polr2m","held_out"
"As3mt","training"
"Rundc1","held_out"
"Dscaml1","training"
"Pparg","held_out"
"Fuca2","training"
"Shh","held_out"
"Gm16168","training"
"Lin7a","held_out"
"Alk","training"
"Fndc3b","held_out"
"Gm11639","training"
"Vmn1r207-ps","held_out"
"Tmem130","training"
"Slc25a26","held_out"
"4932435O22Rik","training"
"Tbx3os1","held_out"
"Fzd2","training"
"2810001G20Rik","held_out"
"Srsf11","training"
"Ahr","held_out"
"Cpne5","training"
"Fam214a","held_out"
"Gprin3","training"
"1500009C09Rik","held_out"
"Add2","training"
"2310061I04Rik","held_out"
"Sipa1l1","training"
"Ina","held_out"
"Foxred2","training"
"Mdga1","held_out"
"Dnajc5","training"
"Slc26a4","held_out"
"Ms4a4a","training"
"Klhl29","held_out"
"Ramp3","training"
"Tef","held_out"
"Spin1","training"
"Zfp521","held_out"
"Sntb2","training"
"Poc5","held_out"
"Grin2c","training"
"Zrsr2","held_out"
"Aatf","training"
"Pnck","held_out"
"Neto2","training"
"Dclre1c","held_out"
"Adamts13","training"
"Tmem178","held_out"
"Uhrf1","training"
"Emid1","held_out"
"Mgat3","training"
"Smurf1","held_out"
"Fbxl7","training"
"Igsf9","held_out"
"Ssr4","training"
"Gm13601","held_out"
"Gk5","training"
"Clybl","held_out"
"Hmbox1","training"
"Klf5","held_out"
"Acaca","training"
"Wnk3","held_out"
"Oxa1l","training"
"Hacd4","held_out"
"Tlr3","training"
"Spats2l","held_out"
"Rassf5","training"
"Pdk3","held_out"
"Lsm11","training"
"Nucb1","held_out"
"Higd1a","training"
"Ier5","held_out"
"Rfx3","training"
"Grm4","held_out"
"Cdk4","training"
"Homer2","held_out"
"Cacng3","training"
"Ret","held_out"
"Metrnl","training"
"Prtg","held_out"
"Gripap1","training"
"Fbxo8","held_out"
"Prph","training"
"Timm9","held_out"
"Ace2","training"
"Ly6a","held_out"
"Cabp1","training"
"Lefty2","held_out"
"Ehbp1l1","training"
"Pianp","held_out"
"Rmdn1","training"
"Mrm3","held_out"
"Crkl","training"
"Asb2","held_out"
"Armh4","training"
"Fam20c","held_out"
"Maip1","training"
"Sfmbt1","held_out"
"Igsf11","training"
"Tunar","held_out"
"Utp3","training"
"2310033P09Rik","held_out"
"Dipk2a","training"
"Cox8a","held_out"
"Caln1","training"
"Il11ra1","held_out"
"Gpr101","training"
"Shtn1","held_out"
"Hcn3","training"
"Rspo1","held_out"
"Ube2e3","training"
"Cbln2","held_out"
"Elk1","training"
"Larp4b","held_out"
"Tspan18","training"
"Klf16","held_out"
"C230038L03Rik","training"
"Ppp1r9a","held_out"
"1700111E14Rik","training"
"Ndufa4","held_out"
"Tcf3","training"
"Zdhhc12","held_out"
"1110004F10Rik","training"
"Lcorl","held_out"
"Socs5","training"
"Ppp3ca","held_out"
"Grp","training"
"Fam163a","held_out"
"Ftsj1","training"
"Rgs17","held_out"
"Lrtm2","training"
"BC005561","held_out"
"Meis1","training"
"Sox2ot","held_out"
"Atp9a","training"
"Slf1","held_out"
"Kif17","training"
"Mtus2","held_out"
"Ppia","training"
"Arsb","held_out"
"Xkr6","training"
"Mid2","held_out"
"Iqsec2","training"
"Sec22a","held_out"
"Egr3","training"
"Gm12064","held_out"
"Kat6b","training"
"Cbx7","held_out"
"C030018K13Rik","training"
"Cnksr2","held_out"
"Eif3m","training"
"Tpm1","held_out"
"4930598N05Rik","training"
"6430548M08Rik","held_out"
"Gm45847","training"
"Gphn","held_out"
"Fign","training"
"Glt8d2","held_out"
"Pcdh20","training"
"Glce","held_out"
"Kcnh4","training"
"Gal","held_out"
"Dcaf12l1","training"
"Ccdc170","held_out"
"Ppm1d","training"
"Glp1r","held_out"
"Zfas1","training"
"Npy2r","held_out"
"Stx1b","training"
"Esyt3","held_out"
"Fzd5","training"
"Heatr3","held_out"
"Galnt18","training"
"Tmem169","held_out"
"Nfil3","training"
"Ccdc61","held_out"
"Ak5","training"
"Ptchd1","held_out"
"Nhlh2","training"
"Adgrl4","held_out"
"Slc25a42","training"
"Nrg2","held_out"
"Camta1","training"
"Braf","held_out"
"Peg3","training"
"Disp1","held_out"
"Madd","training"
"Pax6","held_out"
"Prdm2","training"
"Capn3","held_out"
"Mpped2","training"
"Fam180a","held_out"
"Gm16201","training"
"Eln","held_out"
"Gm17018","training"
"5033421B08Rik","held_out"
"Slc22a5","training"
"Sgcz","held_out"
"Nkain4","training"
"6030407O03Rik","held_out"
"Ckb","training"
"Isl1","held_out"
"Stab1","training"
"Zfp1","held_out"
"Aldh1a3","training"
"Cfap126","held_out"
"Eno2","training"
"Trh","held_out"
"Cks1b","training"
"Birc2","held_out"
"Rrm1","training"
"Cygb","held_out"
"Optn","training"
"Fkbp3","held_out"
"A330032B11Rik","training"
"Matn2","held_out"
"Dlx5","training"
"Csgalnact1","held_out"
"A530046M15Rik","training"
"Tmem145","held_out"
"Nudcd3","training"
"Kcnh2","held_out"
"Gria4","training"
"Habp4","held_out"
"Cdr1os","training"
"Adgrl2","held_out"
"Cenpv","training"
"4930414N06Rik","held_out"
"F630028O10Rik","training"
"Prrc2c","held_out"
"2900079G21Rik","training"
"Kcnk9","held_out"
"Ptk2b","training"
"Ndufs4","held_out"
"Necab3","training"
"Gm12296","held_out"
"Iscu","training"
"Sln","held_out"
"Itih3","training"
"Ryr2","held_out"
"Mtch1","training"
"Mrfap1","held_out"
"Lhx5","training"
"Ctnnal1","held_out"
"Sesn2","training"
"Tbc1d23","held_out"
"Erg","training"
"Cdh23","held_out"
"Klf10","training"
"Higd1b","held_out"
"Pou3f4","training"
"Cep85","held_out"
"Matn4","training"
"2900060N12Rik","held_out"
"Gm32442","training"
"Armc9","held_out"
"Lama3","training"
"Cldn34c1","held_out"
"Pxylp1","training"
"Pex7","held_out"
"Chst7","training"
"Runx2","held_out"
"Svep1","training"
"Epn2","held_out"
"Rasgef1b","training"
"Ache","held_out"
"Manba","training"
"Clpx","held_out"
"Zfp777","training"
"F730043M19Rik","held_out"
"Chchd6","training"
"Akain1","held_out"
"Gtf2ird1","training"
"Omg","held_out"
"Dlx6","training"
"Hnrnpul2","held_out"
"Ahi1","training"
"C030029H02Rik","held_out"
"Gm21798","training"
"Napepld","held_out"
"Sulf1","training"
"Mpp5","held_out"
"Cgn","training"
"Pitpnm3","held_out"
"Rad51d","training"
"Ppp4r4","held_out"
"Rybp","training"
"Atf2","held_out"
"B230209E15Rik","training"
"Stac2","held_out"
"Pigx","training"
"Chrdl1","held_out"
"Pomgnt2","training"
"Ddx3x","held_out"
"Gm13944","training"
"Rsph3a","held_out"
"Gm10605","training"
"Dcbld1","held_out"
"Nr2e1","training"
"Eef1e1","held_out"
"Plcb4","training"
"Pik3r1","held_out"
"Rere","training"
"Ypel3","held_out"
"Akap11","training"
"Unc13c","held_out"
"Fbxo10","training"
"Tmem108","held_out"
"Spg21","training"
"Col9a2","held_out"
"Gm39185","training"
"Iqcb1","held_out"
"Slco5a1","training"
"Adamts18","held_out"
"Islr","training"
"8430419K02Rik","held_out"
"Flna","training"
"Efhd1","held_out"
"Fam107a","training"
"Gm9801","held_out"
"Vps45","training"
"Teddm2","held_out"
"Sv2a","training"
"Otof","held_out"
"Dcx","training"
"Nox4","held_out"
"Cmah","training"
"Tmem200a","held_out"
"Gm15942","training"
"Nrxn3","held_out"
"Prr5l","training"
"Tmem266","held_out"
"Zan","training"
"Frmd7","held_out"
"Iglon5","training"
"Pdlim3","held_out"
"Tex2","training"
"Glrx3","held_out"
"Nostrin","training"
"Gm47027","held_out"
"Rab3a","training"
"Mei4","held_out"
"Gnpda2","training"
"Vgll4","held_out"
"Arl4c","training"
"Mtm1","held_out"
"Ecel1","training"
"Adamts4","held_out"
"Map7d2","training"
"March11","held_out"
"Gdpd5","training"
"Coq3","held_out"
"A2ml1","training"
"Cgrrf1","held_out"
"Fbxo33","training"
"Garnl3","held_out"
"Gm36823","training"
"Lonrf2","held_out"
"Gm12031","training"
"Pola1","held_out"
"Gm13391","training"
"Prdm10","held_out"
"D1Ertd622e","training"
"Mapk1","held_out"
"Cyp27a1","training"
"Aoah","held_out"
"Gm49906","training"
"Stk32c","held_out"
"Kcnt1","training"
"Pmvk","held_out"
"Inafm1","training"
"Ankrd34c","held_out"
"Baiap3","training"
"Fem1a","held_out"
"Arhgap6","training"
"Gm32341","held_out"
"Kidins220","training"
"Nrg3os","held_out"
"Snhg11","training"
"Tcaf1","held_out"
"Fbxw4","training"
"Cdk2ap1","held_out"
"Gpt2","training"
"Gldc","held_out"
"Rprd2","training"
"Lyzl4","held_out"
"2310022B05Rik","training"
"Hint1","held_out"
"9830166K06Rik","training"
"Radil","held_out"
"Map3k5","training"
"Anp32a","held_out"
"Fam171b","training"
"Nlgn1","held_out"
"Ptch2","training"
"Nmnat2","held_out"
"Myo16","training"
"Cul1","held_out"
"Fn1","training"
"Plxnc1","held_out"
"Oxt","training"
"Syngr3","held_out"
"Sod2","training"
"Mir124-2hg","held_out"
"Arhgap25","training"
"Ap1s3","held_out"
"Mycbp2","training"
"Arhgef10","held_out"
"Ergic2","training"
"2010013B24Rik","held_out"
"Pvt1","training"
"Bhlhe22","held_out"
"Ankrd35","training"
"Krt222","held_out"
"Stk26","training"
"Tagln","held_out"
"Kcnd2","training"
"BB557941","held_out"
"Bicd2","training"
"Cemip2","held_out"
"Azin2","training"
"Necab1","held_out"
"Ddc","training"
"Gcfc2","held_out"
"Map2k4","training"
"Gpr37","held_out"
"Sptbn4","training"
"C030014I23Rik","held_out"
"Igsf9b","training"
"Ppfia1","held_out"
"Ephx2","training"
"Dock7","held_out"
"Rem1","training"
"Nos1","held_out"
"Tnfaip1","training"
"Sox4","held_out"
"Pcsk1n","training"
"AI597479","held_out"
"Pard3b","training"
"Glod4","held_out"
"Rai2","training"
"Prep","held_out"
"Rspo3","training"
"Pclaf","held_out"
"Tnip2","training"
"Gpr161","held_out"
"Gm11508","training"
"Htr2c","held_out"
"Lmo3","training"
"Grb10","held_out"
"Gm31698","training"
"Jak2","held_out"
"Crispld1","training"
"Ostm1","held_out"
"C230057M02Rik","training"
"Bckdhb","held_out"
"Gm16152","training"
"Arsj","held_out"
"Ints8","training"
"Cdon","held_out"
"Ptchd4","training"
"Mapk1ip1","held_out"
"Ccl4","training"
"A830082K12Rik","held_out"
"Ncdn","training"
"Abi2","held_out"
"Trbc2","training"
"Stxbp5l","held_out"
"Ms4a6c","training"
"Lair1","held_out"
"Zdhhc15","training"
"Ablim3","held_out"
"Lrrc1","training"
"Fam122a","held_out"
"Shisal2b","training"
"Eif1b","held_out"
"Pdrg1","training"
"Camk2g","held_out"
"Soga3","training"
"Mxra7","held_out"
"Myt1","training"
"Gdf10","held_out"
"Magi3","training"
"Qdpr","held_out"
"B3galt1","training"
"Megf11","held_out"
"Serpinb9","training"
"Gjc2","held_out"
"Zfp946","training"
"Nars2","held_out"
"Asb6","training"
"Gm37459","held_out"
"Cntnap5c","training"
"Hspa12b","held_out"
"4933407K13Rik","training"
"Abi3bp","held_out"
"Pi4ka","training"
"Elovl6","held_out"
"Aox3","training"
"Aloxe3","held_out"
"Kctd21","training"
"Nos1ap","held_out"
"Rtl5","training"
"Gm11290","held_out"
"Borcs7","training"
"Slitrk5","held_out"
"Tafa1","training"
"Mrvi1","held_out"
"Wdr37","training"
"Sp4","held_out"
"4930447N08Rik","training"
"Cmtr1","held_out"
"Mc4r","training"
"Blvrb","held_out"
"Cd83","training"
"Stk32b","held_out"
"Ogt","training"
"Arhgap18","held_out"
"Six3os1","training"
"Ern1","held_out"
"Ralyl","training"
"Zfp930","held_out"
"Adamts5","training"
"Vstm2a","held_out"
"Lypd6","training"
"Col13a1","held_out"
"Safb","training"
"Cacna1g","held_out"
"D030028A08Rik","training"
"Gm38562","held_out"
"Atp11b","training"
"Gpr6","held_out"
"Tmem35a","training"
"Apod","held_out"
"Sla","training"
"Cyp19a1","held_out"
"Calm2","training"
"Gm9989","held_out"
"Zfp532","training"
"Tprn","held_out"
"Zfp715","training"
"1700003D09Rik","held_out"
"Mri1","training"
"Tpbgl","held_out"
"Gm49969","training"
"2010204K13Rik","held_out"
"Kcns1","training"
"Adrm1","held_out"
"Slc19a1","training"
"Srfbp1","held_out"
"Ccdc9","training"
"Sema3a","held_out"
"A330008L17Rik","training"
"Rgs20","held_out"
"Acly","training"
"Me3","held_out"
"Cyp1b1","training"
"Ola1","held_out"
"Vmn1r206","training"
"5730480H06Rik","held_out"
"Hexb","training"
"Chmp5","held_out"
"Gm15417","training"
"Gm15825","held_out"
"Sdccag8","training"
"Myh7","held_out"
"Gzmk","training"
"Slc5a3","held_out"
"Pcx","training"
"Spsb4","held_out"
"Hist3h2a","training"
"Arx","held_out"
"Cbr2","training"
"Gm36251","held_out"
"C1galt1","training"
"Tsc1","held_out"
"Gm19531","training"
"Cmip","held_out"
"Tmem196","training"
"Bmper","held_out"
"Gm7854","training"
"Mir100hg","held_out"
"Gm4876","training"
"Rpp25","held_out"
"Kcnh5","training"
"C230014O12Rik","held_out"
"Tox3","training"
"Adgrb1","held_out"
"St8sia4","training"
"Spopl","held_out"
"Rbp4","training"
"Tex15","held_out"
"Rab14","training"
"Tmem8b","held_out"
"Shisa6","training"
"Rgl1","held_out"
"Thoc7","training"
"Pamr1","held_out"
"Zfp827","training"
"Arxes2","held_out"
"Bag1","training"
"Samd5","held_out"
"Gnb5","training"
"Irs4","held_out"
"Lrig1","training"
"Pex11a","held_out"
"Gm10785","training"
"Npr3","held_out"
"Reln","training"
"March3","held_out"
"Gm27253","training"
"Lrrk2","held_out"
"Cnr1","training"
"Fam199x","held_out"
"Gm13889","training"
"Tafa2","held_out"
"Cacybp","training"
"Rlbp1","held_out"
"Slc25a47","training"
"Coprs","held_out"
"Npat","training"
"Pdcd7","held_out"
"E230029C05Rik","training"
"Gm37640","held_out"
"B930036N10Rik","training"
"Pop5","held_out"
"Tubb2b","training"
"Chgb","held_out"
"Adora2a","training"
"Gm35835","held_out"
"Rhov","training"
"Rec114","held_out"
"Gm20712","training"
"Dynlrb2","held_out"
"Setx","training"
"Shisal1","held_out"
"Prkacb","training"
"Olfml2a","held_out"
"Sox18","training"
"Lins1","held_out"
"Ptger4","training"
"Smad1","held_out"
"Gstm5","training"
"Gm29865","held_out"
"Poc1a","training"
"Lrrc49","held_out"
"Suclg1","training"
"Reps2","held_out"
"Megf9","training"
"Car3","held_out"
"Nectin1","training"
"Jazf1","held_out"
"Paqr7","training"
"Col25a1","held_out"
"Abcd4","training"
"Tbc1d9","held_out"
"Slc25a39","training"
"Ehbp1","held_out"
"Rbpms2","training"
"Cpne8","held_out"
"Mmgt2","training"
"Trpc5","held_out"
"Rabac1","training"
"Nxph1","held_out"
"Cplane1","training"
"Dusp15","held_out"
"Tbc1d30","training"
"Kdm6a","held_out"
"Bach2","training"
"Tmsb10","held_out"
"4833415N18Rik","training"
"Armcx1","held_out"
"Pcolce","training"
"Nt5dc3","held_out"
"Gm28756","training"
"Kctd8","held_out"
"Rgs3","training"
"Mgat4c","held_out"
"Pds5b","training"
"Wbp1l","held_out"
"Rnd3","training"
"Slc22a15","held_out"
"Kcnk10","training"
"Frem3","held_out"
"Lrp12","training"
"Zfp385b","held_out"
"Tmprss7","training"
"Samd3","held_out"
"Gabrg1","training"
"Dr1","held_out"
"Adamts12","training"
"Zfpm2","held_out"
"Bace2","training"
"B3galt5","held_out"
"Gm34045","training"
"Nxph4","held_out"
"Camsap2","training"
"Adarb2","held_out"
"Svop","training"
"Sh3bgrl3","held_out"
"Nlk","training"
"Taf1b","held_out"
"Mrpl46","training"
"Dynll2","held_out"
"Nsmaf","training"
"Atp5mpl","held_out"
"Ttc9","training"
"Zfr","held_out"
"Ndst3","training"
"Gm1673","held_out"
"Pithd1","training"
"Ms4a6b","held_out"
"Pip4p2","training"
"Pim1","held_out"
"Adamts3","training"
"Cpne6","held_out"
"Cul4a","training"
"Rasgrf2","held_out"
"Per3","training"
"Smoc2","held_out"
"Cfap299","training"
"Sfta3-ps","held_out"
"Aff2","training"
"Phc2","held_out"
"Snta1","training"
"Ar","held_out"
"Gm28578","training"
"Map3k9","held_out"
"Galnt13","training"
"Ndnf","held_out"
"Bclaf1","training"
"Dnajc6","held_out"
"Nedd4l","training"
"Gm14204","held_out"
"Rtl8a","training"
"Tmem56","held_out"
"Sall2","training"
"Coa7","held_out"
"Trpm4","training"
"Pcid2","held_out"
"Inhba","training"
"Cftr","held_out"
"Inha","training"
"Zwint","held_out"
"Fam163b","training"
"Myh11","held_out"
"Col19a1","training"
"Frem2","held_out"
"Gm28153","training"
"Itgb5","held_out"
"Gm47591","training"
"Lgr5","held_out"
"Zar1","training"
"Trnau1ap","held_out"
"Npsr1","training"
"Sim2","held_out"
"Prelid1","training"
"Chl1","held_out"
"Gm19744","training"
"Aak1","held_out"
"Drg2","training"
"Yipf2","held_out"
"Lpl","training"
"Zfp428","held_out"
"Dmrta2","training"
"Thyn1","held_out"
"Kit","training"
"Adcy5","held_out"
"Cenpk","training"
"Ddx49","held_out"
"Smc6","training"
"Ppp1r1a","held_out"
"9330159F19Rik","training"
"Gm34544","held_out"
"Cdc42se1","training"
"Csde1","held_out"
"3110021N24Rik","training"
"Zfp207","held_out"
"Rwdd2a","training"
"Raver2","held_out"
"Gpatch4","training"
"Tenm4","held_out"
"Diablo","training"
"Gm27199","held_out"
"Gm11973","training"
"Scyl2","held_out"
"Usp22","training"
"Amot","held_out"
"Nxt2","training"
"Mustn1","held_out"
"Gm12122","training"
"Slc38a9","held_out"
"Dapk1","training"
"Fbxo9","held_out"
"Sco1","training"
"Apex2","held_out"
"Atp6v1c2","training"
"Gm15155","held_out"
"Vegfc","training"
"Rbm20","held_out"
"Opn3","training"
"Lrba","held_out"
"Rasal2","training"
"Glra4","held_out"
"Pak3","training"
"Chpf2","held_out"
"Cyp4f15","training"
"Ppargc1b","held_out"
"Csrnp3","training"
"Mhrt","held_out"
"Nop53","training"
"Prdm16os","held_out"
"Sdr39u1","training"
"Zfp612","held_out"
"Ccl24","training"
"Slc1a2","held_out"
"Osr1","training"
"Slc22a14","held_out"
"Cpa6","training"
"Ric3","held_out"
"Adra1b","training"
"Vdac1","held_out"
"5730522E02Rik","training"
"Rab13","held_out"
"Thada","training"
"Fezf1","held_out"
"Mtmr1","training"
"Cacna2d2","held_out"
"Cactin","training"
"Mobp","held_out"
"Plppr4","training"
"Pdlim1","held_out"
"Scamp1","training"
"Tango2","held_out"
"Adora1","training"
"Nkain3","held_out"
"Gm16070","training"
"Gm41361","held_out"
"Pde10a","training"
"Cox17","held_out"
"Apold1","training"
"Impg2","held_out"
"Herc3","training"
"Tmem126b","held_out"
"Snhg12","training"
"Slc12a5","held_out"
"Myo3b","training"
"Glb1","held_out"
"Carf","training"
"Hapln1","held_out"
"Gask1b","training"
"Zmynd8","held_out"
"Epha6","training"
"Naf1","held_out"
"Ablim2","training"
"Col26a1","held_out"
"Bc1","training"
"Amy1","held_out"
"Casz1","training"
"Sla2","held_out"
"Tcf4","training"
"Mycl","held_out"
"Sh3yl1","training"
"Acta2","held_out"
"Rasa3","training"
"Mas1","held_out"
"Riok3","training"
"Gm11549","held_out"
"Csf3r","training"
"Alox8","held_out"
"Tmem91","training"
"Srgap3","held_out"
"0610040F04Rik","training"
"Csmd3","held_out"
"Golm1","training"
"Traf4","held_out"
"2810049E08Rik","training"
"Mon1a","held_out"
"Gm45194","training"
"Oip5os1","held_out"
"Naa11","training"
"Trim44","held_out"
"Tmem179","training"
"Spon1","held_out"
"Exosc2","training"
"Stmn1","held_out"
"Lurap1l","training"
"Bmp1","held_out"
"Pde9a","training"
"L3mbtl3","held_out"
"Pla2g3","training"
"Rab22a","held_out"
"Vav2","training"
"Pde4dip","held_out"
"Tgfbr1","training"
"Kcnj6","held_out"
"Socs2","training"
"Copg1","held_out"
"Zfp57","training"
"Polr2e","held_out"
"Pigt","training"
"Hes6","held_out"
"Arhgef11","training"
"Tmem158","held_out"
"Twsg1","training"
"Gm42423","held_out"
"Glrb","training"
"4930517O19Rik","held_out"
"Csf2ra","training"
"Cck","held_out"
"Pde8b","training"
"Prdm16","held_out"
"8030442B05Rik","training"
"Arl15","held_out"
"Dcp1b","training"
"Slc6a1","held_out"
"A930015D03Rik","training"
"Gm9962","held_out"
"Strn","training"
"5031415H12Rik","held_out"
"Ralgps2","training"
"Gm30094","held_out"
"Slc35f3","training"
"Gm37240","held_out"
"Mllt3","training"
"D3Ertd751e","held_out"
"Gm28175","training"
"Rgs8","held_out"
"Mospd2","training"
"Ifi207","held_out"
"Pgm2","training"
"Ttc21b","held_out"
"Gm17171","training"
"Gm11906","held_out"
"Unc13b","training"
"Lipg","held_out"
"Gm44618","training"
"Cyld","held_out"
"Il1rapl2","training"
"C230034O21Rik","held_out"
"Kif15","training"
"Cabp7","held_out"
"Ndufs8","training"
"Mapkap1","held_out"
"Zfp445","training"
"Scara3","held_out"
"Gm12703","training"
"Atp2b1","held_out"
"Btf3l4","training"
"Polb","held_out"
"Ttc3","training"
"Gm31218","held_out"
"Supt3","training"
"Rtl1","held_out"
"Dtd1","training"
"B3glct","held_out"
"Kcna5","training"
"Ptch1","held_out"
"Gca","training"
"Faf1","held_out"
"L2hgdh","training"
"Syndig1l","held_out"
"Nppc","training"
"Piezo2","held_out"
"Abtb2","training"
"Tet2","held_out"
"Obsl1","training"
"Gm44129","held_out"
"Acvr1c","training"
"Fbxo28","held_out"
"Cd164l2","training"
"Morrbid","held_out"
"Hsd17b7","training"
"Col4a5","held_out"
"Gm47071","training"
"Ushbp1","held_out"
"Ttc21a","training"
"Rem2","held_out"
"Mosmo","training"
"Dok6","held_out"
"Sytl5","training"
"Etnk2","held_out"
"Mtcl1","training"
"Lbhd2","held_out"
"Gm1604a","training"
"Gm40437","held_out"
"Masp1","training"
"Gabra3","held_out"
"Pter","training"
"Rhobtb2","held_out"
"Pja2","training"
"Pvalb","held_out"
"Rapgef6","training"
"Map2","held_out"
"Arhgap42","training"
"Gpm6a","held_out"
"Slc25a1","training"
"Jakmip3","held_out"
"Rnasek","training"
"Dnali1","held_out"
"Spata5","training"
"Gm12027","held_out"
"Dcaf13","training"
"Brd9","held_out"
"Trim24","training"
"Slc4a7","held_out"
"Pgr15l","training"
"Gm43462","held_out"
"Dpp6","training"
"Stac","held_out"
"Gm15680","training"
"Snrpa1","held_out"
"Unc5d","training"
"Magi1","held_out"
"Nsmce2","training"
"Elovl4","held_out"
"Mcam","training"
"Gpr12","held_out"
"9330154J02Rik","training"
"B230334C09Rik","held_out"
"5330434G04Rik","training"
"Igsf3","held_out"
"Arid4a","training"
"Tcf12","held_out"
"Fam189b","training"
"Gm42439","held_out"
"Tmem185a","training"
"Ahsa2","held_out"
"Atat1","training"
"Ap4s1","held_out"
"Armc8","training"
"Acp7","held_out"
"Lgi1","training"
"Col14a1","held_out"
"Emx2","training"
"Mrpl1","held_out"
"Cnot3","training"
"Snrpn","held_out"
"Ccdc184","training"
"Nap1l2","held_out"
"Zfp945","training"
"A930009A15Rik","held_out"
"Adprm","training"
"Snapc1","held_out"
"Fam114a2","training"
"Fbn1","held_out"
"Hibadh","training"
"Brd4","held_out"
"Slmap","training"
"Paip1","held_out"
"Pcdhgc5","training"
"Fst","held_out"
"Dock6","training"
"Pced1a","held_out"
"Prss12","training"
"Tll1","held_out"
"Ckap2","training"
"Rabl6","held_out"
"Npffr2","training"
"Asic4","held_out"
"Gm34006","training"
"Nck1","held_out"
"Pdik1l","training"
"Tubd1","held_out"
"Chrm2","training"
"Tmpo","held_out"
"Islr2","training"
"Pip5k1b","held_out"
"Zmat1","training"
"Aoc3","held_out"
"Lrrc3b","training"
"Vcan","held_out"
"Tceal9","training"
"9130024F11Rik","held_out"
"Pomp","training"
"Mapk6","held_out"
"Myo1b","training"
"Scel","held_out"
"Cux2","training"
"Dtd2","held_out"
"Gpr17","training"
"Syf2","held_out"
"Gm13963","training"
"Tacr3","held_out"
"Phactr2","training"
"Stox1","held_out"
"Dcaf17","training"
"Runx2os1","held_out"
"Gm3510","training"
"Gm36975","held_out"
"9330185C12Rik","training"
"Plekha5","held_out"
"Gpr182","training"
"Agrp","held_out"
"Diras2","training"
"Ifitm1","held_out"
"Pygm","training"
"Insyn2b","held_out"
"Armcx3","training"
"Phka2","held_out"
"Lilrb4a","training"
"Papss2","held_out"
"Nell1os","training"
"Itih5","held_out"
"Boc","training"
"Ryr1","held_out"
"Zfp941","training"
"Hey1","held_out"
"Zfp469","training"
"Gm42047","held_out"
"Mycn","training"
"Sez6l","held_out"
"Gm2464","training"
"St3gal5","held_out"
"Fam160b2","training"
"Prex2","held_out"
"Pigb","training"
"Syn3","held_out"
"Plcxd2","training"
"Nipal3","held_out"
"Mpp7","training"
"Fezf2","held_out"
"Nsmf","training"
"Spp1","held_out"
"Sh3rf2","training"
"Snhg8","held_out"
"Reep5","training"
"Chat","held_out"
"Gkap1","training"
"Ttc29","held_out"
"Crebbp","training"
"Ncoa7","held_out"
"Gm13269","training"
"Dbn1","held_out"
"Xk","training"
"Bin2","held_out"
"Nxph2","training"
"Mllt6","held_out"
"Zfp407","training"
"Mapre3","held_out"
"Rbfox2","training"
"Gls2","held_out"
"Zmynd11","training"
"Arfgef1","held_out"
"Gm20754","training"
"Ndrg2","held_out"
"Mtf2","training"
"Tmem106a","held_out"
"Sobp","training"
"Gm19500","held_out"
"Shld2","training"
"Vwc2l","held_out"
"Hist1h2ap","training"
"Gm45025","held_out"
"Tmem40","training"
"Gtf3c1","held_out"
"A230077H06Rik","training"
"E130102H24Rik","held_out"
"Gm31592","training"
"Tox","held_out"
"Fis1","training"
"Fn3k","held_out"
"Tmem132c","training"
"Ddx6","held_out"
"Penk","training"
"Nkx2-1","held_out"
"1700087I21Rik","training"
"Bud13","held_out"
"B630019K06Rik","training"
"Mms22l","held_out"
"Extl1","training"
"Coro6","held_out"
"Enpp5","training"
"Fam168a","held_out"
"G3bp1","training"
"Npas1","held_out"
"Alkal2","training"
"Smc4","held_out"
"Gm1604b","training"
"Rufy4","held_out"
"Usp9x","training"
"Nell1","held_out"
"Eda","training"
"Secisbp2","held_out"
"Nol4","training"
"Nhs","held_out"
"Stxbp2","training"
"Gm45680","held_out"
"Nup107","training"
"Sorcs3","held_out"
"Zswim5","training"
"Pkig","held_out"
"1500004A13Rik","training"
"Prkar1a","held_out"
"Tmem19","training"
"Rex1bd","held_out"
"Thrb","training"
"C1qtnf4","held_out"
"Lgr4","training"
"Sptb","held_out"
"Morc2b","training"
"Fancl","held_out"
"Gm12371","training"
"Ddx1","held_out"
"B230217C12Rik","training"
"4933412O06Rik","held_out"
"Kcnh7","training"
"Mcm6","held_out"
"Peli3","training"
"Fyco1","held_out"
"Dach1","training"
"Ddx51","held_out"
"Pms1","training"
"Cntnap5a","held_out"
"Unc80","training"
"Sstr2","held_out"
"Gsk3b","training"
"Gm43154","held_out"
"Tnrc6c","training"
"Mb21d2","held_out"
"Ppp1r1b","training"
"Adamts6","held_out"
"Slc29a4","training"
"Ltbp3","held_out"
"Slc6a15","training"
"Rrnad1","held_out"
"Bnc2","training"
"Sec24a","held_out"
"Arxes1","training"
"Tom1","held_out"
"Edc3","training"
"Gm26777","held_out"
"Tmem18","training"
"Il1a","held_out"
"Rufy3","training"
"Ndst1","held_out"
"Prmt3","training"
"Srpx2","held_out"
"Trio","training"
"Auts2","held_out"
"Prr7","training"
"Lhx8","held_out"
"Arfgef3","training"
"Tdrd7","held_out"
"1110002L01Rik","training"
"Tac1","held_out"
"Vac14","training"
"Tac2","held_out"
"Ovol2","training"
"Tmem88b","held_out"
"Map3k15","training"
"Cerkl","held_out"
"Slain1","training"
"Tnnt1","held_out"
"Ccnq","training"
"Oaz1","held_out"
"Xylt2","training"
"Txlng","held_out"
"Tll2","training"
"Spns2","held_out"
"Kdm5d","training"
"Selplg","held_out"
"Gm47423","training"
"Tmem65","held_out"
"Ankrd6","training"
"Map2k1","held_out"
"Ncoa2","training"
"Chrac1","held_out"
"Aff4","training"
"Col5a1","held_out"
"Atp8b1","training"
"Wdr63","held_out"
"Pbx1","training"
"Msantd2","held_out"
"Hrh2","training"
"Wnt7a","held_out"
"AI593442","training"
"Vgf","held_out"
"Pdk1","training"
"Sel1l3","held_out"
"Gria1","training"
"Pde3a","held_out"
"6330403L08Rik","training"
"Araf","held_out"
"Mvb12b","training"
"A730046J19Rik","held_out"
"Mrpl13","training"
"Rai14","held_out"
"Vmn2r1","training"
"Calcr","held_out"
"Fibcd1","training"
"Kalrn","held_out"
"Rac3","training"
"Man1a","held_out"
"Exd2","training"
"Gata2","held_out"
"Cyp26b1","training"
"Tmem117","held_out"
"Sox3","training"
"Spata7","held_out"
"Nmnat3","training"
"Vsnl1","held_out"
"Gm20646","training"
"Trip11","held_out"
"Yipf3","training"
"Cog2","held_out"
"Ccdc120","training"
"Scmh1","held_out"
"Gm9993","training"
"Gm3667","held_out"
"Pnmal2","training"
"Gnasas1","held_out"
"Rian","training"
"Rasgef1c","held_out"
"Lrig2","training"
"Cyth1","held_out"
"Atf3","training"
"Chrna7","held_out"
"3632454L22Rik","training"
"Col15a1","held_out"
"Cstf2","training"
"Gprasp1","held_out"
"Maf1","training"
"Slco1a4","held_out"
"Pts","training"
"Marveld1","held_out"
"Asic1","training"
"Rgs9","held_out"
"Traf3ip2","training"
"Mrc1","held_out"
"Kcnv1","training"
"Pde4a","held_out"
"Has2os","training"
"Psmd7","held_out"
"Sclt1","training"
"Hmgcll1","held_out"
"Gde1","training"
"1500035N22Rik","held_out"
"Egf","training"
"Prmt5","held_out"
"Chmp4b","training"
"Klhl33","held_out"
"Lepr","training"
"Gm1992","held_out"
"Gm43672","training"
"Ntsr1","held_out"
"Lurap1","training"
"Crybb1","held_out"
"Npnt","training"
"Myzap","held_out"
"Scube2","training"
"B3gat2","held_out"
"Rilpl1","training"
"Gm43376","held_out"
"Cul3","training"
"Psme4","held_out"
"Yjefn3","training"
"Cfap43","held_out"
"Zfp597","training"
"Syt16","held_out"
"Bcar3","training"
"Ash1l","held_out"
"Spcs1","training"
"Chml","held_out"
"Dennd6a","training"
"Smpdl3b","held_out"
"Ermn","training"
"Gm30624","held_out"
"Ubb","training"
"Banp","held_out"
"Jph2","training"
"Tro","held_out"
"Gstm6","training"
"Dlk1","held_out"
"Samsn1","training"
"Nudt10","held_out"
"Pkp2","training"
"Iqce","held_out"
"Grem1","training"
"Mapre2","held_out"
"Zfhx4","training"
"Mfsd14b","held_out"
"Glra1","training"
"Adgrf5","held_out"
"Entpd2","training"
"Xxylt1","held_out"
"Sfrp1","training"
"Ccbe1","held_out"
"Oxtr","training"
"Cd34","held_out"
"Galnt2","training"
"Grm2","held_out"
"Crhbp","training"
"Arhgap36","held_out"
"Nfx1","training"
"AU041133","held_out"
"Greb1l","training"
"Tbc1d2","held_out"
"Kcnab3","training"
"Med28","held_out"
"Thsd7b","training"
"Cdhr1","held_out"
"Ctps2","training"
"Lhx9","held_out"
"Dsp","training"
"Pde7b","held_out"
"Gm30313","training"
"Fzd8","held_out"
"Stard5","training"
"Gm35842","held_out"
"Ttl","training"
"Htr1f","held_out"
"Hdac6","training"
"Thbs3","held_out"
"Ggt1","training"
"Mitf","held_out"
"Cyyr1","training"
"Stx18","held_out"
"Kctd4","training"
"Nrsn2","held_out"
"Zcchc24","training"
"C1ql2","held_out"
"Cckar","training"
"Snx22","held_out"
"Npffr1","training"
"Ctla2a","held_out"
"Insyn2a","training"
"Med12","held_out"
"Hmg20a","training"
"Selenov","held_out"
"Ifi204","training"
"Gulp1","held_out"
"Cdh22","training"
"Gm45904","held_out"
"Herc6","training"
"Cox6a2","held_out"
"Adarb1","training"
"Gm9866","held_out"
"Trp73","training"
"Hsd17b11","held_out"
"Mettl25","training"
"Tshz3","held_out"
"Ppm1e","training"
"Dzank1","held_out"
"H2-Q2","training"
"Mlf1","held_out"
"Fbln1","training"
"Itgb1bp1","held_out"
"Zfp189","training"
"Gm45159","held_out"
"Apc","training"
"Bms1","held_out"
"Pde1b","training"
"Gpc3","held_out"
"Clec10a","training"
"9330162012Rik","held_out"
"Gm19935","training"
"Ehd2","held_out"
"Tubb3","training"
"Cryzl1","held_out"
"Nr4a2","training"
"Catsperg1","held_out"
"Gna14","training"
"Pknox1","held_out"
"Ap1s2","training"
"Pdcd4","held_out"
"Caskin2","training"
"Fam43b","held_out"
"Ddost","training"
"Ugp2","held_out"
"Cysltr2","training"
"Rims1","held_out"
"Cyp2j9","training"
"Gm12905","held_out"
"Simc1","training"
"Dnah12","held_out"
"Parp11","training"
"Dnah8","held_out"
"Gm14296","training"
"Glra3","held_out"
"St8sia6","training"
"Nbn","held_out"
"Sema3d","training"
"Chd6","held_out"
"Atp11c","training"
"Dph7","held_out"
"Ccnjl","training"
"Gm29260","held_out"
"Evc2","training"
"Gm15764","held_out"
"Gm11844","training"
"Sstr1","held_out"
"Reep1","training"
"Lmod1","held_out"
"Moxd1","training"
"Tbc1d2b","held_out"
"Cttnbp2","training"
"Rab40b","held_out"
"Parva","training"
"Sgk3","held_out"
"Gstz1","training"
"Gm3294","held_out"
"Aimp2","training"
"Trit1","held_out"
"Pgrmc1","training"
"Kcnj2","held_out"
"Slc23a3","training"
"Cort","held_out"
"Esrrg","training"
"Faah","held_out"
"Gm49169","training"
"4930578M01Rik","held_out"
"Baiap2l2","training"
"Hmgb2","held_out"
"Ube3a","training"
"Rtn4rl1","held_out"
"Nrtn","training"
"Fgf22","held_out"
"Fads3","training"
"Vwa5b2","held_out"
"Galnt6","training"
"Brwd1","held_out"
"Fus","training"
"Mxd1","held_out"
"Grcc10","training"
"Smagp","held_out"
"Chsy3","training"
"Syt14","held_out"
"St13","training"
"Whamm","held_out"
"Mki67","training"
"Tmc7","held_out"
"Dgkk","training"
"Cep85l","held_out"
"Gnaq","training"
"Dsc2","held_out"
"Stxbp6","training"
"Dab2","held_out"
"Zeb2","training"
"Acta1","held_out"
"Trhde","training"
"Ube4bos1","held_out"
"Wwox","training"
"Dhdh","held_out"
"Atp5b","training"
"Ttc37","held_out"
"Hdgfl2","training"
"4932441J04Rik","held_out"
"Egr2","training"
"Tpx2","held_out"
"Zim1","training"
"Amer2","held_out"
"A430033K04Rik","training"
"Atxn7l3b","held_out"
"Plcb1","training"
"Gng4","held_out"
"Fstl5","training"
"Atg3","held_out"
"Heca","training"
"Gm10848","held_out"
"Clstn3","training"
"Shf","held_out"
"Sphkap","training"
"Siae","held_out"
"Panct2","training"
"Sybu","held_out"
"Slc22a6","training"
"Ecm2","held_out"
"Bicral","training"
"Alg14","held_out"
"Idh3b","training"
"Dthd1","held_out"
"Gm2415","training"
"Ggct","held_out"
"A230001M10Rik","training"
"Micu3","held_out"
"Rgs16","training"
"Psma2","held_out"
"Ets2","training"
"Sncaip","held_out"
"Gpr150","training"
"Gm36529","held_out"
"Map2k6","training"
"Ccdc136","held_out"
"Stau2","training"
"Fam210b","held_out"
"Insm1","training"
"Smad9","held_out"
"Deptor","training"
"Gtf2f2","held_out"
"Cavin1","training"
"Adar","held_out"
"Mal","training"
"Ctnnbl1","held_out"
"Limk2","training"
"Gabrb3","held_out"
"Gm30382","training"
"Rngtt","held_out"
"Gm16599","training"
"Lgi2","held_out"
"Dnah6","training"
"Ube2b","held_out"
"Yipf1","training"
"Tmem29","held_out"
"Id2","training"
"Upk1b","held_out"
"Rint1","training"
"Kbtbd11","held_out"
"Tie1","training"
"Lfng","held_out"
"Fa2h","training"
"Tchh","held_out"
"Cables1","training"
"Nr2c1","held_out"
"Ninj2","training"
"Rnf25","held_out"
"Plag1","training"
"Ulk3","held_out"
"Agbl4","training"
"Kcng2","held_out"
"Mrpl14","training"
"Gm15345","held_out"
"Mgll","training"
"Catspere2","held_out"
"Bend5","training"
"Crym","held_out"
"Ube2v2","training"
"Sh3kbp1","held_out"
"Gnb4","training"
"Ccdc155","held_out"
"Rrm2","training"
"Pam","held_out"
"Sf3b4","training"
"Dipk1a","held_out"
"2700069I18Rik","training"
"Ahcyl2","held_out"
"Lmbrd1","training"
"Gm38505","held_out"
"Ccne1","training"
"Tet3","held_out"
"Mboat2","training"
"Mirt1","held_out"
"Rubcn","training"
"Nr3c2","held_out"
"Fam89a","training"
"Slc24a3","held_out"
"Enpp1","training"
"Gck","held_out"
"Igfbp4","training"
"Lmo1","held_out"
"Shc4","training"
"Art3","held_out"
"2510002D24Rik","training"
"Rdh11","held_out"
"Sytl4","training"
"Ufsp1","held_out"
"Gpr158","training"
"Naa35","held_out"
"Myo5b","training"
"Hlcs","held_out"
"Itga8","training"
"Prokr2","held_out"
"Klhdc8a","training"
"Zcchc18","held_out"
"Nwd2","training"
"Bhlhb9","held_out"
"Strip2","training"
"Tial1","held_out"
"Impad1","training"
"6530411M01Rik","held_out"
"Fam184b","training"
"Etv3","held_out"
"Plpp7","training"
"Pf4","held_out"
"Erich1","training"
"Gm12592","held_out"
"Nop14","training"
"Vrk1","held_out"
"Kcng1","training"
"Ramp1","held_out"
"Krt2","training"
"Prox1os","held_out"
"Mcc","training"
"Tuba1b","held_out"
"Lrrc28","training"
"Mettl26","held_out"
"Tomm20","training"
"Adcy9","held_out"
"Lnpk","training"
"Grip1os3","held_out"
"Dlg4","training"
"Egfl7","held_out"
"Zfp120","training"
"2700054A10Rik","held_out"
"Dbpht2","training"
"Drd1","held_out"
"Nipsnap3b","training"
"Lyst","held_out"
"Adcyap1","training"
"Egfem1","held_out"
"Slc25a18","training"
"Akap5","held_out"
"Jarid2","training"
"Clic6","held_out"
"Dpysl5","training"
"Htatip2","held_out"
"Bcr","training"
"Zmiz1os1","held_out"
"Mchr1","training"
"Gap43","held_out"
"Erbb4","training"
"Erf","held_out"
"Greb1","training"
"Efr3a","held_out"
"Slc13a4","training"
"2810013P06Rik","held_out"
"Prpf38b","training"
"Traf3","held_out"
"Jade3","training"
"Fam120c","held_out"
"Pafah1b3","training"
"6430628N08Rik","held_out"
"Ndn","training"
"Oprk1","held_out"
"Aanat","training"
"Scn5a","held_out"
"Lrfn2","training"
"Slc15a2","held_out"
"Ccdc28b","training"
"Spag17","held_out"
"Cenpf","training"
"Akap6","held_out"
"Scml4","training"
"Serf1","held_out"
"Zfp511","training"
"Ccny","held_out"
"Topors","training"
"Rpa1","held_out"
"Zfp697","training"
"Zic5","held_out"
"Gm43122","training"
"Gprin1","held_out"
"Fmn1","training"
"Stk3","held_out"
"Aldh3b2","training"
"Pls3","held_out"
"Nupr1","training"
"Sec14l5","held_out"
"Lyrm4","training"
"Focad","held_out"
"Elp4","training"
"Gm31356","held_out"
"G630016G05Rik","training"
"Ccar2","held_out"
"Kcnc2","training"
"Slf2","held_out"
"Limk1","training"
"Igip","held_out"
"Lats2","training"
"Pfkfb4","held_out"
"Slc6a9","training"
"Zfyve16","held_out"
"9930021J03Rik","training"
"Insrr","held_out"
"Rnf11","training"
"Hs3st3b1","held_out"
"Wdr49","training"
"Rnf182","held_out"
"Tmc4","training"
"Zfp652os","held_out"
"Tsnax","training"
"Fam216b","held_out"
"Galnt10","training"
"Sik2","held_out"
"Vars2","training"
"Patj","held_out"
"Gli3","training"
"Rgmb","held_out"
"Aldh1b1","training"
"Rbbp6","held_out"
"Arsg","training"
"Spred3","held_out"
"Prima1","training"
"Insyn1","held_out"
"Cdh6","training"
"Klhl28","held_out"
"Rasl12","training"
"Slc27a2","held_out"
"Tnfaip8l1","training"
"Porcn","held_out"
"Pou3f2","training"
"Gm38393","held_out"
"Gpx4","training"
"Ttc5","held_out"
"Camkk1","training"
"Mrps26","held_out"
"Nrsn1","training"
"Gm31816","held_out"
"Clock","training"
"Fat4","held_out"
"Rnf169","training"
"Fra10ac1","held_out"
"Foxo6","training"
"Hap1","held_out"
"Chst8","training"
"AA387883","held_out"
"Cnot4","training"
"Gm13483","held_out"
"Gm11309","training"
"Sms","held_out"
"Vstm4","training"
"Gpr34","held_out"
"Ppp1r2","training"
"Mcrs1","held_out"
"Zfp260","training"
"Lrrc8a","held_out"
"Gabre","training"
"Top3b","held_out"
"Lhfpl3","training"
"Alpk1","held_out"
"Hdac4","training"
"Sipa1l2","held_out"
"Nrep","training"
"Fras1","held_out"
"A530058N18Rik","training"
"Cdhr3","held_out"
"Guf1","training"
"Ndufb5","held_out"
"Iqsec1","training"
"Evi5l","held_out"
"Stc1","training"
"Zfp148","held_out"
"Neu4","training"
"Gjb2","held_out"
"Hddc2","training"
"Fam120b","held_out"
"Nek10","training"
"Agk","held_out"
"Psmf1","training"
"Slc41a2","held_out"
"Adgrg1","training"
"Gbx1","held_out"
"Arntl2","training"
"Ywhae","held_out"
"Rbfox3","training"
"Tomm70a","held_out"
"Gm20642","training"
"Wfs1","held_out"
"Cpped1","training"
"Ass1","held_out"
"Sox17","training"
"Lyz2","held_out"
"Rnf38","training"
"Cd4","held_out"
"Popdc3","training"
"Siglech","held_out"
"Suco","training"
"Gm30504","held_out"
"Zar1l","training"
"Mpeg1","held_out"
"Chst9","training"
"Msmo1","held_out"
"Grk3","training"
"Pdyn","held_out"
"Slc45a4","training"
"Slc7a10","held_out"
"Pcolce2","training"
"Slc35b1","held_out"
"Usp11","training"
"Clnk","held_out"
"Zdhhc17","training"
"Clspn","held_out"
"Klhdc10","training"
"Msrb2","held_out"
"Rhbdl1","training"
"Slitrk4","held_out"
"Hypk","training"
"Ptprb","held_out"
"Pdgfc","training"
"Minar1","held_out"
"Zfhx2os","training"
"Schip1","held_out"
"Gm42984","training"
"Nrcam","held_out"
"Fam13a","training"
"Nexmif","held_out"
"Abcc4","training"
"Meaf6","held_out"
"Bend4","training"
"Cd274","held_out"
"Dnajb9","training"
"Usp45","held_out"
"Tnfaip3","training"
"Ppp6r3","held_out"
"Lrfn5","training"
"Btg1","held_out"
"Tmem215","training"
"Gm4924","held_out"
"Sertad4","training"
"Trafd1","held_out"
"Nt5e","training"
"Igsf10","held_out"
"Enpep","training"
"Gm32200","held_out"
"Gm42303","training"
"Abcb1a","held_out"
"Gpnmb","training"
"Spc24","held_out"
"Sp9","training"
"Ripor2","held_out"
"Arpp19","training"
"Gm6999","held_out"
"Vps13a","training"
"Nr2c2","held_out"
"Htr3a","training"
"Edrf1","held_out"
"Ptger3","training"
"Scn4b","held_out"
"Faap100","training"
"Gm12963","held_out"
"A830019P07Rik","training"
"Gpr83","held_out"
"Shroom2","training"
"Haghl","held_out"
"Mbtps1","training"
"Tmtc4","held_out"
"Zfp956","training"
"Crip1","held_out"
"Dach2","training"
"Gtf2a1l","held_out"
"Vgll3","training"
"Ythdc2","held_out"
"Gm17167","training"
"Gm15261","held_out"
"Aldh1a2","training"
"Cep170","held_out"
"Ssbp2","training"
"Kcns3","held_out"
"Col4a6","training"
"Pwwp2b","held_out"
"Nectin3","training"
"Efl1","held_out"
"Eif2b3","training"
"Jagn1","held_out"
"Hmgn2","training"
"Slc7a3","held_out"
"Cacna1h","training"
"Dchs2","held_out"
"Slc2a5","training"
"Gnptab","held_out"
"Ikzf2","training"
"Usp29","held_out"
"Crhr1","training"
"Gpld1","held_out"
"Cbln1","training"
"4930420G21Rik","held_out"
"AW011738","training"
"Des","held_out"
"Etnppl","training"
"Gm43066","held_out"
"Tslp","training"
"Gm20275","held_out"
"Lrrc36","training"
"9330158H04Rik","held_out"
"Fgd6","training"
"Arhgef37","held_out"
"Phlpp2","training"
"Scn2a","held_out"
"Bst2","training"
"Lef1","held_out"
"Eml6","training"
"Fbxo21","held_out"
"Clec18a","training"
"6330403K07Rik","held_out"
"Gm49797","training"
"Atxn3","held_out"
"L3mbtl4","training"
"Jade1","held_out"
"Itgb6","training"
"Tusc2","held_out"
"Tshz2","training"
"1500026H17Rik","held_out"
"Slc10a4","training"
"Hsd17b12","held_out"
"Tlnrd1","training"
"Gm2629","held_out"
"Nampt","training"
"Pth1r","held_out"
"Meis3","training"
"Chordc1","held_out"
"Lix1","training"
"Slc22a17","held_out"
"Ccn4","training"
"Gm28050","held_out"
"Hdac9","training"
"Asic2","held_out"
"Egfl6","training"
"Synrg","held_out"
"Znrf1","training"
"Matr3","held_out"
"Zfp811","training"
"Stard3nl","held_out"
"Cnnm4","training"
"Celf4","held_out"
"Gm26691","training"
"Igf2","held_out"
"Rab11fip3","training"
"Acvr2a","held_out"
"Ubash3b","training"
"Ccdc162","held_out"
"Ptar1","training"
"Rhoq","held_out"
"Arhgap21","training"
"Orc5","held_out"
"Slc25a28","training"
"Zfp618","held_out"
"Lama1","training"
"Htr1a","held_out"
"Plk5","training"
"Camk2b","held_out"
"Calca","training"
"Pcgf5","held_out"
"Gas5","training"
"Prdm12","held_out"
"C79798","training"
"Amz1","held_out"
"Top2a","training"
"B130024G19Rik","held_out"
"Dguok","training"
"D830030K20Rik","held_out"
"Tmem255b","training"
"Ano2","held_out"
"Col3a1","training"
"Cage1","held_out"
"Ptpn5","training"
"Vps18","held_out"
"Sp8","training"
"Slc6a7","held_out"
"Gm17276","training"
"Snhg14","held_out"
"Foxj3","training"
"Tmem87a","held_out"
"Gm12216","training"
"Dnah11","held_out"
"Eva1c","training"
"Atf5","held_out"
"Gfra1","training"
"Slc4a10","held_out"
"Slc5a7","training"
"Paqr6","held_out"
"6530402F18Rik","training"
"D7Ertd443e","held_out"
"5330429C05Rik","training"
"Ocrl","held_out"
"Bex2","training"
"Hectd2","held_out"
"Ddit4l","training"
"Hif1a","held_out"
"Cyp51","training"
"Gm5820","held_out"
"Tlcd1","training"
"Ccdc85a","held_out"
"Zfp831","training"
"Fgfbp3","held_out"
"Igfbp6","training"
"Kdsr","held_out"
"Slc35b4","training"
"Cox14","held_out"
"Zmym4","training"
"Gm4258","held_out"
"Sumo1","training"
"Trpc6","held_out"
"Lockd","training"
"Atg9b","held_out"
"Cldn11","training"
"Zfp275","held_out"
"Mblac2","training"
"Zfp518b","held_out"
"Disp3","training"
"Pbx4","held_out"
"She","training"
"Ctnna2","held_out"
"Ptpn14","training"
"Ikzf4","held_out"
"Gadd45g","training"
"Ankrd26","held_out"
"Xpnpep1","training"
"Atp2c1","held_out"
"Ms4a7","training"
"Pqbp1","held_out"
"Selenoo","training"
"Slc16a11","held_out"
"Lhx1os","training"
"Abl2","held_out"
"Pthlh","training"
"Gm49164","held_out"
"Gm46123","training"
"C730002L08Rik","held_out"
"Dbx2","training"
"Adcy2","held_out"
"Ednrb","training"
"Slc38a4","held_out"
"Wnt7b","training"
"Epb41l4a","held_out"
"Adamtsl1","training"
"Sgpp2","held_out"
"Atp2a3","training"
"4930488L21Rik","held_out"
"Ago2","training"
"4930452B06Rik","held_out"
"Etnk1","training"
"Rab26os","held_out"
"Robo4","training"
"Gm13986","held_out"
"Cacnb2","training"
"Pmpcb","held_out"
"Edn3","training"
"A330076H08Rik","held_out"
"Atp6ap2","training"
"Ankrd17","held_out"
"Spata13","training"
"Zfp423","held_out"
"Ccdc180","training"
"Arhgap28","held_out"
"Dot1l","training"
"Syt3","held_out"
"Miga1","training"
"Pdzrn4","held_out"
"9530036O11Rik","training"
"Gabbr2","held_out"
"Cd276","training"
"Ttc28","held_out"
"Gpsm1","training"
"1500009L16Rik","held_out"
"Pou3f1","training"
"Dio3","held_out"
"C430049B03Rik","training"
"Vash1","held_out"
"Six3","training"
"Enah","held_out"
"4930587E11Rik","training"
"Mboat1","held_out"
"Fnbp1l","training"
"Hcrtr2","held_out"
"Epb41l4b","training"
"Ptgfrn","held_out"
"Zfp507","training"
"Impg1","held_out"
"Aagab","training"
"Kdm5b","held_out"
"Naa50","training"
"Purg","held_out"
"Susd1","training"
"Kantr","held_out"
"Ldah","training"
"Scara5","held_out"
"Vti1b","training"
"Vmn1r209","held_out"
"Ncor1","training"
"Gm47728","held_out"
"Rtn4ip1","training"
"Aldh9a1","held_out"
"Adgrl3","training"
"Arhgef25","held_out"
"Spint1","training"
"Dnajc24","held_out"
"Rc3h2","training"
"Egflam","held_out"
"Papolg","training"
"Fzd1","held_out"
"Chodl","training"
"Slc35a4","held_out"
"Ppp1r13b","training"
"Adamts2","held_out"
"A230072C01Rik","training"
"Lamb3","held_out"
"Gria2","training"
"Grm5","held_out"
"Gm48957","training"
"Heatr6","held_out"
"Mvk","training"
"Tmem200c","held_out"
"Xkr4","training"
"Gm10649","held_out"
"Alcam","training"
"Id1","held_out"
"Gjb6","training"
"Gdpd2","held_out"
"Bean1","training"
"Kcnc1","held_out"
"Ddx24","training"
"Vps33b","held_out"
"Laptm4b","training"
"Usp24","held_out"
"Podxl","training"
"Dhrs13","held_out"
"C230072F16Rik","training"
"Gramd3","held_out"
"Cacng5","training"
"Plxna2","held_out"
"Ano5","training"
"Srrm2","held_out"
"Galr1","training"
"Fam110b","held_out"
"Ptprm","training"
"Olfr558","held_out"
"G6pc3","training"
"Lhx6","held_out"
"Lias","training"
"Gm45716","held_out"
"Dpp10","training"
"Plxdc1","held_out"
"3830408C21Rik","training"
"Aldh1l2","held_out"
"2610037D02Rik","training"
"Bmp7","held_out"
"Npy","training"
"Acyp2","held_out"
"Gm20208","training"
"Krt77","held_out"
"Sltm","training"
"Ajap1","held_out"
"Bcl9","training"
"Micu1","held_out"
"Akap1","training"
"Mkks","held_out"
"Ccdc80","training"
"Gm15270","held_out"
"Map9","training"
"Lrrc7","held_out"
"Ppil3","training"
"Pnoc","held_out"
"Bex3","training"
"Cplx3","held_out"
"Snhg5","training"
"Gpr156","held_out"
"Pappa","training"
"Zbtb25","held_out"
"Usp51","training"
"Rab27a","held_out"
"Lhx2","training"
"Prickle2","held_out"
"Zfp366","training"
"Zfp711","held_out"
"Vwc2","training"
"Frem1","held_out"
"Arhgap24","training"
"Armh3","held_out"
"Ckmt1","training"
"Gpd1","held_out"
"2410018L13Rik","training"
"Tpm2","held_out"
"Trpm3","training"
"Lratd1","held_out"
"F13a1","training"
"Hnmt","held_out"
"Cdkn1b","training"
"Plpp1","held_out"
"Ptpdc1","training"
"Pdss2","held_out"
"Lrrtm4","training"
"Dync1i1","held_out"
"Nrg3","training"
"Mcm3ap","held_out"
"Foxp4","training"
"Erlin1","held_out"
"Pcmt1","training"
"Haus8","held_out"
"Prox1","training"
"Gm4951","held_out"
"Fam57b","training"
"Sst","held_out"
"Agt","training"
"Trhr","held_out"
"Gtf3c5","training"
"Gfm1","held_out"
"Faim2","training"
"Ntf3","held_out"
"Sergef","training"
"Klf4","held_out"
"Selenom","training"
"Onecut2","held_out"
"Usp7","training"
"Jpt1","held_out"
"Cmpk2","training"
"Gm12743","held_out"
"Ankrd12","training"
"Begain","held_out"
"Phlda3","training"
"Ccdc88c","held_out"
"Foxp1","training"
"Slc37a1","held_out"
"Mov10","training"
"Cntnap5b","held_out"
"Ppfia2","training"
"Lsamp","held_out"
"Actn2","training"
"Tank","held_out"
"Nptx1","training"
"Thsd7a","held_out"
"Pcbd1","training"
"Grik4","held_out"
"1700047M11Rik","training"
"A930029G22Rik","held_out"
"Sox11","training"
"Myom1","held_out"
"Zfp983","training"
"C030005K06Rik","held_out"
"Grip1os2","training"
"Tbc1d8","held_out"
"Zc3h8","training"
"Igfbpl1","held_out"
"Ccdc134","training"
"Map3k1","held_out"
"Rdh14","training"
"Fbxo11","held_out"
"Fam83b","training"
"Meg3","held_out"
"Pnmal1","training"
"Grm8","held_out"
"Peli1","training"
"Hspa13","held_out"
"Gnl3l","training"
"Ccnc","held_out"
"Nkx2-2os","training"
"Pcsk1","held_out"
"Hnrnpd","training"
"Gpr160","held_out"
"Mecom","training"
"Gm26901","held_out"
"Trerf1","training"
"Pou6f2","held_out"
"Map3k7cl","training"
"Ubl3","held_out"
"Plppr1","training"
"BC035947","held_out"
"Ptpmt1","training"
"Prss36","held_out"
"Msra","training"
"Draxin","held_out"
"Gm26512","training"
"Gm32618","held_out"
"Eif2b4","training"
"Casp3","held_out"
"Fcho1","training"
"Lancl3","held_out"
"Col23a1","training"
"Pura","held_out"
"Trmt9b","training"
"Fam222a","held_out"
"Sntg2","training"
"Polg2","held_out"
"Nasp","training"
"St18","held_out"
"D030055H07Rik","training"
"Crh","held_out"
"Gpr155","training"
"Ndufaf1","held_out"
"Vps13b","training"
"Pcnx2","held_out"
"1700066M21Rik","training"
"Ubap1l","held_out"
"Slc6a11","training"
"Esr2","held_out"
"Gm48623","training"
"Mettl17","held_out"
"Csrnp2","training"
"Slc9a5","held_out"
"Uhrf1bp1l","training"
"Ccr5","held_out"
"Efemp1","training"
"Pth2r","held_out"
"Dpp4","training"
"Drd5","held_out"
"Gm15723","training"
"Gjb1","held_out"
"Gpr176","training"
"Rnf207","held_out"
"Psg16","training"
"Tardbp","held_out"
"B230217O12Rik","training"
"Ddx50","held_out"
"Rcn1","training"
"1700016P03Rik","held_out"
"1810062O18Rik","training"
"Plekhh1","held_out"
"Nap1l5","training"
"Fhod3","held_out"
"4930483P17Rik","training"
"Adamts15","held_out"
