"sample","age","source","run","index","input_barcodes","qc_loose","qc_primary","strict_mt15","median_umi_before","median_genes_before","median_mt_before","median_umi_after","median_genes_after","median_mt_after"
"E18_1","E18","new_2026","P188","SI-GA-F3",4686,3892,3779,3750,13033.5,3891.5,3.29482657586346,15187,4321,2.99653033329829
"E18_2","E18","new_2026","P189","SI-GA-F4",5026,4172,4018,3879,7963.5,2900.5,4.18931797122435,9709.5,3436,3.86398871376016
"P0_1","P0","new_2026","P165","SI-GA-E6",21750,21742,7784,7659,869,621,5.4726368159204,1350,913,4.39882697947214
"P0_2","P0","new_2026","P165","SI-GA-E9",60941,22553,4888,4731,437,336,6.41399416909621,1386.5,931,5.47326855298054
"P0_3","P0","new_2026","P188","SI-GA-F2",4872,4848,4604,4600,5795.5,2588,1.72315044049748,6096,2701,1.69446439074612
"P10_1","P10","new_2026","P173","SI-GA-E10",40994,39893,33548,20600,1482,949,14.5130959989406,1498,970,13.6740633198893
"P10_2","P10","new_2026","P173","SI-GA-E11",18458,18385,17171,14265,2285,1328,11.6972386163652,2477,1424,11.6402116402116
"P10s1","P10","old_2023",,,7254,7254,6546,6546,2480,1367,0,2671.5,1447.5,0
"P21s1","P21","old_2023",,,3141,3141,2824,2819,4247,1966,0.0560381059120202,4834.5,2176.5,0.0493169659799763
"P21s2","P21","old_2023",,,6309,6309,5443,5437,2665,1389,0.0432463600980251,3173,1594,0.0386548125241593
